5 shards (data-00000-of-00005.arrow 8fb0ae620ddaf83b, data-00001-of-00005.arrow 4a5435bab3710f71, data-00002-of-00005.arrow 2df9a6977971f0a2, data-00003-of-00005.arrow 67cf5c6dbb9e03ab, data-00004-of-00005.arrow 5cda6cd30270bd9c); epochs 20; threads 6
class scales (own block, bonded, non-bonded) from 2000 molecules: [0.2534851655553568, 0.12724846613361318, 0.006810434799983741]
  epoch 1 molecule 500: train loss 0.007377 (0.02 s per molecule)
  epoch 1 molecule 1000: train loss 0.005376 (0.02 s per molecule)
  epoch 1 molecule 1500: train loss 0.004098 (0.02 s per molecule)
  epoch 1 molecule 2000: train loss 0.00343 (0.02 s per molecule)
  epoch 1 molecule 2500: train loss 0.002951 (0.02 s per molecule)
  epoch 1 molecule 3000: train loss 0.002654 (0.02 s per molecule)
  epoch 1 molecule 3500: train loss 0.002379 (0.02 s per molecule)
  epoch 1 molecule 4000: train loss 0.002191 (0.02 s per molecule)
  epoch 1 molecule 4500: train loss 0.002018 (0.02 s per molecule)
  epoch 1 molecule 5000: train loss 0.001883 (0.02 s per molecule)
  epoch 1 molecule 5500: train loss 0.001765 (0.02 s per molecule)
  epoch 1 molecule 6000: train loss 0.001659 (0.02 s per molecule)
  epoch 1 molecule 6500: train loss 0.001572 (0.02 s per molecule)
  epoch 1 molecule 7000: train loss 0.001495 (0.02 s per molecule)
  epoch 1 molecule 7500: train loss 0.001427 (0.02 s per molecule)
  epoch 1 molecule 8000: train loss 0.001366 (0.02 s per molecule)
  epoch 1 molecule 8500: train loss 0.00131 (0.02 s per molecule)
  epoch 1 molecule 9000: train loss 0.00126 (0.02 s per molecule)
  epoch 1 molecule 9500: train loss 0.01017 (0.02 s per molecule)
  epoch 1 molecule 10000: train loss 0.009685 (0.02 s per molecule)
  epoch 1 molecule 10500: train loss 0.009242 (0.02 s per molecule)
  epoch 1 molecule 11000: train loss 0.00884 (0.02 s per molecule)
  epoch 1 molecule 11500: train loss 0.008473 (0.02 s per molecule)
  epoch 1 molecule 12000: train loss 0.008137 (0.02 s per molecule)
  epoch 1 molecule 12500: train loss 0.007828 (0.02 s per molecule)
  epoch 1 molecule 13000: train loss 0.007541 (0.02 s per molecule)
  epoch 1 molecule 13500: train loss 0.007275 (0.02 s per molecule)
  epoch 1 molecule 14000: train loss 0.007027 (0.02 s per molecule)
  epoch 1 molecule 14500: train loss 0.006797 (0.02 s per molecule)
  epoch 1 molecule 15000: train loss 0.006582 (0.02 s per molecule)
  epoch 1 molecule 15500: train loss 0.00638 (0.02 s per molecule)
  epoch 1 molecule 16000: train loss 0.006192 (0.02 s per molecule)
  epoch 1 molecule 16500: train loss 0.006014 (0.02 s per molecule)
  epoch 1 molecule 17000: train loss 0.005846 (0.02 s per molecule)
  epoch 1 molecule 17500: train loss 0.005689 (0.02 s per molecule)
  epoch 1 molecule 18000: train loss 0.005539 (0.02 s per molecule)
  epoch 1 molecule 18500: train loss 0.005398 (0.02 s per molecule)
  epoch 1 molecule 19000: train loss 0.005263 (0.02 s per molecule)
  epoch 1 molecule 19500: train loss 0.005136 (0.02 s per molecule)
  epoch 1 molecule 20000: train loss 0.005015 (0.02 s per molecule)
  epoch 1 molecule 20500: train loss 0.0049 (0.02 s per molecule)
  epoch 1 molecule 21000: train loss 46.11 (0.02 s per molecule)
  epoch 1 molecule 21500: train loss 45.04 (0.02 s per molecule)
  epoch 1 molecule 22000: train loss 44.01 (0.02 s per molecule)
  epoch 1 molecule 22500: train loss 43.04 (0.02 s per molecule)
  epoch 1 molecule 23000: train loss 42.1 (0.02 s per molecule)
  epoch 1 molecule 23500: train loss 41.21 (0.02 s per molecule)
  epoch 1 molecule 24000: train loss 40.35 (0.02 s per molecule)
  epoch 1 molecule 24500: train loss 39.52 (0.02 s per molecule)
  epoch 1 molecule 25000: train loss 38.73 (0.02 s per molecule)
  epoch 1 molecule 25500: train loss 37.97 (0.02 s per molecule)
  epoch 1 molecule 26000: train loss 37.24 (0.02 s per molecule)
  epoch 1 molecule 26500: train loss 36.54 (0.02 s per molecule)
  epoch 1 molecule 27000: train loss 35.86 (0.02 s per molecule)
  epoch 1 molecule 27500: train loss 35.21 (0.02 s per molecule)
  epoch 1 molecule 28000: train loss 34.58 (0.02 s per molecule)
  epoch 1 molecule 28500: train loss 33.98 (0.02 s per molecule)
  epoch 1 molecule 29000: train loss 33.39 (0.02 s per molecule)
  epoch 1 molecule 29500: train loss 32.82 (0.02 s per molecule)
  epoch 1 molecule 30000: train loss 32.28 (0.02 s per molecule)
  epoch 1 molecule 30500: train loss 31.75 (0.02 s per molecule)
  epoch 1 molecule 31000: train loss 31.24 (0.02 s per molecule)
  epoch 1 molecule 31500: train loss 30.74 (0.02 s per molecule)
  epoch 1 molecule 32000: train loss 30.26 (0.02 s per molecule)
  epoch 1 molecule 32500: train loss 29.79 (0.02 s per molecule)
  epoch 1 molecule 33000: train loss 29.34 (0.02 s per molecule)
  epoch 1 molecule 33500: train loss 28.91 (0.02 s per molecule)
  epoch 1 molecule 34000: train loss 28.48 (0.02 s per molecule)
  epoch 1 molecule 34500: train loss 28.07 (0.02 s per molecule)
  epoch 1 molecule 35000: train loss 27.67 (0.02 s per molecule)
  epoch 1 molecule 35500: train loss 27.28 (0.02 s per molecule)
  epoch 1 molecule 36000: train loss 26.9 (0.02 s per molecule)
  epoch 1 molecule 36500: train loss 26.53 (0.02 s per molecule)
  epoch 1 molecule 37000: train loss 26.17 (0.02 s per molecule)
  epoch 1 molecule 37500: train loss 25.82 (0.02 s per molecule)
  epoch 1 molecule 38000: train loss 25.48 (0.02 s per molecule)
  epoch 1 molecule 38500: train loss 25.15 (0.02 s per molecule)
  epoch 1 molecule 39000: train loss 24.83 (0.02 s per molecule)
  epoch 1 molecule 39500: train loss 24.51 (0.02 s per molecule)
  epoch 1 molecule 40000: train loss 24.21 (0.02 s per molecule)
  epoch 1 molecule 40500: train loss 23.91 (0.02 s per molecule)
epoch 1/20: train 23.73 val 0.0005523 on 40812 / 833 molecules, 706 s; checkpoint out\rungC_pretrained_mean_long_2026-10-01.pt
  epoch 2 molecule 500: train loss 0.0002097 (0.02 s per molecule)
  epoch 2 molecule 1000: train loss 0.0002147 (0.02 s per molecule)
  epoch 2 molecule 1500: train loss 0.0002179 (0.02 s per molecule)
  epoch 2 molecule 2000: train loss 0.0002163 (0.02 s per molecule)
  epoch 2 molecule 2500: train loss 0.0002152 (0.02 s per molecule)
  epoch 2 molecule 3000: train loss 0.0002142 (0.02 s per molecule)
  epoch 2 molecule 3500: train loss 0.0002131 (0.02 s per molecule)
  epoch 2 molecule 4000: train loss 0.0002127 (0.02 s per molecule)
  epoch 2 molecule 4500: train loss 0.0002119 (0.02 s per molecule)
  epoch 2 molecule 5000: train loss 0.0002115 (0.02 s per molecule)
  epoch 2 molecule 5500: train loss 0.0002111 (0.02 s per molecule)
  epoch 2 molecule 6000: train loss 0.0002101 (0.02 s per molecule)
  epoch 2 molecule 6500: train loss 0.0002096 (0.02 s per molecule)
  epoch 2 molecule 7000: train loss 0.0002097 (0.02 s per molecule)
  epoch 2 molecule 7500: train loss 0.000214 (0.02 s per molecule)
  epoch 2 molecule 8000: train loss 0.0002134 (0.02 s per molecule)
  epoch 2 molecule 8500: train loss 0.0002125 (0.02 s per molecule)
  epoch 2 molecule 9000: train loss 0.0002117 (0.02 s per molecule)
  epoch 2 molecule 9500: train loss 0.0002199 (0.02 s per molecule)
  epoch 2 molecule 10000: train loss 0.0002192 (0.02 s per molecule)
  epoch 2 molecule 10500: train loss 0.0002184 (0.02 s per molecule)
  epoch 2 molecule 11000: train loss 0.0002176 (0.02 s per molecule)
  epoch 2 molecule 11500: train loss 0.0002166 (0.02 s per molecule)
  epoch 2 molecule 12000: train loss 0.0002166 (0.02 s per molecule)
  epoch 2 molecule 12500: train loss 0.0002157 (0.02 s per molecule)
  epoch 2 molecule 13000: train loss 0.0002151 (0.02 s per molecule)
  epoch 2 molecule 13500: train loss 0.0002153 (0.02 s per molecule)
  epoch 2 molecule 14000: train loss 0.0002144 (0.02 s per molecule)
  epoch 2 molecule 14500: train loss 0.0002137 (0.02 s per molecule)
  epoch 2 molecule 15000: train loss 0.0002132 (0.02 s per molecule)
  epoch 2 molecule 15500: train loss 0.0002129 (0.02 s per molecule)
  epoch 2 molecule 16000: train loss 0.0002125 (0.02 s per molecule)
  epoch 2 molecule 16500: train loss 0.0002119 (0.02 s per molecule)
  epoch 2 molecule 17000: train loss 0.0002116 (0.02 s per molecule)
  epoch 2 molecule 17500: train loss 0.0002113 (0.02 s per molecule)
  epoch 2 molecule 18000: train loss 0.0002109 (0.02 s per molecule)
  epoch 2 molecule 18500: train loss 0.0002105 (0.02 s per molecule)
  epoch 2 molecule 19000: train loss 0.00021 (0.02 s per molecule)
  epoch 2 molecule 19500: train loss 0.0002099 (0.02 s per molecule)
  epoch 2 molecule 20000: train loss 0.0002095 (0.02 s per molecule)
  epoch 2 molecule 20500: train loss 0.0002092 (0.02 s per molecule)
  epoch 2 molecule 21000: train loss 0.0002171 (0.02 s per molecule)
  epoch 2 molecule 21500: train loss 0.0002179 (0.02 s per molecule)
  epoch 2 molecule 22000: train loss 0.0002173 (0.02 s per molecule)
  epoch 2 molecule 22500: train loss 0.0002167 (0.02 s per molecule)
  epoch 2 molecule 23000: train loss 0.000216 (0.02 s per molecule)
  epoch 2 molecule 23500: train loss 0.0002154 (0.02 s per molecule)
  epoch 2 molecule 24000: train loss 0.0002149 (0.02 s per molecule)
  epoch 2 molecule 24500: train loss 0.0002143 (0.02 s per molecule)
  epoch 2 molecule 25000: train loss 0.0002137 (0.02 s per molecule)
  epoch 2 molecule 25500: train loss 0.0002132 (0.02 s per molecule)
  epoch 2 molecule 26000: train loss 0.0002128 (0.02 s per molecule)
  epoch 2 molecule 26500: train loss 0.0002123 (0.02 s per molecule)
  epoch 2 molecule 27000: train loss 0.0002119 (0.02 s per molecule)
  epoch 2 molecule 27500: train loss 0.0002116 (0.02 s per molecule)
  epoch 2 molecule 28000: train loss 0.0002112 (0.02 s per molecule)
  epoch 2 molecule 28500: train loss 0.0002109 (0.02 s per molecule)
  epoch 2 molecule 29000: train loss 0.0002105 (0.02 s per molecule)
  epoch 2 molecule 29500: train loss 0.0002101 (0.02 s per molecule)
  epoch 2 molecule 30000: train loss 0.0002099 (0.02 s per molecule)
  epoch 2 molecule 30500: train loss 0.0002095 (0.02 s per molecule)
  epoch 2 molecule 31000: train loss 0.0002093 (0.02 s per molecule)
  epoch 2 molecule 31500: train loss 0.000209 (0.02 s per molecule)
  epoch 2 molecule 32000: train loss 0.0002087 (0.02 s per molecule)
  epoch 2 molecule 32500: train loss 0.0002085 (0.02 s per molecule)
  epoch 2 molecule 33000: train loss 0.0002082 (0.02 s per molecule)
  epoch 2 molecule 33500: train loss 0.000208 (0.02 s per molecule)
  epoch 2 molecule 34000: train loss 0.0002077 (0.02 s per molecule)
  epoch 2 molecule 34500: train loss 0.0002075 (0.02 s per molecule)
  epoch 2 molecule 35000: train loss 0.0002073 (0.02 s per molecule)
  epoch 2 molecule 35500: train loss 0.000207 (0.02 s per molecule)
  epoch 2 molecule 36000: train loss 0.0002067 (0.02 s per molecule)
  epoch 2 molecule 36500: train loss 0.0002065 (0.02 s per molecule)
  epoch 2 molecule 37000: train loss 0.0002063 (0.02 s per molecule)
  epoch 2 molecule 37500: train loss 0.0002062 (0.02 s per molecule)
  epoch 2 molecule 38000: train loss 0.0002058 (0.02 s per molecule)
  epoch 2 molecule 38500: train loss 0.0002055 (0.02 s per molecule)
  epoch 2 molecule 39000: train loss 0.0002053 (0.02 s per molecule)
  epoch 2 molecule 39500: train loss 0.0002051 (0.02 s per molecule)
  epoch 2 molecule 40000: train loss 0.0002048 (0.02 s per molecule)
  epoch 2 molecule 40500: train loss 0.0002047 (0.02 s per molecule)
epoch 2/20: train 0.0002046 val 0.000197 on 40812 / 833 molecules, 681 s; checkpoint out\rungC_pretrained_mean_long_2026-10-01.pt
  epoch 3 molecule 500: train loss 0.0001846 (0.02 s per molecule)
  epoch 3 molecule 1000: train loss 0.0001859 (0.02 s per molecule)
  epoch 3 molecule 1500: train loss 0.0001874 (0.02 s per molecule)
  epoch 3 molecule 2000: train loss 0.0001868 (0.02 s per molecule)
  epoch 3 molecule 2500: train loss 0.0001866 (0.02 s per molecule)
  epoch 3 molecule 3000: train loss 0.0001864 (0.02 s per molecule)
  epoch 3 molecule 3500: train loss 0.0001855 (0.02 s per molecule)
  epoch 3 molecule 4000: train loss 0.0001862 (0.02 s per molecule)
  epoch 3 molecule 4500: train loss 0.0001852 (0.02 s per molecule)
  epoch 3 molecule 5000: train loss 0.0001858 (0.02 s per molecule)
  epoch 3 molecule 5500: train loss 0.0001854 (0.02 s per molecule)
  epoch 3 molecule 6000: train loss 0.0001847 (0.02 s per molecule)
  epoch 3 molecule 6500: train loss 0.0001844 (0.02 s per molecule)
  epoch 3 molecule 7000: train loss 0.0001843 (0.02 s per molecule)
  epoch 3 molecule 7500: train loss 0.0001896 (0.02 s per molecule)
  epoch 3 molecule 8000: train loss 0.0001894 (0.02 s per molecule)
  epoch 3 molecule 8500: train loss 0.0001887 (0.02 s per molecule)
  epoch 3 molecule 9000: train loss 0.0001882 (0.02 s per molecule)
  epoch 3 molecule 9500: train loss 0.0002008 (0.02 s per molecule)
  epoch 3 molecule 10000: train loss 0.0002003 (0.02 s per molecule)
  epoch 3 molecule 10500: train loss 0.0001995 (0.02 s per molecule)
  epoch 3 molecule 11000: train loss 0.0001987 (0.02 s per molecule)
  epoch 3 molecule 11500: train loss 0.0001979 (0.02 s per molecule)
  epoch 3 molecule 12000: train loss 0.0001974 (0.02 s per molecule)
  epoch 3 molecule 12500: train loss 0.0001966 (0.02 s per molecule)
  epoch 3 molecule 13000: train loss 0.0001961 (0.02 s per molecule)
  epoch 3 molecule 13500: train loss 0.0001955 (0.02 s per molecule)
  epoch 3 molecule 14000: train loss 0.0001948 (0.02 s per molecule)
  epoch 3 molecule 14500: train loss 0.0001944 (0.02 s per molecule)
  epoch 3 molecule 15000: train loss 0.0001938 (0.02 s per molecule)
  epoch 3 molecule 15500: train loss 0.0001934 (0.02 s per molecule)
  epoch 3 molecule 16000: train loss 0.0001929 (0.02 s per molecule)
  epoch 3 molecule 16500: train loss 0.0001924 (0.02 s per molecule)
  epoch 3 molecule 17000: train loss 0.0001921 (0.02 s per molecule)
  epoch 3 molecule 17500: train loss 0.0001918 (0.02 s per molecule)
  epoch 3 molecule 18000: train loss 0.0001915 (0.02 s per molecule)
  epoch 3 molecule 18500: train loss 0.0001912 (0.02 s per molecule)
  epoch 3 molecule 19000: train loss 0.0001908 (0.02 s per molecule)
  epoch 3 molecule 19500: train loss 0.0001906 (0.02 s per molecule)
  epoch 3 molecule 20000: train loss 0.0001904 (0.02 s per molecule)
  epoch 3 molecule 20500: train loss 0.0001902 (0.02 s per molecule)
  epoch 3 molecule 21000: train loss 0.0007644 (0.02 s per molecule)
  epoch 3 molecule 21500: train loss 0.0007511 (0.02 s per molecule)
  epoch 3 molecule 22000: train loss 0.0007381 (0.02 s per molecule)
  epoch 3 molecule 22500: train loss 0.0007255 (0.02 s per molecule)
  epoch 3 molecule 23000: train loss 0.0007135 (0.02 s per molecule)
  epoch 3 molecule 23500: train loss 0.0007021 (0.02 s per molecule)
  epoch 3 molecule 24000: train loss 0.0006911 (0.02 s per molecule)
  epoch 3 molecule 24500: train loss 0.0006805 (0.02 s per molecule)
  epoch 3 molecule 25000: train loss 0.0006704 (0.02 s per molecule)
  epoch 3 molecule 25500: train loss 0.0006607 (0.02 s per molecule)
  epoch 3 molecule 26000: train loss 0.0006514 (0.02 s per molecule)
  epoch 3 molecule 26500: train loss 0.0006424 (0.02 s per molecule)
  epoch 3 molecule 27000: train loss 0.0006337 (0.02 s per molecule)
  epoch 3 molecule 27500: train loss 0.0006255 (0.02 s per molecule)
  epoch 3 molecule 28000: train loss 0.0006175 (0.02 s per molecule)
  epoch 3 molecule 28500: train loss 0.0006098 (0.02 s per molecule)
  epoch 3 molecule 29000: train loss 0.0006023 (0.02 s per molecule)
  epoch 3 molecule 29500: train loss 0.0005951 (0.02 s per molecule)
  epoch 3 molecule 30000: train loss 0.0005882 (0.02 s per molecule)
  epoch 3 molecule 30500: train loss 0.0005815 (0.02 s per molecule)
  epoch 3 molecule 31000: train loss 0.000575 (0.02 s per molecule)
  epoch 3 molecule 31500: train loss 0.0005687 (0.02 s per molecule)
  epoch 3 molecule 32000: train loss 0.0005626 (0.02 s per molecule)
  epoch 3 molecule 32500: train loss 0.0005567 (0.02 s per molecule)
  epoch 3 molecule 33000: train loss 0.000551 (0.02 s per molecule)
  epoch 3 molecule 33500: train loss 0.0005455 (0.02 s per molecule)
  epoch 3 molecule 34000: train loss 0.0005401 (0.02 s per molecule)
  epoch 3 molecule 34500: train loss 0.0005349 (0.02 s per molecule)
  epoch 3 molecule 35000: train loss 0.0005298 (0.02 s per molecule)
  epoch 3 molecule 35500: train loss 0.0005248 (0.02 s per molecule)
  epoch 3 molecule 36000: train loss 0.00052 (0.02 s per molecule)
  epoch 3 molecule 36500: train loss 0.0005154 (0.02 s per molecule)
  epoch 3 molecule 37000: train loss 0.0005108 (0.02 s per molecule)
  epoch 3 molecule 37500: train loss 0.0005065 (0.02 s per molecule)
  epoch 3 molecule 38000: train loss 0.000502 (0.02 s per molecule)
  epoch 3 molecule 38500: train loss 0.0004978 (0.02 s per molecule)
  epoch 3 molecule 39000: train loss 0.0004937 (0.02 s per molecule)
  epoch 3 molecule 39500: train loss 0.0004897 (0.02 s per molecule)
  epoch 3 molecule 40000: train loss 0.0004857 (0.02 s per molecule)
  epoch 3 molecule 40500: train loss 0.000482 (0.02 s per molecule)
epoch 3/20: train 0.0004796 val 0.0001801 on 40812 / 833 molecules, 857 s; checkpoint out\rungC_pretrained_mean_long_2026-10-01.pt
  epoch 4 molecule 500: train loss 0.0001745 (0.02 s per molecule)
  epoch 4 molecule 1000: train loss 0.0001741 (0.02 s per molecule)
  epoch 4 molecule 1500: train loss 0.0001774 (0.02 s per molecule)
  epoch 4 molecule 2000: train loss 0.0001769 (0.02 s per molecule)
  epoch 4 molecule 2500: train loss 0.0001764 (0.02 s per molecule)
  epoch 4 molecule 3000: train loss 0.0001764 (0.02 s per molecule)
  epoch 4 molecule 3500: train loss 0.0001756 (0.02 s per molecule)
  epoch 4 molecule 4000: train loss 0.0001758 (0.02 s per molecule)
  epoch 4 molecule 4500: train loss 0.0001753 (0.02 s per molecule)
  epoch 4 molecule 5000: train loss 0.0001756 (0.02 s per molecule)
  epoch 4 molecule 5500: train loss 0.0001754 (0.02 s per molecule)
  epoch 4 molecule 6000: train loss 0.000175 (0.02 s per molecule)
  epoch 4 molecule 6500: train loss 0.0001748 (0.02 s per molecule)
  epoch 4 molecule 7000: train loss 0.0001746 (0.02 s per molecule)
  epoch 4 molecule 7500: train loss 0.0001778 (0.02 s per molecule)
  epoch 4 molecule 8000: train loss 0.0001776 (0.02 s per molecule)
  epoch 4 molecule 8500: train loss 0.0001774 (0.02 s per molecule)
  epoch 4 molecule 9000: train loss 0.000177 (0.02 s per molecule)
  epoch 4 molecule 9500: train loss 0.000183 (0.02 s per molecule)
  epoch 4 molecule 10000: train loss 0.0001827 (0.02 s per molecule)
  epoch 4 molecule 10500: train loss 0.0001822 (0.02 s per molecule)
  epoch 4 molecule 11000: train loss 0.0001818 (0.02 s per molecule)
  epoch 4 molecule 11500: train loss 0.0001814 (0.02 s per molecule)
  epoch 4 molecule 12000: train loss 0.0001813 (0.02 s per molecule)
  epoch 4 molecule 12500: train loss 0.0001807 (0.02 s per molecule)
  epoch 4 molecule 13000: train loss 0.0001805 (0.02 s per molecule)
  epoch 4 molecule 13500: train loss 0.0001807 (0.02 s per molecule)
  epoch 4 molecule 14000: train loss 0.0001801 (0.02 s per molecule)
  epoch 4 molecule 14500: train loss 0.0001798 (0.02 s per molecule)
  epoch 4 molecule 15000: train loss 0.0001795 (0.02 s per molecule)
  epoch 4 molecule 15500: train loss 0.0001798 (0.02 s per molecule)
  epoch 4 molecule 16000: train loss 0.0001795 (0.02 s per molecule)
  epoch 4 molecule 16500: train loss 0.000179 (0.02 s per molecule)
  epoch 4 molecule 17000: train loss 0.0001788 (0.02 s per molecule)
  epoch 4 molecule 17500: train loss 0.0001787 (0.02 s per molecule)
  epoch 4 molecule 18000: train loss 0.0001785 (0.02 s per molecule)
  epoch 4 molecule 18500: train loss 0.0001784 (0.02 s per molecule)
  epoch 4 molecule 19000: train loss 0.0001782 (0.02 s per molecule)
  epoch 4 molecule 19500: train loss 0.0001781 (0.02 s per molecule)
  epoch 4 molecule 20000: train loss 0.0001779 (0.02 s per molecule)
  epoch 4 molecule 20500: train loss 0.0001779 (0.02 s per molecule)
  epoch 4 molecule 21000: train loss 0.0001865 (0.02 s per molecule)
  epoch 4 molecule 21500: train loss 0.0001868 (0.02 s per molecule)
  epoch 4 molecule 22000: train loss 0.0001864 (0.02 s per molecule)
  epoch 4 molecule 22500: train loss 0.000186 (0.02 s per molecule)
  epoch 4 molecule 23000: train loss 0.0001856 (0.02 s per molecule)
  epoch 4 molecule 23500: train loss 0.0001852 (0.02 s per molecule)
  epoch 4 molecule 24000: train loss 0.0001851 (0.03 s per molecule)
  epoch 4 molecule 24500: train loss 0.0001848 (0.03 s per molecule)
  epoch 4 molecule 25000: train loss 0.0001845 (0.03 s per molecule)
  epoch 4 molecule 25500: train loss 0.0001841 (0.03 s per molecule)
  epoch 4 molecule 26000: train loss 0.0001838 (0.03 s per molecule)
  epoch 4 molecule 26500: train loss 0.0001834 (0.03 s per molecule)
  epoch 4 molecule 27000: train loss 0.0001831 (0.03 s per molecule)
  epoch 4 molecule 27500: train loss 0.0001829 (0.03 s per molecule)
  epoch 4 molecule 28000: train loss 0.0001826 (0.03 s per molecule)
  epoch 4 molecule 28500: train loss 0.0001825 (0.03 s per molecule)
  epoch 4 molecule 29000: train loss 0.0001822 (0.03 s per molecule)
  epoch 4 molecule 29500: train loss 0.000182 (0.03 s per molecule)
  epoch 4 molecule 30000: train loss 0.0001818 (0.03 s per molecule)
  epoch 4 molecule 30500: train loss 0.0001816 (0.03 s per molecule)
  epoch 4 molecule 31000: train loss 0.0001814 (0.03 s per molecule)
  epoch 4 molecule 31500: train loss 0.0001814 (0.03 s per molecule)
  epoch 4 molecule 32000: train loss 0.0001811 (0.03 s per molecule)
  epoch 4 molecule 32500: train loss 0.000181 (0.03 s per molecule)
  epoch 4 molecule 33000: train loss 0.0001808 (0.03 s per molecule)
  epoch 4 molecule 33500: train loss 0.0001808 (0.03 s per molecule)
  epoch 4 molecule 34000: train loss 0.0001806 (0.03 s per molecule)
  epoch 4 molecule 34500: train loss 0.0001805 (0.03 s per molecule)
  epoch 4 molecule 35000: train loss 0.0001804 (0.03 s per molecule)
  epoch 4 molecule 35500: train loss 0.0001802 (0.03 s per molecule)
  epoch 4 molecule 36000: train loss 0.0001801 (0.03 s per molecule)
  epoch 4 molecule 36500: train loss 0.00018 (0.03 s per molecule)
  epoch 4 molecule 37000: train loss 0.0001799 (0.03 s per molecule)
  epoch 4 molecule 37500: train loss 0.0001798 (0.03 s per molecule)
  epoch 4 molecule 38000: train loss 0.0001796 (0.03 s per molecule)
  epoch 4 molecule 38500: train loss 0.0001795 (0.03 s per molecule)
  epoch 4 molecule 39000: train loss 0.0001794 (0.03 s per molecule)
  epoch 4 molecule 39500: train loss 0.0001793 (0.03 s per molecule)
  epoch 4 molecule 40000: train loss 0.0001792 (0.03 s per molecule)
  epoch 4 molecule 40500: train loss 0.0001792 (0.03 s per molecule)
epoch 4/20: train 0.000179 val 0.0001726 on 40812 / 833 molecules, 1244 s; checkpoint out\rungC_pretrained_mean_long_2026-10-01.pt
  epoch 5 molecule 500: train loss 0.0001676 (0.05 s per molecule)
  epoch 5 molecule 1000: train loss 0.0001676 (0.05 s per molecule)
  epoch 5 molecule 1500: train loss 0.0001719 (0.05 s per molecule)
  epoch 5 molecule 2000: train loss 0.0001706 (0.05 s per molecule)
  epoch 5 molecule 2500: train loss 0.0001699 (0.05 s per molecule)
  epoch 5 molecule 3000: train loss 0.0001701 (0.05 s per molecule)
  epoch 5 molecule 3500: train loss 0.0001693 (0.05 s per molecule)
  epoch 5 molecule 4000: train loss 0.0001695 (0.05 s per molecule)
  epoch 5 molecule 4500: train loss 0.0001692 (0.05 s per molecule)
  epoch 5 molecule 5000: train loss 0.0001693 (0.05 s per molecule)
  epoch 5 molecule 5500: train loss 0.0001692 (0.05 s per molecule)
  epoch 5 molecule 6000: train loss 0.0001687 (0.05 s per molecule)
  epoch 5 molecule 6500: train loss 0.0001687 (0.05 s per molecule)
  epoch 5 molecule 7000: train loss 0.0001685 (0.05 s per molecule)
  epoch 5 molecule 7500: train loss 0.000171 (0.05 s per molecule)
  epoch 5 molecule 8000: train loss 0.0001708 (0.05 s per molecule)
  epoch 5 molecule 8500: train loss 0.0001705 (0.05 s per molecule)
  epoch 5 molecule 9000: train loss 0.0001701 (0.05 s per molecule)
  epoch 5 molecule 9500: train loss 0.0001737 (0.05 s per molecule)
  epoch 5 molecule 10000: train loss 0.0001735 (0.06 s per molecule)
  epoch 5 molecule 10500: train loss 0.0001731 (0.06 s per molecule)
  epoch 5 molecule 11000: train loss 0.0001728 (0.06 s per molecule)
  epoch 5 molecule 11500: train loss 0.0001725 (0.06 s per molecule)
  epoch 5 molecule 12000: train loss 0.0001726 (0.06 s per molecule)
  epoch 5 molecule 12500: train loss 0.0001722 (0.06 s per molecule)
  epoch 5 molecule 13000: train loss 0.0001721 (0.06 s per molecule)
  epoch 5 molecule 13500: train loss 0.0001721 (0.06 s per molecule)
  epoch 5 molecule 14000: train loss 0.0001718 (0.06 s per molecule)
  epoch 5 molecule 14500: train loss 0.0001716 (0.06 s per molecule)
  epoch 5 molecule 15000: train loss 0.0001714 (0.05 s per molecule)
  epoch 5 molecule 15500: train loss 0.0001714 (0.05 s per molecule)
  epoch 5 molecule 16000: train loss 0.0001712 (0.06 s per molecule)
  epoch 5 molecule 16500: train loss 0.0001709 (0.06 s per molecule)
  epoch 5 molecule 17000: train loss 0.0001709 (0.06 s per molecule)
  epoch 5 molecule 17500: train loss 0.0001708 (0.06 s per molecule)
  epoch 5 molecule 18000: train loss 0.0001707 (0.06 s per molecule)
  epoch 5 molecule 18500: train loss 0.0001707 (0.06 s per molecule)
  epoch 5 molecule 19000: train loss 0.0001706 (0.06 s per molecule)
  epoch 5 molecule 19500: train loss 0.0001706 (0.06 s per molecule)
  epoch 5 molecule 20000: train loss 0.0001704 (0.06 s per molecule)
  epoch 5 molecule 20500: train loss 0.0001704 (0.06 s per molecule)
  epoch 5 molecule 21000: train loss 0.0001726 (0.06 s per molecule)
  epoch 5 molecule 21500: train loss 0.000173 (0.06 s per molecule)
  epoch 5 molecule 22000: train loss 0.0001728 (0.05 s per molecule)
  epoch 5 molecule 22500: train loss 0.0001726 (0.05 s per molecule)
  epoch 5 molecule 23000: train loss 0.0001723 (0.05 s per molecule)
  epoch 5 molecule 23500: train loss 0.0001721 (0.05 s per molecule)
  epoch 5 molecule 24000: train loss 0.0001721 (0.05 s per molecule)
  epoch 5 molecule 24500: train loss 0.0001718 (0.05 s per molecule)
  epoch 5 molecule 25000: train loss 0.0001717 (0.05 s per molecule)
  epoch 5 molecule 25500: train loss 0.0001714 (0.05 s per molecule)
  epoch 5 molecule 26000: train loss 0.0001713 (0.05 s per molecule)
  epoch 5 molecule 26500: train loss 0.0001712 (0.05 s per molecule)
  epoch 5 molecule 27000: train loss 0.000171 (0.05 s per molecule)
  epoch 5 molecule 27500: train loss 0.000171 (0.05 s per molecule)
  epoch 5 molecule 28000: train loss 0.0001708 (0.05 s per molecule)
  epoch 5 molecule 28500: train loss 0.0001708 (0.05 s per molecule)
  epoch 5 molecule 29000: train loss 0.0001707 (0.05 s per molecule)
  epoch 5 molecule 29500: train loss 0.0001706 (0.05 s per molecule)
  epoch 5 molecule 30000: train loss 0.0001706 (0.05 s per molecule)
  epoch 5 molecule 30500: train loss 0.0001705 (0.05 s per molecule)
  epoch 5 molecule 31000: train loss 0.0001704 (0.05 s per molecule)
  epoch 5 molecule 31500: train loss 0.0001705 (0.05 s per molecule)
  epoch 5 molecule 32000: train loss 0.0001703 (0.05 s per molecule)
  epoch 5 molecule 32500: train loss 0.0001703 (0.05 s per molecule)
  epoch 5 molecule 33000: train loss 0.0001702 (0.05 s per molecule)
  epoch 5 molecule 33500: train loss 0.0001701 (0.05 s per molecule)
  epoch 5 molecule 34000: train loss 0.0001701 (0.05 s per molecule)
  epoch 5 molecule 34500: train loss 0.00017 (0.05 s per molecule)
  epoch 5 molecule 35000: train loss 0.00017 (0.05 s per molecule)
  epoch 5 molecule 35500: train loss 0.0001699 (0.05 s per molecule)
  epoch 5 molecule 36000: train loss 0.0001699 (0.05 s per molecule)
  epoch 5 molecule 36500: train loss 0.0001698 (0.05 s per molecule)
  epoch 5 molecule 37000: train loss 0.0001698 (0.05 s per molecule)
  epoch 5 molecule 37500: train loss 0.0001698 (0.05 s per molecule)
  epoch 5 molecule 38000: train loss 0.0001697 (0.05 s per molecule)
  epoch 5 molecule 38500: train loss 0.0001696 (0.05 s per molecule)
  epoch 5 molecule 39000: train loss 0.0001695 (0.05 s per molecule)
  epoch 5 molecule 39500: train loss 0.0001695 (0.05 s per molecule)
  epoch 5 molecule 40000: train loss 0.0001695 (0.05 s per molecule)
  epoch 5 molecule 40500: train loss 0.0001695 (0.05 s per molecule)
epoch 5/20: train 0.0001694 val 0.0001671 on 40812 / 833 molecules, 2115 s; checkpoint out\rungC_pretrained_mean_long_2026-10-01.pt
  epoch 6 molecule 500: train loss 0.000166 (0.06 s per molecule)
  epoch 6 molecule 1000: train loss 0.0001647 (0.06 s per molecule)
  epoch 6 molecule 1500: train loss 0.0001663 (0.06 s per molecule)
  epoch 6 molecule 2000: train loss 0.000165 (0.06 s per molecule)
  epoch 6 molecule 2500: train loss 0.0001653 (0.06 s per molecule)
  epoch 6 molecule 3000: train loss 0.0001654 (0.06 s per molecule)
  epoch 6 molecule 3500: train loss 0.0001647 (0.06 s per molecule)
  epoch 6 molecule 4000: train loss 0.000165 (0.06 s per molecule)
  epoch 6 molecule 4500: train loss 0.0001646 (0.06 s per molecule)
  epoch 6 molecule 5000: train loss 0.0001647 (0.06 s per molecule)
  epoch 6 molecule 5500: train loss 0.0001646 (0.06 s per molecule)
  epoch 6 molecule 6000: train loss 0.000164 (0.06 s per molecule)
  epoch 6 molecule 6500: train loss 0.0001639 (0.06 s per molecule)
  epoch 6 molecule 7000: train loss 0.0001639 (0.06 s per molecule)
  epoch 6 molecule 7500: train loss 0.000167 (0.06 s per molecule)
  epoch 6 molecule 8000: train loss 0.0001668 (0.06 s per molecule)
  epoch 6 molecule 8500: train loss 0.0001665 (0.06 s per molecule)
  epoch 6 molecule 9000: train loss 0.0001661 (0.06 s per molecule)
  epoch 6 molecule 9500: train loss 0.0001705 (0.06 s per molecule)
  epoch 6 molecule 10000: train loss 0.0001704 (0.06 s per molecule)
  epoch 6 molecule 10500: train loss 0.00017 (0.06 s per molecule)
  epoch 6 molecule 11000: train loss 0.0001696 (0.06 s per molecule)
  epoch 6 molecule 11500: train loss 0.0001692 (0.06 s per molecule)
  epoch 6 molecule 12000: train loss 0.0001693 (0.06 s per molecule)
  epoch 6 molecule 12500: train loss 0.0001688 (0.06 s per molecule)
  epoch 6 molecule 13000: train loss 0.0001687 (0.06 s per molecule)
  epoch 6 molecule 13500: train loss 0.0001687 (0.06 s per molecule)
  epoch 6 molecule 14000: train loss 0.0001683 (0.06 s per molecule)
  epoch 6 molecule 14500: train loss 0.0001681 (0.06 s per molecule)
  epoch 6 molecule 15000: train loss 0.0001679 (0.06 s per molecule)
  epoch 6 molecule 15500: train loss 0.0001681 (0.06 s per molecule)
  epoch 6 molecule 16000: train loss 0.0001679 (0.06 s per molecule)
  epoch 6 molecule 16500: train loss 0.0001675 (0.06 s per molecule)
  epoch 6 molecule 17000: train loss 0.0001674 (0.06 s per molecule)
  epoch 6 molecule 17500: train loss 0.0001673 (0.06 s per molecule)
  epoch 6 molecule 18000: train loss 0.0001672 (0.06 s per molecule)
  epoch 6 molecule 18500: train loss 0.0001672 (0.06 s per molecule)
  epoch 6 molecule 19000: train loss 0.000167 (0.06 s per molecule)
  epoch 6 molecule 19500: train loss 0.000167 (0.06 s per molecule)
  epoch 6 molecule 20000: train loss 0.0001669 (0.06 s per molecule)
  epoch 6 molecule 20500: train loss 0.0001668 (0.06 s per molecule)
  epoch 6 molecule 21000: train loss 0.0001685 (0.06 s per molecule)
  epoch 6 molecule 21500: train loss 0.0001689 (0.06 s per molecule)
  epoch 6 molecule 22000: train loss 0.0001687 (0.06 s per molecule)
  epoch 6 molecule 22500: train loss 0.0001684 (0.06 s per molecule)
  epoch 6 molecule 23000: train loss 0.0001682 (0.06 s per molecule)
  epoch 6 molecule 23500: train loss 0.000168 (0.06 s per molecule)
  epoch 6 molecule 24000: train loss 0.0001678 (0.06 s per molecule)
  epoch 6 molecule 24500: train loss 0.0001676 (0.06 s per molecule)
  epoch 6 molecule 25000: train loss 0.0001674 (0.06 s per molecule)
  epoch 6 molecule 25500: train loss 0.0001672 (0.06 s per molecule)
  epoch 6 molecule 26000: train loss 0.0001671 (0.06 s per molecule)
  epoch 6 molecule 26500: train loss 0.0001669 (0.06 s per molecule)
  epoch 6 molecule 27000: train loss 0.0001667 (0.06 s per molecule)
  epoch 6 molecule 27500: train loss 0.0001667 (0.06 s per molecule)
  epoch 6 molecule 28000: train loss 0.0001665 (0.06 s per molecule)
  epoch 6 molecule 28500: train loss 0.0001665 (0.06 s per molecule)
  epoch 6 molecule 29000: train loss 0.0001664 (0.06 s per molecule)
  epoch 6 molecule 29500: train loss 0.0001663 (0.06 s per molecule)
  epoch 6 molecule 30000: train loss 0.0001662 (0.06 s per molecule)
  epoch 6 molecule 30500: train loss 0.0001661 (0.06 s per molecule)
  epoch 6 molecule 31000: train loss 0.0001661 (0.06 s per molecule)
  epoch 6 molecule 31500: train loss 0.0001661 (0.06 s per molecule)
  epoch 6 molecule 32000: train loss 0.000166 (0.06 s per molecule)
  epoch 6 molecule 32500: train loss 0.000166 (0.06 s per molecule)
  epoch 6 molecule 33000: train loss 0.0001659 (0.06 s per molecule)
  epoch 6 molecule 33500: train loss 0.0001658 (0.06 s per molecule)
  epoch 6 molecule 34000: train loss 0.0001657 (0.06 s per molecule)
  epoch 6 molecule 34500: train loss 0.0001657 (0.06 s per molecule)
  epoch 6 molecule 35000: train loss 0.0001657 (0.06 s per molecule)
  epoch 6 molecule 35500: train loss 0.0001655 (0.06 s per molecule)
  epoch 6 molecule 36000: train loss 0.0001655 (0.06 s per molecule)
  epoch 6 molecule 36500: train loss 0.0001655 (0.06 s per molecule)
  epoch 6 molecule 37000: train loss 0.0001654 (0.06 s per molecule)
  epoch 6 molecule 37500: train loss 0.0001654 (0.06 s per molecule)
  epoch 6 molecule 38000: train loss 0.0001653 (0.06 s per molecule)
  epoch 6 molecule 38500: train loss 0.0001653 (0.06 s per molecule)
  epoch 6 molecule 39000: train loss 0.0001652 (0.06 s per molecule)
  epoch 6 molecule 39500: train loss 0.0001652 (0.06 s per molecule)
  epoch 6 molecule 40000: train loss 0.0001652 (0.06 s per molecule)
  epoch 6 molecule 40500: train loss 0.0001652 (0.06 s per molecule)
epoch 6/20: train 0.0001651 val 0.0001623 on 40812 / 833 molecules, 2301 s; checkpoint out\rungC_pretrained_mean_long_2026-10-01.pt
  epoch 7 molecule 500: train loss 0.0001587 (0.05 s per molecule)
  epoch 7 molecule 1000: train loss 0.0001599 (0.05 s per molecule)
  epoch 7 molecule 1500: train loss 0.0001607 (0.05 s per molecule)
  epoch 7 molecule 2000: train loss 0.0001603 (0.05 s per molecule)
  epoch 7 molecule 2500: train loss 0.0001608 (0.05 s per molecule)
  epoch 7 molecule 3000: train loss 0.000161 (0.05 s per molecule)
  epoch 7 molecule 3500: train loss 0.0001604 (0.05 s per molecule)
  epoch 7 molecule 4000: train loss 0.0001607 (0.05 s per molecule)
  epoch 7 molecule 4500: train loss 0.0001603 (0.05 s per molecule)
  epoch 7 molecule 5000: train loss 0.0001605 (0.05 s per molecule)
  epoch 7 molecule 5500: train loss 0.0001605 (0.06 s per molecule)
  epoch 7 molecule 6000: train loss 0.00016 (0.06 s per molecule)
  epoch 7 molecule 6500: train loss 0.00016 (0.06 s per molecule)
  epoch 7 molecule 7000: train loss 0.00016 (0.06 s per molecule)
  epoch 7 molecule 7500: train loss 0.0001618 (0.06 s per molecule)
  epoch 7 molecule 8000: train loss 0.0001617 (0.06 s per molecule)
  epoch 7 molecule 8500: train loss 0.0001616 (0.06 s per molecule)
  epoch 7 molecule 9000: train loss 0.0001613 (0.06 s per molecule)
  epoch 7 molecule 9500: train loss 0.0001662 (0.06 s per molecule)
  epoch 7 molecule 10000: train loss 0.000166 (0.06 s per molecule)
  epoch 7 molecule 10500: train loss 0.0001656 (0.06 s per molecule)
  epoch 7 molecule 11000: train loss 0.0001653 (0.06 s per molecule)
  epoch 7 molecule 11500: train loss 0.0001648 (0.06 s per molecule)
  epoch 7 molecule 12000: train loss 0.0001649 (0.06 s per molecule)
  epoch 7 molecule 12500: train loss 0.0001644 (0.06 s per molecule)
  epoch 7 molecule 13000: train loss 0.0001642 (0.06 s per molecule)
  epoch 7 molecule 13500: train loss 0.000164 (0.06 s per molecule)
  epoch 7 molecule 14000: train loss 0.0001637 (0.06 s per molecule)
  epoch 7 molecule 14500: train loss 0.0001634 (0.06 s per molecule)
  epoch 7 molecule 15000: train loss 0.0001632 (0.06 s per molecule)
  epoch 7 molecule 15500: train loss 0.0001632 (0.06 s per molecule)
  epoch 7 molecule 16000: train loss 0.000163 (0.06 s per molecule)
  epoch 7 molecule 16500: train loss 0.0001627 (0.06 s per molecule)
  epoch 7 molecule 17000: train loss 0.0001626 (0.06 s per molecule)
  epoch 7 molecule 17500: train loss 0.0001624 (0.06 s per molecule)
  epoch 7 molecule 18000: train loss 0.0001623 (0.06 s per molecule)
  epoch 7 molecule 18500: train loss 0.0001623 (0.06 s per molecule)
  epoch 7 molecule 19000: train loss 0.0001622 (0.05 s per molecule)
  epoch 7 molecule 19500: train loss 0.0001622 (0.05 s per molecule)
  epoch 7 molecule 20000: train loss 0.0001621 (0.05 s per molecule)
  epoch 7 molecule 20500: train loss 0.000162 (0.05 s per molecule)
  epoch 7 molecule 21000: train loss 0.0002669 (0.05 s per molecule)
  epoch 7 molecule 21500: train loss 0.0002646 (0.05 s per molecule)
  epoch 7 molecule 22000: train loss 0.0002621 (0.05 s per molecule)
  epoch 7 molecule 22500: train loss 0.0002597 (0.05 s per molecule)
  epoch 7 molecule 23000: train loss 0.0002574 (0.05 s per molecule)
  epoch 7 molecule 23500: train loss 0.0002553 (0.05 s per molecule)
  epoch 7 molecule 24000: train loss 0.0002532 (0.05 s per molecule)
  epoch 7 molecule 24500: train loss 0.0002512 (0.05 s per molecule)
  epoch 7 molecule 25000: train loss 0.0002493 (0.05 s per molecule)
  epoch 7 molecule 25500: train loss 0.0002474 (0.05 s per molecule)
  epoch 7 molecule 26000: train loss 0.0002456 (0.05 s per molecule)
  epoch 7 molecule 26500: train loss 0.0002439 (0.05 s per molecule)
  epoch 7 molecule 27000: train loss 0.0002422 (0.05 s per molecule)
  epoch 7 molecule 27500: train loss 0.0002407 (0.05 s per molecule)
  epoch 7 molecule 28000: train loss 0.0002391 (0.05 s per molecule)
  epoch 7 molecule 28500: train loss 0.0002377 (0.05 s per molecule)
  epoch 7 molecule 29000: train loss 0.0002363 (0.05 s per molecule)
  epoch 7 molecule 29500: train loss 0.000235 (0.05 s per molecule)
  epoch 7 molecule 30000: train loss 0.0002337 (0.05 s per molecule)
  epoch 7 molecule 30500: train loss 0.0002324 (0.05 s per molecule)
  epoch 7 molecule 31000: train loss 0.0002313 (0.05 s per molecule)
  epoch 7 molecule 31500: train loss 0.0002302 (0.04 s per molecule)
  epoch 7 molecule 32000: train loss 0.000229 (0.04 s per molecule)
  epoch 7 molecule 32500: train loss 0.0002279 (0.04 s per molecule)
  epoch 7 molecule 33000: train loss 0.0002269 (0.04 s per molecule)
  epoch 7 molecule 33500: train loss 0.0002258 (0.04 s per molecule)
  epoch 7 molecule 34000: train loss 0.0002248 (0.04 s per molecule)
  epoch 7 molecule 34500: train loss 0.0002239 (0.04 s per molecule)
  epoch 7 molecule 35000: train loss 0.0002229 (0.04 s per molecule)
  epoch 7 molecule 35500: train loss 0.000222 (0.04 s per molecule)
  epoch 7 molecule 36000: train loss 0.0002211 (0.04 s per molecule)
  epoch 7 molecule 36500: train loss 0.0002202 (0.04 s per molecule)
  epoch 7 molecule 37000: train loss 0.0002194 (0.04 s per molecule)
  epoch 7 molecule 37500: train loss 0.0002187 (0.04 s per molecule)
  epoch 7 molecule 38000: train loss 0.0002178 (0.04 s per molecule)
  epoch 7 molecule 38500: train loss 0.0002171 (0.04 s per molecule)
  epoch 7 molecule 39000: train loss 0.0002163 (0.04 s per molecule)
  epoch 7 molecule 39500: train loss 0.0002156 (0.04 s per molecule)
  epoch 7 molecule 40000: train loss 0.0002149 (0.04 s per molecule)
  epoch 7 molecule 40500: train loss 0.0002142 (0.04 s per molecule)
epoch 7/20: train 0.0002138 val 0.0001578 on 40812 / 833 molecules, 1631 s; checkpoint out\rungC_pretrained_mean_long_2026-10-01.pt
  epoch 8 molecule 500: train loss 0.0001563 (0.02 s per molecule)
  epoch 8 molecule 1000: train loss 0.0001584 (0.04 s per molecule)
  epoch 8 molecule 1500: train loss 0.0001587 (0.05 s per molecule)
  epoch 8 molecule 2000: train loss 0.0001581 (0.05 s per molecule)
  epoch 8 molecule 2500: train loss 0.0001582 (0.06 s per molecule)
  epoch 8 molecule 3000: train loss 0.0001583 (0.05 s per molecule)
  epoch 8 molecule 3500: train loss 0.0001576 (0.04 s per molecule)
  epoch 8 molecule 4000: train loss 0.0001579 (0.04 s per molecule)
  epoch 8 molecule 4500: train loss 0.0001574 (0.04 s per molecule)
  epoch 8 molecule 5000: train loss 0.0001576 (0.04 s per molecule)
  epoch 8 molecule 5500: train loss 0.0001576 (0.04 s per molecule)
  epoch 8 molecule 6000: train loss 0.0001572 (0.04 s per molecule)
  epoch 8 molecule 6500: train loss 0.0001571 (0.04 s per molecule)
  epoch 8 molecule 7000: train loss 0.0001572 (0.04 s per molecule)
  epoch 8 molecule 7500: train loss 0.0001617 (0.03 s per molecule)
  epoch 8 molecule 8000: train loss 0.0001615 (0.03 s per molecule)
  epoch 8 molecule 8500: train loss 0.0001611 (0.03 s per molecule)
  epoch 8 molecule 9000: train loss 0.0001607 (0.03 s per molecule)
  epoch 8 molecule 9500: train loss 0.0001646 (0.03 s per molecule)
  epoch 8 molecule 10000: train loss 0.0001644 (0.03 s per molecule)
  epoch 8 molecule 10500: train loss 0.000164 (0.03 s per molecule)
  epoch 8 molecule 11000: train loss 0.0001636 (0.03 s per molecule)
  epoch 8 molecule 11500: train loss 0.0001632 (0.03 s per molecule)
  epoch 8 molecule 12000: train loss 0.0001631 (0.03 s per molecule)
  epoch 8 molecule 12500: train loss 0.0001627 (0.03 s per molecule)
  epoch 8 molecule 13000: train loss 0.0001627 (0.03 s per molecule)
  epoch 8 molecule 13500: train loss 0.0001626 (0.03 s per molecule)
  epoch 8 molecule 14000: train loss 0.0001622 (0.03 s per molecule)
  epoch 8 molecule 14500: train loss 0.000162 (0.03 s per molecule)
  epoch 8 molecule 15000: train loss 0.0001618 (0.03 s per molecule)
  epoch 8 molecule 15500: train loss 0.0001617 (0.03 s per molecule)
  epoch 8 molecule 16000: train loss 0.0001616 (0.03 s per molecule)
  epoch 8 molecule 16500: train loss 0.0001613 (0.03 s per molecule)
  epoch 8 molecule 17000: train loss 0.0001612 (0.03 s per molecule)
  epoch 8 molecule 17500: train loss 0.0001611 (0.03 s per molecule)
  epoch 8 molecule 18000: train loss 0.000161 (0.03 s per molecule)
  epoch 8 molecule 18500: train loss 0.0001609 (0.03 s per molecule)
  epoch 8 molecule 19000: train loss 0.0001608 (0.03 s per molecule)
  epoch 8 molecule 19500: train loss 0.0001608 (0.03 s per molecule)
  epoch 8 molecule 20000: train loss 0.0001607 (0.03 s per molecule)
  epoch 8 molecule 20500: train loss 0.0001606 (0.02 s per molecule)
  epoch 8 molecule 21000: train loss 0.0004431 (0.02 s per molecule)
  epoch 8 molecule 21500: train loss 0.0004366 (0.02 s per molecule)
  epoch 8 molecule 22000: train loss 0.0004302 (0.02 s per molecule)
  epoch 8 molecule 22500: train loss 0.000424 (0.02 s per molecule)
  epoch 8 molecule 23000: train loss 0.000418 (0.02 s per molecule)
  epoch 8 molecule 23500: train loss 0.0004124 (0.02 s per molecule)
  epoch 8 molecule 24000: train loss 0.0004069 (0.02 s per molecule)
  epoch 8 molecule 24500: train loss 0.0004017 (0.02 s per molecule)
  epoch 8 molecule 25000: train loss 0.0003968 (0.02 s per molecule)
  epoch 8 molecule 25500: train loss 0.0003919 (0.02 s per molecule)
  epoch 8 molecule 26000: train loss 0.0003873 (0.02 s per molecule)
  epoch 8 molecule 26500: train loss 0.0003828 (0.02 s per molecule)
  epoch 8 molecule 27000: train loss 0.0003786 (0.02 s per molecule)
  epoch 8 molecule 27500: train loss 0.0003745 (0.02 s per molecule)
  epoch 8 molecule 28000: train loss 0.0003705 (0.02 s per molecule)
  epoch 8 molecule 28500: train loss 0.0003668 (0.02 s per molecule)
  epoch 8 molecule 29000: train loss 0.0003631 (0.02 s per molecule)
  epoch 8 molecule 29500: train loss 0.0003596 (0.02 s per molecule)
  epoch 8 molecule 30000: train loss 0.0003562 (0.02 s per molecule)
  epoch 8 molecule 30500: train loss 0.0003528 (0.02 s per molecule)
  epoch 8 molecule 31000: train loss 0.0003497 (0.02 s per molecule)
  epoch 8 molecule 31500: train loss 0.0003466 (0.02 s per molecule)
  epoch 8 molecule 32000: train loss 0.0003436 (0.02 s per molecule)
  epoch 8 molecule 32500: train loss 0.0003407 (0.02 s per molecule)
  epoch 8 molecule 33000: train loss 0.000338 (0.02 s per molecule)
  epoch 8 molecule 33500: train loss 0.0003352 (0.02 s per molecule)
  epoch 8 molecule 34000: train loss 0.0003325 (0.02 s per molecule)
  epoch 8 molecule 34500: train loss 0.00033 (0.02 s per molecule)
  epoch 8 molecule 35000: train loss 0.0003275 (0.02 s per molecule)
  epoch 8 molecule 35500: train loss 0.000325 (0.02 s per molecule)
  epoch 8 molecule 36000: train loss 0.0003227 (0.02 s per molecule)
  epoch 8 molecule 36500: train loss 0.0003205 (0.02 s per molecule)
  epoch 8 molecule 37000: train loss 0.0003182 (0.02 s per molecule)
  epoch 8 molecule 37500: train loss 0.0003161 (0.02 s per molecule)
  epoch 8 molecule 38000: train loss 0.000314 (0.02 s per molecule)
  epoch 8 molecule 38500: train loss 0.000312 (0.02 s per molecule)
  epoch 8 molecule 39000: train loss 0.0003099 (0.02 s per molecule)
  epoch 8 molecule 39500: train loss 0.000308 (0.02 s per molecule)
  epoch 8 molecule 40000: train loss 0.0003061 (0.02 s per molecule)
  epoch 8 molecule 40500: train loss 0.0003043 (0.02 s per molecule)
epoch 8/20: train 0.0003031 val 0.0001562 on 40812 / 833 molecules, 903 s; checkpoint out\rungC_pretrained_mean_long_2026-10-01.pt
  epoch 9 molecule 500: train loss 0.0001547 (0.02 s per molecule)
  epoch 9 molecule 1000: train loss 0.0001554 (0.02 s per molecule)
  epoch 9 molecule 1500: train loss 0.0001559 (0.02 s per molecule)
  epoch 9 molecule 2000: train loss 0.0001552 (0.02 s per molecule)
  epoch 9 molecule 2500: train loss 0.0001556 (0.02 s per molecule)
  epoch 9 molecule 3000: train loss 0.0001559 (0.02 s per molecule)
  epoch 9 molecule 3500: train loss 0.0001553 (0.02 s per molecule)
  epoch 9 molecule 4000: train loss 0.0001557 (0.02 s per molecule)
  epoch 9 molecule 4500: train loss 0.0001552 (0.02 s per molecule)
  epoch 9 molecule 5000: train loss 0.0001552 (0.02 s per molecule)
  epoch 9 molecule 5500: train loss 0.0001553 (0.02 s per molecule)
  epoch 9 molecule 6000: train loss 0.0001548 (0.02 s per molecule)
  epoch 9 molecule 6500: train loss 0.0001547 (0.02 s per molecule)
  epoch 9 molecule 7000: train loss 0.0001548 (0.02 s per molecule)
  epoch 9 molecule 7500: train loss 0.0001558 (0.02 s per molecule)
  epoch 9 molecule 8000: train loss 0.0001559 (0.02 s per molecule)
  epoch 9 molecule 8500: train loss 0.0001558 (0.02 s per molecule)
  epoch 9 molecule 9000: train loss 0.0001556 (0.02 s per molecule)
  epoch 9 molecule 9500: train loss 0.0001807 (0.02 s per molecule)
  epoch 9 molecule 10000: train loss 0.0001797 (0.02 s per molecule)
  epoch 9 molecule 10500: train loss 0.0001787 (0.02 s per molecule)
  epoch 9 molecule 11000: train loss 0.0001776 (0.02 s per molecule)
  epoch 9 molecule 11500: train loss 0.0001765 (0.02 s per molecule)
  epoch 9 molecule 12000: train loss 0.0001757 (0.02 s per molecule)
  epoch 9 molecule 12500: train loss 0.0001746 (0.02 s per molecule)
  epoch 9 molecule 13000: train loss 0.0001739 (0.02 s per molecule)
  epoch 9 molecule 13500: train loss 0.0001731 (0.02 s per molecule)
  epoch 9 molecule 14000: train loss 0.0001722 (0.02 s per molecule)
  epoch 9 molecule 14500: train loss 0.0001714 (0.02 s per molecule)
  epoch 9 molecule 15000: train loss 0.0001707 (0.02 s per molecule)
  epoch 9 molecule 15500: train loss 0.0001703 (0.02 s per molecule)
  epoch 9 molecule 16000: train loss 0.0001697 (0.02 s per molecule)
  epoch 9 molecule 16500: train loss 0.000169 (0.02 s per molecule)
  epoch 9 molecule 17000: train loss 0.0001685 (0.02 s per molecule)
  epoch 9 molecule 17500: train loss 0.000168 (0.02 s per molecule)
  epoch 9 molecule 18000: train loss 0.0001675 (0.02 s per molecule)
  epoch 9 molecule 18500: train loss 0.0001672 (0.02 s per molecule)
  epoch 9 molecule 19000: train loss 0.0001667 (0.02 s per molecule)
  epoch 9 molecule 19500: train loss 0.0001664 (0.02 s per molecule)
  epoch 9 molecule 20000: train loss 0.0001661 (0.02 s per molecule)
  epoch 9 molecule 20500: train loss 0.0001658 (0.02 s per molecule)
  epoch 9 molecule 21000: train loss 0.0001854 (0.02 s per molecule)
  epoch 9 molecule 21500: train loss 0.0001849 (0.02 s per molecule)
  epoch 9 molecule 22000: train loss 0.0001842 (0.02 s per molecule)
  epoch 9 molecule 22500: train loss 0.0001835 (0.02 s per molecule)
  epoch 9 molecule 23000: train loss 0.0001827 (0.02 s per molecule)
  epoch 9 molecule 23500: train loss 0.0001821 (0.02 s per molecule)
  epoch 9 molecule 24000: train loss 0.0001815 (0.02 s per molecule)
  epoch 9 molecule 24500: train loss 0.0001808 (0.02 s per molecule)
  epoch 9 molecule 25000: train loss 0.0001802 (0.02 s per molecule)
  epoch 9 molecule 25500: train loss 0.0001796 (0.02 s per molecule)
  epoch 9 molecule 26000: train loss 0.0001791 (0.02 s per molecule)
  epoch 9 molecule 26500: train loss 0.0001785 (0.02 s per molecule)
  epoch 9 molecule 27000: train loss 0.000178 (0.02 s per molecule)
  epoch 9 molecule 27500: train loss 0.0001775 (0.02 s per molecule)
  epoch 9 molecule 28000: train loss 0.000177 (0.02 s per molecule)
  epoch 9 molecule 28500: train loss 0.0001766 (0.02 s per molecule)
  epoch 9 molecule 29000: train loss 0.0001762 (0.02 s per molecule)
  epoch 9 molecule 29500: train loss 0.0001758 (0.02 s per molecule)
  epoch 9 molecule 30000: train loss 0.0001754 (0.02 s per molecule)
  epoch 9 molecule 30500: train loss 0.000175 (0.02 s per molecule)
  epoch 9 molecule 31000: train loss 0.0001747 (0.02 s per molecule)
  epoch 9 molecule 31500: train loss 0.0001744 (0.02 s per molecule)
  epoch 9 molecule 32000: train loss 0.000174 (0.02 s per molecule)
  epoch 9 molecule 32500: train loss 0.0001737 (0.02 s per molecule)
  epoch 9 molecule 33000: train loss 0.0001734 (0.02 s per molecule)
  epoch 9 molecule 33500: train loss 0.0001731 (0.02 s per molecule)
  epoch 9 molecule 34000: train loss 0.0001728 (0.02 s per molecule)
  epoch 9 molecule 34500: train loss 0.0001726 (0.02 s per molecule)
  epoch 9 molecule 35000: train loss 0.0001723 (0.02 s per molecule)
  epoch 9 molecule 35500: train loss 0.000172 (0.02 s per molecule)
  epoch 9 molecule 36000: train loss 0.0001718 (0.02 s per molecule)
  epoch 9 molecule 36500: train loss 0.0001715 (0.02 s per molecule)
  epoch 9 molecule 37000: train loss 0.0001713 (0.02 s per molecule)
  epoch 9 molecule 37500: train loss 0.0001712 (0.02 s per molecule)
  epoch 9 molecule 38000: train loss 0.0001709 (0.02 s per molecule)
  epoch 9 molecule 38500: train loss 0.0001707 (0.02 s per molecule)
  epoch 9 molecule 39000: train loss 0.0001704 (0.02 s per molecule)
  epoch 9 molecule 39500: train loss 0.0001703 (0.02 s per molecule)
  epoch 9 molecule 40000: train loss 0.00017 (0.02 s per molecule)
  epoch 9 molecule 40500: train loss 0.0001699 (0.02 s per molecule)
epoch 9/20: train 0.0001698 val 0.0001529 on 40812 / 833 molecules, 866 s; checkpoint out\rungC_pretrained_mean_long_2026-10-01.pt
  epoch 10 molecule 500: train loss 0.0001519 (0.03 s per molecule)
  epoch 10 molecule 1000: train loss 0.0001531 (0.02 s per molecule)
  epoch 10 molecule 1500: train loss 0.000154 (0.02 s per molecule)
  epoch 10 molecule 2000: train loss 0.0001534 (0.02 s per molecule)
  epoch 10 molecule 2500: train loss 0.0001535 (0.02 s per molecule)
  epoch 10 molecule 3000: train loss 0.000154 (0.02 s per molecule)
  epoch 10 molecule 3500: train loss 0.0001534 (0.02 s per molecule)
  epoch 10 molecule 4000: train loss 0.0001538 (0.02 s per molecule)
  epoch 10 molecule 4500: train loss 0.0001532 (0.02 s per molecule)
  epoch 10 molecule 5000: train loss 0.0001533 (0.02 s per molecule)
  epoch 10 molecule 5500: train loss 0.0001534 (0.02 s per molecule)
  epoch 10 molecule 6000: train loss 0.0001529 (0.02 s per molecule)
  epoch 10 molecule 6500: train loss 0.0001528 (0.02 s per molecule)
  epoch 10 molecule 7000: train loss 0.0001528 (0.02 s per molecule)
  epoch 10 molecule 7500: train loss 0.0001556 (0.02 s per molecule)
  epoch 10 molecule 8000: train loss 0.0001555 (0.02 s per molecule)
  epoch 10 molecule 8500: train loss 0.0001553 (0.03 s per molecule)
  epoch 10 molecule 9000: train loss 0.000155 (0.03 s per molecule)
  epoch 10 molecule 9500: train loss 0.000157 (0.03 s per molecule)
  epoch 10 molecule 10000: train loss 0.0001568 (0.03 s per molecule)
  epoch 10 molecule 10500: train loss 0.0001565 (0.03 s per molecule)
  epoch 10 molecule 11000: train loss 0.0001562 (0.03 s per molecule)
  epoch 10 molecule 11500: train loss 0.000156 (0.03 s per molecule)
  epoch 10 molecule 12000: train loss 0.0001562 (0.03 s per molecule)
  epoch 10 molecule 12500: train loss 0.0001559 (0.03 s per molecule)
  epoch 10 molecule 13000: train loss 0.0001559 (0.03 s per molecule)
  epoch 10 molecule 13500: train loss 0.0001559 (0.03 s per molecule)
  epoch 10 molecule 14000: train loss 0.0001557 (0.03 s per molecule)
  epoch 10 molecule 14500: train loss 0.0001556 (0.03 s per molecule)
  epoch 10 molecule 15000: train loss 0.0001555 (0.03 s per molecule)
  epoch 10 molecule 15500: train loss 0.0001555 (0.03 s per molecule)
  epoch 10 molecule 16000: train loss 0.0001553 (0.03 s per molecule)
  epoch 10 molecule 16500: train loss 0.0001552 (0.03 s per molecule)
  epoch 10 molecule 17000: train loss 0.0001551 (0.03 s per molecule)
  epoch 10 molecule 17500: train loss 0.000155 (0.03 s per molecule)
  epoch 10 molecule 18000: train loss 0.0001549 (0.03 s per molecule)
  epoch 10 molecule 18500: train loss 0.0001549 (0.03 s per molecule)
  epoch 10 molecule 19000: train loss 0.0001549 (0.03 s per molecule)
  epoch 10 molecule 19500: train loss 0.0001548 (0.03 s per molecule)
  epoch 10 molecule 20000: train loss 0.0001548 (0.03 s per molecule)
  epoch 10 molecule 20500: train loss 0.0001547 (0.03 s per molecule)
  epoch 10 molecule 21000: train loss 0.0001564 (0.03 s per molecule)
  epoch 10 molecule 21500: train loss 0.0001567 (0.03 s per molecule)
  epoch 10 molecule 22000: train loss 0.0001565 (0.03 s per molecule)
  epoch 10 molecule 22500: train loss 0.0001563 (0.03 s per molecule)
  epoch 10 molecule 23000: train loss 0.0001561 (0.03 s per molecule)
  epoch 10 molecule 23500: train loss 0.0001559 (0.03 s per molecule)
  epoch 10 molecule 24000: train loss 0.0001561 (0.03 s per molecule)
  epoch 10 molecule 24500: train loss 0.0001559 (0.03 s per molecule)
  epoch 10 molecule 25000: train loss 0.0001558 (0.03 s per molecule)
  epoch 10 molecule 25500: train loss 0.0001557 (0.03 s per molecule)
  epoch 10 molecule 26000: train loss 0.0001555 (0.03 s per molecule)
  epoch 10 molecule 26500: train loss 0.0001554 (0.03 s per molecule)
  epoch 10 molecule 27000: train loss 0.0001553 (0.03 s per molecule)
  epoch 10 molecule 27500: train loss 0.0001552 (0.03 s per molecule)
  epoch 10 molecule 28000: train loss 0.0001551 (0.03 s per molecule)
  epoch 10 molecule 28500: train loss 0.0001551 (0.02 s per molecule)
  epoch 10 molecule 29000: train loss 0.000155 (0.02 s per molecule)
  epoch 10 molecule 29500: train loss 0.000155 (0.02 s per molecule)
  epoch 10 molecule 30000: train loss 0.000155 (0.02 s per molecule)
  epoch 10 molecule 30500: train loss 0.0001549 (0.02 s per molecule)
  epoch 10 molecule 31000: train loss 0.0001549 (0.02 s per molecule)
  epoch 10 molecule 31500: train loss 0.0001549 (0.02 s per molecule)
  epoch 10 molecule 32000: train loss 0.0001549 (0.02 s per molecule)
  epoch 10 molecule 32500: train loss 0.0001548 (0.02 s per molecule)
  epoch 10 molecule 33000: train loss 0.0001548 (0.02 s per molecule)
  epoch 10 molecule 33500: train loss 0.0001547 (0.02 s per molecule)
  epoch 10 molecule 34000: train loss 0.0001546 (0.02 s per molecule)
  epoch 10 molecule 34500: train loss 0.0001546 (0.02 s per molecule)
  epoch 10 molecule 35000: train loss 0.0001546 (0.02 s per molecule)
  epoch 10 molecule 35500: train loss 0.0001545 (0.02 s per molecule)
  epoch 10 molecule 36000: train loss 0.0001545 (0.02 s per molecule)
  epoch 10 molecule 36500: train loss 0.0001544 (0.02 s per molecule)
  epoch 10 molecule 37000: train loss 0.0001544 (0.02 s per molecule)
  epoch 10 molecule 37500: train loss 0.0001544 (0.02 s per molecule)
  epoch 10 molecule 38000: train loss 0.0001544 (0.02 s per molecule)
  epoch 10 molecule 38500: train loss 0.0001544 (0.02 s per molecule)
  epoch 10 molecule 39000: train loss 0.0001543 (0.02 s per molecule)
  epoch 10 molecule 39500: train loss 0.0001543 (0.02 s per molecule)
  epoch 10 molecule 40000: train loss 0.0001542 (0.02 s per molecule)
  epoch 10 molecule 40500: train loss 0.0001543 (0.02 s per molecule)
epoch 10/20: train 0.0001542 val 0.0001516 on 40812 / 833 molecules, 877 s; checkpoint out\rungC_pretrained_mean_long_2026-10-01.pt
  epoch 11 molecule 500: train loss 0.0001502 (0.01 s per molecule)
  epoch 11 molecule 1000: train loss 0.0001511 (0.01 s per molecule)
  epoch 11 molecule 1500: train loss 0.0001516 (0.01 s per molecule)
  epoch 11 molecule 2000: train loss 0.0001513 (0.01 s per molecule)
  epoch 11 molecule 2500: train loss 0.0001514 (0.01 s per molecule)
  epoch 11 molecule 3000: train loss 0.0001522 (0.01 s per molecule)
  epoch 11 molecule 3500: train loss 0.0001515 (0.01 s per molecule)
  epoch 11 molecule 4000: train loss 0.0001519 (0.01 s per molecule)
  epoch 11 molecule 4500: train loss 0.0001513 (0.01 s per molecule)
  epoch 11 molecule 5000: train loss 0.0001513 (0.01 s per molecule)
  epoch 11 molecule 5500: train loss 0.0001513 (0.01 s per molecule)
  epoch 11 molecule 6000: train loss 0.0001509 (0.01 s per molecule)
  epoch 11 molecule 6500: train loss 0.0001508 (0.01 s per molecule)
  epoch 11 molecule 7000: train loss 0.0001509 (0.01 s per molecule)
  epoch 11 molecule 7500: train loss 0.0001524 (0.01 s per molecule)
  epoch 11 molecule 8000: train loss 0.0001524 (0.01 s per molecule)
  epoch 11 molecule 8500: train loss 0.0001523 (0.01 s per molecule)
  epoch 11 molecule 9000: train loss 0.0001521 (0.01 s per molecule)
  epoch 11 molecule 9500: train loss 0.000154 (0.01 s per molecule)
  epoch 11 molecule 10000: train loss 0.0001538 (0.01 s per molecule)
  epoch 11 molecule 10500: train loss 0.0001535 (0.01 s per molecule)
  epoch 11 molecule 11000: train loss 0.0001533 (0.01 s per molecule)
  epoch 11 molecule 11500: train loss 0.000153 (0.01 s per molecule)
  epoch 11 molecule 12000: train loss 0.0001531 (0.01 s per molecule)
  epoch 11 molecule 12500: train loss 0.0001528 (0.01 s per molecule)
  epoch 11 molecule 13000: train loss 0.0001529 (0.01 s per molecule)
  epoch 11 molecule 13500: train loss 0.0001529 (0.01 s per molecule)
  epoch 11 molecule 14000: train loss 0.0001527 (0.01 s per molecule)
  epoch 11 molecule 14500: train loss 0.0001526 (0.01 s per molecule)
  epoch 11 molecule 15000: train loss 0.0001525 (0.01 s per molecule)
  epoch 11 molecule 15500: train loss 0.0001525 (0.01 s per molecule)
  epoch 11 molecule 16000: train loss 0.0001524 (0.01 s per molecule)
  epoch 11 molecule 16500: train loss 0.0001523 (0.01 s per molecule)
  epoch 11 molecule 17000: train loss 0.0001522 (0.01 s per molecule)
  epoch 11 molecule 17500: train loss 0.0001522 (0.01 s per molecule)
  epoch 11 molecule 18000: train loss 0.0001521 (0.01 s per molecule)
  epoch 11 molecule 18500: train loss 0.0001521 (0.01 s per molecule)
  epoch 11 molecule 19000: train loss 0.0001521 (0.01 s per molecule)
  epoch 11 molecule 19500: train loss 0.000152 (0.01 s per molecule)
  epoch 11 molecule 20000: train loss 0.000152 (0.01 s per molecule)
  epoch 11 molecule 20500: train loss 0.0001519 (0.01 s per molecule)
  epoch 11 molecule 21000: train loss 0.0003515 (0.01 s per molecule)
  epoch 11 molecule 21500: train loss 0.0003471 (0.01 s per molecule)
  epoch 11 molecule 22000: train loss 0.0003425 (0.01 s per molecule)
  epoch 11 molecule 22500: train loss 0.0003382 (0.01 s per molecule)
  epoch 11 molecule 23000: train loss 0.0003339 (0.01 s per molecule)
  epoch 11 molecule 23500: train loss 0.00033 (0.01 s per molecule)
  epoch 11 molecule 24000: train loss 0.0003263 (0.01 s per molecule)
  epoch 11 molecule 24500: train loss 0.0003226 (0.01 s per molecule)
  epoch 11 molecule 25000: train loss 0.0003191 (0.01 s per molecule)
  epoch 11 molecule 25500: train loss 0.0003157 (0.01 s per molecule)
  epoch 11 molecule 26000: train loss 0.0003124 (0.01 s per molecule)
  epoch 11 molecule 26500: train loss 0.0003093 (0.01 s per molecule)
  epoch 11 molecule 27000: train loss 0.0003062 (0.01 s per molecule)
  epoch 11 molecule 27500: train loss 0.0003034 (0.01 s per molecule)
  epoch 11 molecule 28000: train loss 0.0003006 (0.01 s per molecule)
  epoch 11 molecule 28500: train loss 0.0002979 (0.01 s per molecule)
  epoch 11 molecule 29000: train loss 0.0002953 (0.01 s per molecule)
  epoch 11 molecule 29500: train loss 0.0002929 (0.01 s per molecule)
  epoch 11 molecule 30000: train loss 0.0002905 (0.01 s per molecule)
  epoch 11 molecule 30500: train loss 0.0002881 (0.01 s per molecule)
  epoch 11 molecule 31000: train loss 0.0002859 (0.01 s per molecule)
  epoch 11 molecule 31500: train loss 0.0002838 (0.01 s per molecule)
  epoch 11 molecule 32000: train loss 0.0002817 (0.01 s per molecule)
  epoch 11 molecule 32500: train loss 0.0002796 (0.01 s per molecule)
  epoch 11 molecule 33000: train loss 0.0002776 (0.01 s per molecule)
  epoch 11 molecule 33500: train loss 0.0002757 (0.01 s per molecule)
  epoch 11 molecule 34000: train loss 0.0002738 (0.01 s per molecule)
  epoch 11 molecule 34500: train loss 0.000272 (0.01 s per molecule)
  epoch 11 molecule 35000: train loss 0.0002703 (0.01 s per molecule)
  epoch 11 molecule 35500: train loss 0.0002686 (0.01 s per molecule)
  epoch 11 molecule 36000: train loss 0.0002669 (0.01 s per molecule)
  epoch 11 molecule 36500: train loss 0.0002653 (0.01 s per molecule)
  epoch 11 molecule 37000: train loss 0.0002638 (0.01 s per molecule)
  epoch 11 molecule 37500: train loss 0.0002623 (0.01 s per molecule)
  epoch 11 molecule 38000: train loss 0.0002608 (0.01 s per molecule)
  epoch 11 molecule 38500: train loss 0.0002594 (0.01 s per molecule)
  epoch 11 molecule 39000: train loss 0.0002579 (0.01 s per molecule)
  epoch 11 molecule 39500: train loss 0.0002566 (0.01 s per molecule)
  epoch 11 molecule 40000: train loss 0.0002553 (0.01 s per molecule)
  epoch 11 molecule 40500: train loss 0.000254 (0.01 s per molecule)
epoch 11/20: train 0.0002532 val 0.0001498 on 40812 / 833 molecules, 534 s; checkpoint out\rungC_pretrained_mean_long_2026-10-01.pt
  epoch 12 molecule 500: train loss 0.0001492 (0.01 s per molecule)
  epoch 12 molecule 1000: train loss 0.0001491 (0.01 s per molecule)
  epoch 12 molecule 1500: train loss 0.0001498 (0.01 s per molecule)
  epoch 12 molecule 2000: train loss 0.0001495 (0.01 s per molecule)
  epoch 12 molecule 2500: train loss 0.0001498 (0.01 s per molecule)
  epoch 12 molecule 3000: train loss 0.0001504 (0.01 s per molecule)
  epoch 12 molecule 3500: train loss 0.0001498 (0.01 s per molecule)
  epoch 12 molecule 4000: train loss 0.0001502 (0.01 s per molecule)
  epoch 12 molecule 4500: train loss 0.0001497 (0.01 s per molecule)
  epoch 12 molecule 5000: train loss 0.0001496 (0.01 s per molecule)
  epoch 12 molecule 5500: train loss 0.0001496 (0.01 s per molecule)
  epoch 12 molecule 6000: train loss 0.0001491 (0.01 s per molecule)
  epoch 12 molecule 6500: train loss 0.000149 (0.01 s per molecule)
  epoch 12 molecule 7000: train loss 0.0001491 (0.01 s per molecule)
  epoch 12 molecule 7500: train loss 0.0001508 (0.01 s per molecule)
  epoch 12 molecule 8000: train loss 0.0001507 (0.01 s per molecule)
  epoch 12 molecule 8500: train loss 0.0001506 (0.01 s per molecule)
  epoch 12 molecule 9000: train loss 0.0001505 (0.01 s per molecule)
  epoch 12 molecule 9500: train loss 0.0001556 (0.01 s per molecule)
  epoch 12 molecule 10000: train loss 0.0001553 (0.01 s per molecule)
  epoch 12 molecule 10500: train loss 0.0001549 (0.01 s per molecule)
  epoch 12 molecule 11000: train loss 0.0001546 (0.01 s per molecule)
  epoch 12 molecule 11500: train loss 0.0001541 (0.01 s per molecule)
  epoch 12 molecule 12000: train loss 0.0001547 (0.01 s per molecule)
  epoch 12 molecule 12500: train loss 0.0001542 (0.01 s per molecule)
  epoch 12 molecule 13000: train loss 0.0001541 (0.01 s per molecule)
  epoch 12 molecule 13500: train loss 0.0001539 (0.01 s per molecule)
  epoch 12 molecule 14000: train loss 0.0001536 (0.01 s per molecule)
  epoch 12 molecule 14500: train loss 0.0001534 (0.01 s per molecule)
  epoch 12 molecule 15000: train loss 0.0001532 (0.01 s per molecule)
  epoch 12 molecule 15500: train loss 0.000153 (0.01 s per molecule)
  epoch 12 molecule 16000: train loss 0.0001529 (0.01 s per molecule)
  epoch 12 molecule 16500: train loss 0.0001526 (0.01 s per molecule)
  epoch 12 molecule 17000: train loss 0.0001525 (0.01 s per molecule)
  epoch 12 molecule 17500: train loss 0.0001524 (0.01 s per molecule)
  epoch 12 molecule 18000: train loss 0.0001522 (0.01 s per molecule)
  epoch 12 molecule 18500: train loss 0.0001522 (0.01 s per molecule)
  epoch 12 molecule 19000: train loss 0.0001522 (0.01 s per molecule)
  epoch 12 molecule 19500: train loss 0.0001521 (0.01 s per molecule)
  epoch 12 molecule 20000: train loss 0.000152 (0.01 s per molecule)
  epoch 12 molecule 20500: train loss 0.0001519 (0.01 s per molecule)
  epoch 12 molecule 21000: train loss 0.0001578 (0.01 s per molecule)
  epoch 12 molecule 21500: train loss 0.0001579 (0.01 s per molecule)
  epoch 12 molecule 22000: train loss 0.0001577 (0.01 s per molecule)
  epoch 12 molecule 22500: train loss 0.0001574 (0.01 s per molecule)
  epoch 12 molecule 23000: train loss 0.0001571 (0.01 s per molecule)
  epoch 12 molecule 23500: train loss 0.0001568 (0.01 s per molecule)
  epoch 12 molecule 24000: train loss 0.0001566 (0.01 s per molecule)
  epoch 12 molecule 24500: train loss 0.0001563 (0.01 s per molecule)
  epoch 12 molecule 25000: train loss 0.0001561 (0.01 s per molecule)
  epoch 12 molecule 25500: train loss 0.0001558 (0.01 s per molecule)
  epoch 12 molecule 26000: train loss 0.0001556 (0.01 s per molecule)
  epoch 12 molecule 26500: train loss 0.0001554 (0.01 s per molecule)
  epoch 12 molecule 27000: train loss 0.0001552 (0.01 s per molecule)
  epoch 12 molecule 27500: train loss 0.000155 (0.01 s per molecule)
  epoch 12 molecule 28000: train loss 0.0001548 (0.01 s per molecule)
  epoch 12 molecule 28500: train loss 0.0001547 (0.01 s per molecule)
  epoch 12 molecule 29000: train loss 0.0001546 (0.01 s per molecule)
  epoch 12 molecule 29500: train loss 0.0001545 (0.01 s per molecule)
  epoch 12 molecule 30000: train loss 0.0001544 (0.01 s per molecule)
  epoch 12 molecule 30500: train loss 0.0001543 (0.01 s per molecule)
  epoch 12 molecule 31000: train loss 0.0001542 (0.01 s per molecule)
  epoch 12 molecule 31500: train loss 0.0001542 (0.01 s per molecule)
  epoch 12 molecule 32000: train loss 0.0001541 (0.01 s per molecule)
  epoch 12 molecule 32500: train loss 0.000154 (0.01 s per molecule)
  epoch 12 molecule 33000: train loss 0.0001539 (0.01 s per molecule)
  epoch 12 molecule 33500: train loss 0.0001538 (0.01 s per molecule)
  epoch 12 molecule 34000: train loss 0.0001537 (0.01 s per molecule)
  epoch 12 molecule 34500: train loss 0.0001536 (0.01 s per molecule)
  epoch 12 molecule 35000: train loss 0.0001536 (0.02 s per molecule)
  epoch 12 molecule 35500: train loss 0.0001535 (0.02 s per molecule)
  epoch 12 molecule 36000: train loss 0.0001534 (0.02 s per molecule)
  epoch 12 molecule 36500: train loss 0.0001533 (0.02 s per molecule)
  epoch 12 molecule 37000: train loss 0.0001533 (0.02 s per molecule)
  epoch 12 molecule 37500: train loss 0.0001532 (0.02 s per molecule)
  epoch 12 molecule 38000: train loss 0.0001531 (0.02 s per molecule)
  epoch 12 molecule 38500: train loss 0.0001531 (0.02 s per molecule)
  epoch 12 molecule 39000: train loss 0.000153 (0.02 s per molecule)
  epoch 12 molecule 39500: train loss 0.000153 (0.02 s per molecule)
  epoch 12 molecule 40000: train loss 0.000153 (0.02 s per molecule)
  epoch 12 molecule 40500: train loss 0.0001529 (0.02 s per molecule)
epoch 12/20: train 0.0001529 val 0.0001483 on 40812 / 833 molecules, 655 s; checkpoint out\rungC_pretrained_mean_long_2026-10-01.pt
  epoch 13 molecule 500: train loss 0.0001479 (0.03 s per molecule)
  epoch 13 molecule 1000: train loss 0.0001479 (0.03 s per molecule)
  epoch 13 molecule 1500: train loss 0.0001485 (0.03 s per molecule)
  epoch 13 molecule 2000: train loss 0.0001486 (0.03 s per molecule)
  epoch 13 molecule 2500: train loss 0.0001487 (0.03 s per molecule)
  epoch 13 molecule 3000: train loss 0.0001493 (0.03 s per molecule)
  epoch 13 molecule 3500: train loss 0.0001487 (0.03 s per molecule)
  epoch 13 molecule 4000: train loss 0.0001489 (0.03 s per molecule)
  epoch 13 molecule 4500: train loss 0.0001484 (0.03 s per molecule)
  epoch 13 molecule 5000: train loss 0.0001484 (0.03 s per molecule)
  epoch 13 molecule 5500: train loss 0.0001484 (0.03 s per molecule)
  epoch 13 molecule 6000: train loss 0.0001478 (0.03 s per molecule)
  epoch 13 molecule 6500: train loss 0.0001477 (0.03 s per molecule)
  epoch 13 molecule 7000: train loss 0.0001478 (0.04 s per molecule)
  epoch 13 molecule 7500: train loss 0.0001494 (0.04 s per molecule)
  epoch 13 molecule 8000: train loss 0.0001494 (0.04 s per molecule)
  epoch 13 molecule 8500: train loss 0.0001492 (0.04 s per molecule)
  epoch 13 molecule 9000: train loss 0.0001491 (0.04 s per molecule)
  epoch 13 molecule 9500: train loss 0.0001544 (0.04 s per molecule)
  epoch 13 molecule 10000: train loss 0.0001541 (0.03 s per molecule)
  epoch 13 molecule 10500: train loss 0.0001537 (0.03 s per molecule)
  epoch 13 molecule 11000: train loss 0.0001533 (0.03 s per molecule)
  epoch 13 molecule 11500: train loss 0.0001528 (0.03 s per molecule)
  epoch 13 molecule 12000: train loss 0.0001527 (0.03 s per molecule)
  epoch 13 molecule 12500: train loss 0.0001523 (0.03 s per molecule)
  epoch 13 molecule 13000: train loss 0.0001522 (0.03 s per molecule)
  epoch 13 molecule 13500: train loss 0.0001521 (0.03 s per molecule)
  epoch 13 molecule 14000: train loss 0.0001517 (0.03 s per molecule)
  epoch 13 molecule 14500: train loss 0.0001515 (0.03 s per molecule)
  epoch 13 molecule 15000: train loss 0.0001514 (0.03 s per molecule)
  epoch 13 molecule 15500: train loss 0.0001513 (0.03 s per molecule)
  epoch 13 molecule 16000: train loss 0.0001512 (0.03 s per molecule)
  epoch 13 molecule 16500: train loss 0.000151 (0.03 s per molecule)
  epoch 13 molecule 17000: train loss 0.0001508 (0.03 s per molecule)
  epoch 13 molecule 17500: train loss 0.0001507 (0.03 s per molecule)
  epoch 13 molecule 18000: train loss 0.0001506 (0.03 s per molecule)
  epoch 13 molecule 18500: train loss 0.0001506 (0.03 s per molecule)
  epoch 13 molecule 19000: train loss 0.0001505 (0.03 s per molecule)
  epoch 13 molecule 19500: train loss 0.0001505 (0.03 s per molecule)
  epoch 13 molecule 20000: train loss 0.0001504 (0.03 s per molecule)
  epoch 13 molecule 20500: train loss 0.0001503 (0.03 s per molecule)
  epoch 13 molecule 21000: train loss 0.1284 (0.03 s per molecule)
  epoch 13 molecule 21500: train loss 0.1254 (0.03 s per molecule)
  epoch 13 molecule 22000: train loss 0.1226 (0.03 s per molecule)
  epoch 13 molecule 22500: train loss 0.1198 (0.03 s per molecule)
  epoch 13 molecule 23000: train loss 0.1172 (0.03 s per molecule)
  epoch 13 molecule 23500: train loss 0.1147 (0.03 s per molecule)
  epoch 13 molecule 24000: train loss 0.1123 (0.03 s per molecule)
  epoch 13 molecule 24500: train loss 0.1101 (0.03 s per molecule)
  epoch 13 molecule 25000: train loss 0.1079 (0.03 s per molecule)
  epoch 13 molecule 25500: train loss 0.1057 (0.03 s per molecule)
  epoch 13 molecule 26000: train loss 0.1037 (0.03 s per molecule)
  epoch 13 molecule 26500: train loss 0.1018 (0.03 s per molecule)
  epoch 13 molecule 27000: train loss 0.09988 (0.03 s per molecule)
  epoch 13 molecule 27500: train loss 0.09807 (0.03 s per molecule)
  epoch 13 molecule 28000: train loss 0.09632 (0.03 s per molecule)
  epoch 13 molecule 28500: train loss 0.09463 (0.03 s per molecule)
  epoch 13 molecule 29000: train loss 0.093 (0.03 s per molecule)
  epoch 13 molecule 29500: train loss 0.09143 (0.03 s per molecule)
  epoch 13 molecule 30000: train loss 0.08991 (0.03 s per molecule)
  epoch 13 molecule 30500: train loss 0.08844 (0.03 s per molecule)
  epoch 13 molecule 31000: train loss 0.08701 (0.03 s per molecule)
  epoch 13 molecule 31500: train loss 0.08563 (0.03 s per molecule)
  epoch 13 molecule 32000: train loss 0.0843 (0.02 s per molecule)
  epoch 13 molecule 32500: train loss 0.083 (0.02 s per molecule)
  epoch 13 molecule 33000: train loss 0.08175 (0.02 s per molecule)
  epoch 13 molecule 33500: train loss 0.08053 (0.02 s per molecule)
  epoch 13 molecule 34000: train loss 0.07935 (0.02 s per molecule)
  epoch 13 molecule 34500: train loss 0.0782 (0.02 s per molecule)
  epoch 13 molecule 35000: train loss 0.07709 (0.02 s per molecule)
  epoch 13 molecule 35500: train loss 0.076 (0.02 s per molecule)
  epoch 13 molecule 36000: train loss 0.07495 (0.02 s per molecule)
  epoch 13 molecule 36500: train loss 0.07392 (0.02 s per molecule)
  epoch 13 molecule 37000: train loss 0.07293 (0.02 s per molecule)
  epoch 13 molecule 37500: train loss 0.07196 (0.02 s per molecule)
  epoch 13 molecule 38000: train loss 0.07101 (0.02 s per molecule)
  epoch 13 molecule 38500: train loss 0.07009 (0.02 s per molecule)
  epoch 13 molecule 39000: train loss 0.06919 (0.02 s per molecule)
  epoch 13 molecule 39500: train loss 0.06832 (0.02 s per molecule)
  epoch 13 molecule 40000: train loss 0.06747 (0.02 s per molecule)
  epoch 13 molecule 40500: train loss 0.06664 (0.02 s per molecule)
epoch 13/20: train 0.06613 val 0.000147 on 40812 / 833 molecules, 979 s; checkpoint out\rungC_pretrained_mean_long_2026-10-01.pt
  epoch 14 molecule 500: train loss 0.0001467 (0.02 s per molecule)
  epoch 14 molecule 1000: train loss 0.0001463 (0.02 s per molecule)
  epoch 14 molecule 1500: train loss 0.0001472 (0.02 s per molecule)
  epoch 14 molecule 2000: train loss 0.0001469 (0.02 s per molecule)
  epoch 14 molecule 2500: train loss 0.0001473 (0.02 s per molecule)
  epoch 14 molecule 3000: train loss 0.0001477 (0.02 s per molecule)
  epoch 14 molecule 3500: train loss 0.0001471 (0.02 s per molecule)
  epoch 14 molecule 4000: train loss 0.0001474 (0.02 s per molecule)
  epoch 14 molecule 4500: train loss 0.0001469 (0.02 s per molecule)
  epoch 14 molecule 5000: train loss 0.0001469 (0.02 s per molecule)
  epoch 14 molecule 5500: train loss 0.0001469 (0.02 s per molecule)
  epoch 14 molecule 6000: train loss 0.0001463 (0.02 s per molecule)
  epoch 14 molecule 6500: train loss 0.0001462 (0.02 s per molecule)
  epoch 14 molecule 7000: train loss 0.0001464 (0.02 s per molecule)
  epoch 14 molecule 7500: train loss 0.0001489 (0.02 s per molecule)
  epoch 14 molecule 8000: train loss 0.0001488 (0.02 s per molecule)
  epoch 14 molecule 8500: train loss 0.0001485 (0.02 s per molecule)
  epoch 14 molecule 9000: train loss 0.0001482 (0.02 s per molecule)
  epoch 14 molecule 9500: train loss 0.0001528 (0.02 s per molecule)
  epoch 14 molecule 10000: train loss 0.0001525 (0.02 s per molecule)
  epoch 14 molecule 10500: train loss 0.0001522 (0.02 s per molecule)
  epoch 14 molecule 11000: train loss 0.0001519 (0.02 s per molecule)
  epoch 14 molecule 11500: train loss 0.0001515 (0.02 s per molecule)
  epoch 14 molecule 12000: train loss 0.0001514 (0.02 s per molecule)
  epoch 14 molecule 12500: train loss 0.000151 (0.02 s per molecule)
  epoch 14 molecule 13000: train loss 0.0001509 (0.02 s per molecule)
  epoch 14 molecule 13500: train loss 0.0001506 (0.02 s per molecule)
  epoch 14 molecule 14000: train loss 0.0001503 (0.02 s per molecule)
  epoch 14 molecule 14500: train loss 0.0001501 (0.02 s per molecule)
  epoch 14 molecule 15000: train loss 0.0001499 (0.02 s per molecule)
  epoch 14 molecule 15500: train loss 0.0001499 (0.02 s per molecule)
  epoch 14 molecule 16000: train loss 0.0001497 (0.02 s per molecule)
  epoch 14 molecule 16500: train loss 0.0001495 (0.02 s per molecule)
  epoch 14 molecule 17000: train loss 0.0001494 (0.02 s per molecule)
  epoch 14 molecule 17500: train loss 0.0001492 (0.02 s per molecule)
  epoch 14 molecule 18000: train loss 0.0001491 (0.02 s per molecule)
  epoch 14 molecule 18500: train loss 0.0001491 (0.02 s per molecule)
  epoch 14 molecule 19000: train loss 0.000149 (0.02 s per molecule)
  epoch 14 molecule 19500: train loss 0.0001489 (0.02 s per molecule)
  epoch 14 molecule 20000: train loss 0.0001489 (0.02 s per molecule)
  epoch 14 molecule 20500: train loss 0.0001488 (0.02 s per molecule)
  epoch 14 molecule 21000: train loss 0.00015 (0.02 s per molecule)
  epoch 14 molecule 21500: train loss 0.00015 (0.02 s per molecule)
  epoch 14 molecule 22000: train loss 0.0001498 (0.02 s per molecule)
  epoch 14 molecule 22500: train loss 0.0001496 (0.02 s per molecule)
  epoch 14 molecule 23000: train loss 0.0001494 (0.02 s per molecule)
  epoch 14 molecule 23500: train loss 0.0001493 (0.02 s per molecule)
  epoch 14 molecule 24000: train loss 0.0001493 (0.02 s per molecule)
  epoch 14 molecule 24500: train loss 0.0001492 (0.02 s per molecule)
  epoch 14 molecule 25000: train loss 0.0001491 (0.02 s per molecule)
  epoch 14 molecule 25500: train loss 0.0001489 (0.02 s per molecule)
  epoch 14 molecule 26000: train loss 0.0001488 (0.02 s per molecule)
  epoch 14 molecule 26500: train loss 0.0001487 (0.02 s per molecule)
  epoch 14 molecule 27000: train loss 0.0001486 (0.02 s per molecule)
  epoch 14 molecule 27500: train loss 0.0001486 (0.02 s per molecule)
  epoch 14 molecule 28000: train loss 0.0001485 (0.02 s per molecule)
  epoch 14 molecule 28500: train loss 0.0001485 (0.02 s per molecule)
  epoch 14 molecule 29000: train loss 0.0001484 (0.02 s per molecule)
  epoch 14 molecule 29500: train loss 0.0001484 (0.02 s per molecule)
  epoch 14 molecule 30000: train loss 0.0001484 (0.02 s per molecule)
  epoch 14 molecule 30500: train loss 0.0001483 (0.02 s per molecule)
  epoch 14 molecule 31000: train loss 0.0001483 (0.02 s per molecule)
  epoch 14 molecule 31500: train loss 0.0001484 (0.02 s per molecule)
  epoch 14 molecule 32000: train loss 0.0001483 (0.02 s per molecule)
  epoch 14 molecule 32500: train loss 0.0001483 (0.02 s per molecule)
  epoch 14 molecule 33000: train loss 0.0001482 (0.02 s per molecule)
  epoch 14 molecule 33500: train loss 0.0001482 (0.02 s per molecule)
  epoch 14 molecule 34000: train loss 0.0001481 (0.02 s per molecule)
  epoch 14 molecule 34500: train loss 0.0001481 (0.02 s per molecule)
  epoch 14 molecule 35000: train loss 0.0001481 (0.02 s per molecule)
  epoch 14 molecule 35500: train loss 0.000148 (0.02 s per molecule)
  epoch 14 molecule 36000: train loss 0.000148 (0.02 s per molecule)
  epoch 14 molecule 36500: train loss 0.000148 (0.02 s per molecule)
  epoch 14 molecule 37000: train loss 0.0001479 (0.02 s per molecule)
  epoch 14 molecule 37500: train loss 0.0001479 (0.02 s per molecule)
  epoch 14 molecule 38000: train loss 0.0001479 (0.02 s per molecule)
  epoch 14 molecule 38500: train loss 0.0001479 (0.02 s per molecule)
  epoch 14 molecule 39000: train loss 0.0001478 (0.02 s per molecule)
  epoch 14 molecule 39500: train loss 0.0001478 (0.02 s per molecule)
  epoch 14 molecule 40000: train loss 0.0001478 (0.02 s per molecule)
  epoch 14 molecule 40500: train loss 0.0001478 (0.02 s per molecule)
epoch 14/20: train 0.0001478 val 0.0001456 on 40812 / 833 molecules, 832 s; checkpoint out\rungC_pretrained_mean_long_2026-10-01.pt
  epoch 15 molecule 500: train loss 0.0001454 (0.02 s per molecule)
  epoch 15 molecule 1000: train loss 0.0001451 (0.02 s per molecule)
  epoch 15 molecule 1500: train loss 0.0001457 (0.02 s per molecule)
  epoch 15 molecule 2000: train loss 0.0001455 (0.02 s per molecule)
  epoch 15 molecule 2500: train loss 0.0001459 (0.02 s per molecule)
  epoch 15 molecule 3000: train loss 0.0001463 (0.02 s per molecule)
  epoch 15 molecule 3500: train loss 0.0001458 (0.02 s per molecule)
  epoch 15 molecule 4000: train loss 0.0001462 (0.02 s per molecule)
  epoch 15 molecule 4500: train loss 0.0001457 (0.02 s per molecule)
  epoch 15 molecule 5000: train loss 0.0001457 (0.02 s per molecule)
  epoch 15 molecule 5500: train loss 0.0001457 (0.02 s per molecule)
  epoch 15 molecule 6000: train loss 0.0001451 (0.02 s per molecule)
  epoch 15 molecule 6500: train loss 0.000145 (0.02 s per molecule)
  epoch 15 molecule 7000: train loss 0.0001453 (0.02 s per molecule)
  epoch 15 molecule 7500: train loss 0.0001461 (0.02 s per molecule)
  epoch 15 molecule 8000: train loss 0.0001461 (0.02 s per molecule)
  epoch 15 molecule 8500: train loss 0.0001461 (0.02 s per molecule)
  epoch 15 molecule 9000: train loss 0.000146 (0.02 s per molecule)
  epoch 15 molecule 9500: train loss 0.0001507 (0.02 s per molecule)
  epoch 15 molecule 10000: train loss 0.0001505 (0.02 s per molecule)
  epoch 15 molecule 10500: train loss 0.0001502 (0.02 s per molecule)
  epoch 15 molecule 11000: train loss 0.0001499 (0.02 s per molecule)
  epoch 15 molecule 11500: train loss 0.0001494 (0.02 s per molecule)
  epoch 15 molecule 12000: train loss 0.0001493 (0.02 s per molecule)
  epoch 15 molecule 12500: train loss 0.000149 (0.02 s per molecule)
  epoch 15 molecule 13000: train loss 0.0001489 (0.02 s per molecule)
  epoch 15 molecule 13500: train loss 0.0001489 (0.02 s per molecule)
  epoch 15 molecule 14000: train loss 0.0001486 (0.02 s per molecule)
  epoch 15 molecule 14500: train loss 0.0001484 (0.02 s per molecule)
  epoch 15 molecule 15000: train loss 0.0001482 (0.02 s per molecule)
  epoch 15 molecule 15500: train loss 0.0001481 (0.02 s per molecule)
  epoch 15 molecule 16000: train loss 0.000148 (0.02 s per molecule)
  epoch 15 molecule 16500: train loss 0.0001478 (0.02 s per molecule)
  epoch 15 molecule 17000: train loss 0.0001476 (0.02 s per molecule)
  epoch 15 molecule 17500: train loss 0.0001475 (0.02 s per molecule)
  epoch 15 molecule 18000: train loss 0.0001475 (0.02 s per molecule)
  epoch 15 molecule 18500: train loss 0.0001475 (0.02 s per molecule)
  epoch 15 molecule 19000: train loss 0.0001475 (0.02 s per molecule)
  epoch 15 molecule 19500: train loss 0.0001474 (0.02 s per molecule)
  epoch 15 molecule 20000: train loss 0.0001473 (0.02 s per molecule)
  epoch 15 molecule 20500: train loss 0.0001473 (0.02 s per molecule)
  epoch 15 molecule 21000: train loss 0.0001557 (0.02 s per molecule)
  epoch 15 molecule 21500: train loss 0.0001557 (0.02 s per molecule)
  epoch 15 molecule 22000: train loss 0.0001553 (0.02 s per molecule)
  epoch 15 molecule 22500: train loss 0.000155 (0.02 s per molecule)
  epoch 15 molecule 23000: train loss 0.0001546 (0.02 s per molecule)
  epoch 15 molecule 23500: train loss 0.0001543 (0.02 s per molecule)
  epoch 15 molecule 24000: train loss 0.000154 (0.02 s per molecule)
  epoch 15 molecule 24500: train loss 0.0001537 (0.02 s per molecule)
  epoch 15 molecule 25000: train loss 0.0001534 (0.02 s per molecule)
  epoch 15 molecule 25500: train loss 0.0001531 (0.02 s per molecule)
  epoch 15 molecule 26000: train loss 0.0001529 (0.02 s per molecule)
  epoch 15 molecule 26500: train loss 0.0001526 (0.02 s per molecule)
  epoch 15 molecule 27000: train loss 0.0001523 (0.02 s per molecule)
  epoch 15 molecule 27500: train loss 0.0001522 (0.02 s per molecule)
  epoch 15 molecule 28000: train loss 0.0001519 (0.02 s per molecule)
  epoch 15 molecule 28500: train loss 0.0001518 (0.02 s per molecule)
  epoch 15 molecule 29000: train loss 0.0001516 (0.02 s per molecule)
  epoch 15 molecule 29500: train loss 0.0001514 (0.02 s per molecule)
  epoch 15 molecule 30000: train loss 0.0001513 (0.02 s per molecule)
  epoch 15 molecule 30500: train loss 0.0001512 (0.02 s per molecule)
  epoch 15 molecule 31000: train loss 0.000151 (0.02 s per molecule)
  epoch 15 molecule 31500: train loss 0.000151 (0.02 s per molecule)
  epoch 15 molecule 32000: train loss 0.0001509 (0.02 s per molecule)
  epoch 15 molecule 32500: train loss 0.0001507 (0.02 s per molecule)
  epoch 15 molecule 33000: train loss 0.0001506 (0.02 s per molecule)
  epoch 15 molecule 33500: train loss 0.0001505 (0.02 s per molecule)
  epoch 15 molecule 34000: train loss 0.0001504 (0.02 s per molecule)
  epoch 15 molecule 34500: train loss 0.0001504 (0.02 s per molecule)
  epoch 15 molecule 35000: train loss 0.0001503 (0.02 s per molecule)
  epoch 15 molecule 35500: train loss 0.0001502 (0.02 s per molecule)
  epoch 15 molecule 36000: train loss 0.0001501 (0.02 s per molecule)
  epoch 15 molecule 36500: train loss 0.00015 (0.02 s per molecule)
  epoch 15 molecule 37000: train loss 0.0001499 (0.02 s per molecule)
  epoch 15 molecule 37500: train loss 0.0001499 (0.02 s per molecule)
  epoch 15 molecule 38000: train loss 0.0001498 (0.02 s per molecule)
  epoch 15 molecule 38500: train loss 0.0001497 (0.02 s per molecule)
  epoch 15 molecule 39000: train loss 0.0001497 (0.02 s per molecule)
  epoch 15 molecule 39500: train loss 0.0001496 (0.02 s per molecule)
  epoch 15 molecule 40000: train loss 0.0001495 (0.02 s per molecule)
  epoch 15 molecule 40500: train loss 0.0001495 (0.02 s per molecule)
epoch 15/20: train 0.0001495 val 0.0001443 on 40812 / 833 molecules, 810 s; checkpoint out\rungC_pretrained_mean_long_2026-10-01.pt
  epoch 16 molecule 500: train loss 0.0001445 (0.02 s per molecule)
  epoch 16 molecule 1000: train loss 0.0001439 (0.02 s per molecule)
  epoch 16 molecule 1500: train loss 0.0001445 (0.02 s per molecule)
  epoch 16 molecule 2000: train loss 0.0001444 (0.02 s per molecule)
  epoch 16 molecule 2500: train loss 0.000145 (0.02 s per molecule)
  epoch 16 molecule 3000: train loss 0.0001453 (0.02 s per molecule)
  epoch 16 molecule 3500: train loss 0.0001448 (0.02 s per molecule)
  epoch 16 molecule 4000: train loss 0.000145 (0.02 s per molecule)
  epoch 16 molecule 4500: train loss 0.0001446 (0.02 s per molecule)
  epoch 16 molecule 5000: train loss 0.0001446 (0.02 s per molecule)
  epoch 16 molecule 5500: train loss 0.0001446 (0.02 s per molecule)
  epoch 16 molecule 6000: train loss 0.000144 (0.02 s per molecule)
  epoch 16 molecule 6500: train loss 0.000144 (0.02 s per molecule)
  epoch 16 molecule 7000: train loss 0.0001441 (0.02 s per molecule)
  epoch 16 molecule 7500: train loss 0.0001456 (0.02 s per molecule)
  epoch 16 molecule 8000: train loss 0.0001455 (0.02 s per molecule)
  epoch 16 molecule 8500: train loss 0.0001454 (0.02 s per molecule)
  epoch 16 molecule 9000: train loss 0.0001452 (0.02 s per molecule)
  epoch 16 molecule 9500: train loss 0.0001499 (0.02 s per molecule)
  epoch 16 molecule 10000: train loss 0.0001497 (0.02 s per molecule)
  epoch 16 molecule 10500: train loss 0.0001494 (0.02 s per molecule)
  epoch 16 molecule 11000: train loss 0.0001491 (0.02 s per molecule)
  epoch 16 molecule 11500: train loss 0.0001486 (0.02 s per molecule)
  epoch 16 molecule 12000: train loss 0.0001485 (0.02 s per molecule)
  epoch 16 molecule 12500: train loss 0.0001482 (0.02 s per molecule)
  epoch 16 molecule 13000: train loss 0.0001481 (0.02 s per molecule)
  epoch 16 molecule 13500: train loss 0.000148 (0.02 s per molecule)
  epoch 16 molecule 14000: train loss 0.0001477 (0.02 s per molecule)
  epoch 16 molecule 14500: train loss 0.0001474 (0.02 s per molecule)
  epoch 16 molecule 15000: train loss 0.0001473 (0.02 s per molecule)
  epoch 16 molecule 15500: train loss 0.0001473 (0.02 s per molecule)
  epoch 16 molecule 16000: train loss 0.0001472 (0.02 s per molecule)
  epoch 16 molecule 16500: train loss 0.000147 (0.02 s per molecule)
  epoch 16 molecule 17000: train loss 0.0001468 (0.02 s per molecule)
  epoch 16 molecule 17500: train loss 0.0001468 (0.02 s per molecule)
  epoch 16 molecule 18000: train loss 0.0001466 (0.02 s per molecule)
  epoch 16 molecule 18500: train loss 0.0001467 (0.02 s per molecule)
  epoch 16 molecule 19000: train loss 0.0001466 (0.02 s per molecule)
  epoch 16 molecule 19500: train loss 0.0001466 (0.02 s per molecule)
  epoch 16 molecule 20000: train loss 0.0001465 (0.02 s per molecule)
  epoch 16 molecule 20500: train loss 0.0001465 (0.02 s per molecule)
  epoch 16 molecule 21000: train loss 0.0001798 (0.02 s per molecule)
  epoch 16 molecule 21500: train loss 0.0001793 (0.02 s per molecule)
  epoch 16 molecule 22000: train loss 0.0001785 (0.02 s per molecule)
  epoch 16 molecule 22500: train loss 0.0001776 (0.02 s per molecule)
  epoch 16 molecule 23000: train loss 0.0001768 (0.02 s per molecule)
  epoch 16 molecule 23500: train loss 0.000176 (0.02 s per molecule)
  epoch 16 molecule 24000: train loss 0.0001753 (0.02 s per molecule)
  epoch 16 molecule 24500: train loss 0.0001746 (0.02 s per molecule)
  epoch 16 molecule 25000: train loss 0.0001739 (0.02 s per molecule)
  epoch 16 molecule 25500: train loss 0.0001732 (0.02 s per molecule)
  epoch 16 molecule 26000: train loss 0.0001725 (0.02 s per molecule)
  epoch 16 molecule 26500: train loss 0.0001719 (0.02 s per molecule)
  epoch 16 molecule 27000: train loss 0.0001712 (0.02 s per molecule)
  epoch 16 molecule 27500: train loss 0.0001707 (0.02 s per molecule)
  epoch 16 molecule 28000: train loss 0.0001701 (0.02 s per molecule)
  epoch 16 molecule 28500: train loss 0.0001696 (0.02 s per molecule)
  epoch 16 molecule 29000: train loss 0.0001691 (0.02 s per molecule)
  epoch 16 molecule 29500: train loss 0.0001686 (0.02 s per molecule)
  epoch 16 molecule 30000: train loss 0.0001682 (0.02 s per molecule)
  epoch 16 molecule 30500: train loss 0.0001677 (0.02 s per molecule)
  epoch 16 molecule 31000: train loss 0.0001674 (0.02 s per molecule)
  epoch 16 molecule 31500: train loss 0.0001671 (0.02 s per molecule)
  epoch 16 molecule 32000: train loss 0.0001667 (0.02 s per molecule)
  epoch 16 molecule 32500: train loss 0.0001663 (0.02 s per molecule)
  epoch 16 molecule 33000: train loss 0.0001659 (0.02 s per molecule)
  epoch 16 molecule 33500: train loss 0.0001656 (0.02 s per molecule)
  epoch 16 molecule 34000: train loss 0.0001652 (0.02 s per molecule)
  epoch 16 molecule 34500: train loss 0.000165 (0.02 s per molecule)
  epoch 16 molecule 35000: train loss 0.0001647 (0.02 s per molecule)
  epoch 16 molecule 35500: train loss 0.0001643 (0.02 s per molecule)
  epoch 16 molecule 36000: train loss 0.0001641 (0.02 s per molecule)
  epoch 16 molecule 36500: train loss 0.0001638 (0.02 s per molecule)
  epoch 16 molecule 37000: train loss 0.0001635 (0.02 s per molecule)
  epoch 16 molecule 37500: train loss 0.0001633 (0.02 s per molecule)
  epoch 16 molecule 38000: train loss 0.000163 (0.02 s per molecule)
  epoch 16 molecule 38500: train loss 0.0001628 (0.02 s per molecule)
  epoch 16 molecule 39000: train loss 0.0001625 (0.02 s per molecule)
  epoch 16 molecule 39500: train loss 0.0001623 (0.02 s per molecule)
  epoch 16 molecule 40000: train loss 0.000162 (0.02 s per molecule)
  epoch 16 molecule 40500: train loss 0.0001618 (0.02 s per molecule)
epoch 16/20: train 0.0001617 val 0.0001434 on 40812 / 833 molecules, 921 s; checkpoint out\rungC_pretrained_mean_long_2026-10-01.pt
  epoch 17 molecule 500: train loss 0.0001438 (0.02 s per molecule)
  epoch 17 molecule 1000: train loss 0.0001434 (0.02 s per molecule)
  epoch 17 molecule 1500: train loss 0.0001443 (0.02 s per molecule)
  epoch 17 molecule 2000: train loss 0.0001437 (0.02 s per molecule)
  epoch 17 molecule 2500: train loss 0.0001444 (0.02 s per molecule)
  epoch 17 molecule 3000: train loss 0.0001446 (0.02 s per molecule)
  epoch 17 molecule 3500: train loss 0.0001441 (0.02 s per molecule)
  epoch 17 molecule 4000: train loss 0.0001442 (0.02 s per molecule)
  epoch 17 molecule 4500: train loss 0.0001438 (0.02 s per molecule)
  epoch 17 molecule 5000: train loss 0.0001439 (0.02 s per molecule)
  epoch 17 molecule 5500: train loss 0.0001438 (0.02 s per molecule)
  epoch 17 molecule 6000: train loss 0.0001433 (0.02 s per molecule)
  epoch 17 molecule 6500: train loss 0.0001432 (0.02 s per molecule)
  epoch 17 molecule 7000: train loss 0.0001434 (0.02 s per molecule)
  epoch 17 molecule 7500: train loss 0.0001443 (0.02 s per molecule)
  epoch 17 molecule 8000: train loss 0.0001443 (0.03 s per molecule)
  epoch 17 molecule 8500: train loss 0.0001442 (0.03 s per molecule)
  epoch 17 molecule 9000: train loss 0.0001441 (0.03 s per molecule)
  epoch 17 molecule 9500: train loss 0.0001511 (0.03 s per molecule)
  epoch 17 molecule 10000: train loss 0.0001506 (0.03 s per molecule)
  epoch 17 molecule 10500: train loss 0.0001502 (0.03 s per molecule)
  epoch 17 molecule 11000: train loss 0.0001498 (0.03 s per molecule)
  epoch 17 molecule 11500: train loss 0.0001492 (0.03 s per molecule)
  epoch 17 molecule 12000: train loss 0.000149 (0.03 s per molecule)
  epoch 17 molecule 12500: train loss 0.0001485 (0.03 s per molecule)
  epoch 17 molecule 13000: train loss 0.0001484 (0.03 s per molecule)
  epoch 17 molecule 13500: train loss 0.0001483 (0.03 s per molecule)
  epoch 17 molecule 14000: train loss 0.0001479 (0.03 s per molecule)
  epoch 17 molecule 14500: train loss 0.0001476 (0.03 s per molecule)
  epoch 17 molecule 15000: train loss 0.0001474 (0.03 s per molecule)
  epoch 17 molecule 15500: train loss 0.0001472 (0.03 s per molecule)
  epoch 17 molecule 16000: train loss 0.0001471 (0.03 s per molecule)
  epoch 17 molecule 16500: train loss 0.0001469 (0.03 s per molecule)
  epoch 17 molecule 17000: train loss 0.0001466 (0.03 s per molecule)
  epoch 17 molecule 17500: train loss 0.0001466 (0.03 s per molecule)
  epoch 17 molecule 18000: train loss 0.0001464 (0.03 s per molecule)
  epoch 17 molecule 18500: train loss 0.0001465 (0.03 s per molecule)
  epoch 17 molecule 19000: train loss 0.0001464 (0.03 s per molecule)
  epoch 17 molecule 19500: train loss 0.0001463 (0.03 s per molecule)
  epoch 17 molecule 20000: train loss 0.0001462 (0.03 s per molecule)
  epoch 17 molecule 20500: train loss 0.0001461 (0.03 s per molecule)
  epoch 17 molecule 21000: train loss 0.000153 (0.03 s per molecule)
  epoch 17 molecule 21500: train loss 0.000153 (0.03 s per molecule)
  epoch 17 molecule 22000: train loss 0.0001527 (0.03 s per molecule)
  epoch 17 molecule 22500: train loss 0.0001524 (0.03 s per molecule)
  epoch 17 molecule 23000: train loss 0.000152 (0.03 s per molecule)
  epoch 17 molecule 23500: train loss 0.0001518 (0.03 s per molecule)
  epoch 17 molecule 24000: train loss 0.0001517 (0.03 s per molecule)
  epoch 17 molecule 24500: train loss 0.0001514 (0.03 s per molecule)
  epoch 17 molecule 25000: train loss 0.0001511 (0.03 s per molecule)
  epoch 17 molecule 25500: train loss 0.0001508 (0.03 s per molecule)
  epoch 17 molecule 26000: train loss 0.0001506 (0.03 s per molecule)
  epoch 17 molecule 26500: train loss 0.0001503 (0.03 s per molecule)
  epoch 17 molecule 27000: train loss 0.0001501 (0.03 s per molecule)
  epoch 17 molecule 27500: train loss 0.0001499 (0.03 s per molecule)
  epoch 17 molecule 28000: train loss 0.0001497 (0.03 s per molecule)
  epoch 17 molecule 28500: train loss 0.0001496 (0.03 s per molecule)
  epoch 17 molecule 29000: train loss 0.0001494 (0.03 s per molecule)
  epoch 17 molecule 29500: train loss 0.0001492 (0.03 s per molecule)
  epoch 17 molecule 30000: train loss 0.0001492 (0.03 s per molecule)
  epoch 17 molecule 30500: train loss 0.000149 (0.03 s per molecule)
  epoch 17 molecule 31000: train loss 0.0001489 (0.03 s per molecule)
  epoch 17 molecule 31500: train loss 0.0001489 (0.03 s per molecule)
  epoch 17 molecule 32000: train loss 0.0001487 (0.03 s per molecule)
  epoch 17 molecule 32500: train loss 0.0001487 (0.03 s per molecule)
  epoch 17 molecule 33000: train loss 0.0001485 (0.03 s per molecule)
  epoch 17 molecule 33500: train loss 0.0001484 (0.03 s per molecule)
  epoch 17 molecule 34000: train loss 0.0001483 (0.03 s per molecule)
  epoch 17 molecule 34500: train loss 0.0001483 (0.03 s per molecule)
  epoch 17 molecule 35000: train loss 0.0001482 (0.03 s per molecule)
  epoch 17 molecule 35500: train loss 0.0001481 (0.03 s per molecule)
  epoch 17 molecule 36000: train loss 0.000148 (0.03 s per molecule)
  epoch 17 molecule 36500: train loss 0.000148 (0.03 s per molecule)
  epoch 17 molecule 37000: train loss 0.0001479 (0.03 s per molecule)
  epoch 17 molecule 37500: train loss 0.0001479 (0.03 s per molecule)
  epoch 17 molecule 38000: train loss 0.0001478 (0.03 s per molecule)
  epoch 17 molecule 38500: train loss 0.0001477 (0.03 s per molecule)
  epoch 17 molecule 39000: train loss 0.0001476 (0.03 s per molecule)
  epoch 17 molecule 39500: train loss 0.0001476 (0.03 s per molecule)
  epoch 17 molecule 40000: train loss 0.0001475 (0.03 s per molecule)
  epoch 17 molecule 40500: train loss 0.0001475 (0.03 s per molecule)
epoch 17/20: train 0.0001474 val 0.000142 on 40812 / 833 molecules, 1029 s; checkpoint out\rungC_pretrained_mean_long_2026-10-01.pt
  epoch 18 molecule 500: train loss 0.0001424 (0.02 s per molecule)
  epoch 18 molecule 1000: train loss 0.0001425 (0.02 s per molecule)
  epoch 18 molecule 1500: train loss 0.0001431 (0.02 s per molecule)
  epoch 18 molecule 2000: train loss 0.0001428 (0.02 s per molecule)
  epoch 18 molecule 2500: train loss 0.0001432 (0.02 s per molecule)
  epoch 18 molecule 3000: train loss 0.0001434 (0.02 s per molecule)
  epoch 18 molecule 3500: train loss 0.000143 (0.02 s per molecule)
  epoch 18 molecule 4000: train loss 0.0001432 (0.02 s per molecule)
  epoch 18 molecule 4500: train loss 0.0001428 (0.02 s per molecule)
  epoch 18 molecule 5000: train loss 0.0001427 (0.02 s per molecule)
  epoch 18 molecule 5500: train loss 0.0001427 (0.02 s per molecule)
  epoch 18 molecule 6000: train loss 0.0001423 (0.02 s per molecule)
  epoch 18 molecule 6500: train loss 0.0001422 (0.02 s per molecule)
  epoch 18 molecule 7000: train loss 0.0001424 (0.02 s per molecule)
  epoch 18 molecule 7500: train loss 0.0001436 (0.02 s per molecule)
  epoch 18 molecule 8000: train loss 0.0001436 (0.02 s per molecule)
  epoch 18 molecule 8500: train loss 0.0001434 (0.02 s per molecule)
  epoch 18 molecule 9000: train loss 0.0001433 (0.02 s per molecule)
  epoch 18 molecule 9500: train loss 0.0001537 (0.02 s per molecule)
  epoch 18 molecule 10000: train loss 0.0001534 (0.02 s per molecule)
  epoch 18 molecule 10500: train loss 0.0001528 (0.02 s per molecule)
  epoch 18 molecule 11000: train loss 0.0001523 (0.02 s per molecule)
  epoch 18 molecule 11500: train loss 0.0001517 (0.02 s per molecule)
  epoch 18 molecule 12000: train loss 0.0001513 (0.02 s per molecule)
  epoch 18 molecule 12500: train loss 0.0001507 (0.02 s per molecule)
  epoch 18 molecule 13000: train loss 0.0001504 (0.02 s per molecule)
  epoch 18 molecule 13500: train loss 0.00015 (0.02 s per molecule)
  epoch 18 molecule 14000: train loss 0.0001495 (0.02 s per molecule)
  epoch 18 molecule 14500: train loss 0.0001491 (0.02 s per molecule)
  epoch 18 molecule 15000: train loss 0.0001487 (0.02 s per molecule)
  epoch 18 molecule 15500: train loss 0.0001485 (0.02 s per molecule)
  epoch 18 molecule 16000: train loss 0.0001482 (0.02 s per molecule)
  epoch 18 molecule 16500: train loss 0.0001479 (0.02 s per molecule)
  epoch 18 molecule 17000: train loss 0.0001476 (0.02 s per molecule)
  epoch 18 molecule 17500: train loss 0.0001475 (0.02 s per molecule)
  epoch 18 molecule 18000: train loss 0.0001472 (0.02 s per molecule)
  epoch 18 molecule 18500: train loss 0.0001472 (0.02 s per molecule)
  epoch 18 molecule 19000: train loss 0.000147 (0.02 s per molecule)
  epoch 18 molecule 19500: train loss 0.0001468 (0.02 s per molecule)
  epoch 18 molecule 20000: train loss 0.0001467 (0.02 s per molecule)
  epoch 18 molecule 20500: train loss 0.0001467 (0.02 s per molecule)
  epoch 18 molecule 21000: train loss 0.0001479 (0.02 s per molecule)
  epoch 18 molecule 21500: train loss 0.0001478 (0.02 s per molecule)
  epoch 18 molecule 22000: train loss 0.0001476 (0.02 s per molecule)
  epoch 18 molecule 22500: train loss 0.0001474 (0.02 s per molecule)
  epoch 18 molecule 23000: train loss 0.0001472 (0.02 s per molecule)
  epoch 18 molecule 23500: train loss 0.000147 (0.02 s per molecule)
  epoch 18 molecule 24000: train loss 0.0001469 (0.02 s per molecule)
  epoch 18 molecule 24500: train loss 0.0001467 (0.02 s per molecule)
  epoch 18 molecule 25000: train loss 0.0001466 (0.02 s per molecule)
  epoch 18 molecule 25500: train loss 0.0001464 (0.02 s per molecule)
  epoch 18 molecule 26000: train loss 0.0001463 (0.02 s per molecule)
  epoch 18 molecule 26500: train loss 0.0001462 (0.02 s per molecule)
  epoch 18 molecule 27000: train loss 0.0001461 (0.02 s per molecule)
  epoch 18 molecule 27500: train loss 0.000146 (0.02 s per molecule)
  epoch 18 molecule 28000: train loss 0.0001459 (0.02 s per molecule)
  epoch 18 molecule 28500: train loss 0.0001458 (0.02 s per molecule)
  epoch 18 molecule 29000: train loss 0.0001457 (0.02 s per molecule)
  epoch 18 molecule 29500: train loss 0.0001457 (0.02 s per molecule)
  epoch 18 molecule 30000: train loss 0.0001457 (0.02 s per molecule)
  epoch 18 molecule 30500: train loss 0.0001456 (0.02 s per molecule)
  epoch 18 molecule 31000: train loss 0.0001456 (0.02 s per molecule)
  epoch 18 molecule 31500: train loss 0.0001456 (0.02 s per molecule)
  epoch 18 molecule 32000: train loss 0.0001455 (0.02 s per molecule)
  epoch 18 molecule 32500: train loss 0.0001455 (0.02 s per molecule)
  epoch 18 molecule 33000: train loss 0.0001454 (0.02 s per molecule)
  epoch 18 molecule 33500: train loss 0.0001453 (0.02 s per molecule)
  epoch 18 molecule 34000: train loss 0.0001452 (0.02 s per molecule)
  epoch 18 molecule 34500: train loss 0.0001453 (0.02 s per molecule)
  epoch 18 molecule 35000: train loss 0.0001452 (0.02 s per molecule)
  epoch 18 molecule 35500: train loss 0.0001451 (0.02 s per molecule)
  epoch 18 molecule 36000: train loss 0.0001451 (0.02 s per molecule)
  epoch 18 molecule 36500: train loss 0.0001451 (0.02 s per molecule)
  epoch 18 molecule 37000: train loss 0.000145 (0.02 s per molecule)
  epoch 18 molecule 37500: train loss 0.000145 (0.02 s per molecule)
  epoch 18 molecule 38000: train loss 0.0001449 (0.02 s per molecule)
  epoch 18 molecule 38500: train loss 0.0001449 (0.02 s per molecule)
  epoch 18 molecule 39000: train loss 0.0001448 (0.02 s per molecule)
  epoch 18 molecule 39500: train loss 0.0001448 (0.02 s per molecule)
  epoch 18 molecule 40000: train loss 0.0001447 (0.02 s per molecule)
  epoch 18 molecule 40500: train loss 0.0001447 (0.02 s per molecule)
epoch 18/20: train 0.0001447 val 0.0001416 on 40812 / 833 molecules, 908 s; checkpoint out\rungC_pretrained_mean_long_2026-10-01.pt
  epoch 19 molecule 500: train loss 0.000142 (0.02 s per molecule)
  epoch 19 molecule 1000: train loss 0.000142 (0.02 s per molecule)
  epoch 19 molecule 1500: train loss 0.0001426 (0.02 s per molecule)
  epoch 19 molecule 2000: train loss 0.0001425 (0.02 s per molecule)
  epoch 19 molecule 2500: train loss 0.0001427 (0.02 s per molecule)
  epoch 19 molecule 3000: train loss 0.0001429 (0.02 s per molecule)
  epoch 19 molecule 3500: train loss 0.0001423 (0.02 s per molecule)
  epoch 19 molecule 4000: train loss 0.0001424 (0.02 s per molecule)
  epoch 19 molecule 4500: train loss 0.000142 (0.02 s per molecule)
  epoch 19 molecule 5000: train loss 0.000142 (0.02 s per molecule)
  epoch 19 molecule 5500: train loss 0.000142 (0.02 s per molecule)
  epoch 19 molecule 6000: train loss 0.0001415 (0.02 s per molecule)
  epoch 19 molecule 6500: train loss 0.0001415 (0.02 s per molecule)
  epoch 19 molecule 7000: train loss 0.0001416 (0.02 s per molecule)
  epoch 19 molecule 7500: train loss 0.0001432 (0.02 s per molecule)
  epoch 19 molecule 8000: train loss 0.0001431 (0.02 s per molecule)
  epoch 19 molecule 8500: train loss 0.0001429 (0.02 s per molecule)
  epoch 19 molecule 9000: train loss 0.0001427 (0.02 s per molecule)
  epoch 19 molecule 9500: train loss 0.0001482 (0.02 s per molecule)
  epoch 19 molecule 10000: train loss 0.0001478 (0.02 s per molecule)
  epoch 19 molecule 10500: train loss 0.0001476 (0.02 s per molecule)
  epoch 19 molecule 11000: train loss 0.0001472 (0.02 s per molecule)
  epoch 19 molecule 11500: train loss 0.0001468 (0.02 s per molecule)
  epoch 19 molecule 12000: train loss 0.0001466 (0.02 s per molecule)
  epoch 19 molecule 12500: train loss 0.0001462 (0.02 s per molecule)
  epoch 19 molecule 13000: train loss 0.0001461 (0.02 s per molecule)
  epoch 19 molecule 13500: train loss 0.0001461 (0.02 s per molecule)
  epoch 19 molecule 14000: train loss 0.0001458 (0.02 s per molecule)
  epoch 19 molecule 14500: train loss 0.0001456 (0.02 s per molecule)
  epoch 19 molecule 15000: train loss 0.0001453 (0.02 s per molecule)
  epoch 19 molecule 15500: train loss 0.0001453 (0.02 s per molecule)
  epoch 19 molecule 16000: train loss 0.0001452 (0.02 s per molecule)
  epoch 19 molecule 16500: train loss 0.000145 (0.02 s per molecule)
  epoch 19 molecule 17000: train loss 0.0001448 (0.02 s per molecule)
  epoch 19 molecule 17500: train loss 0.0001447 (0.02 s per molecule)
  epoch 19 molecule 18000: train loss 0.0001445 (0.02 s per molecule)
  epoch 19 molecule 18500: train loss 0.0001446 (0.02 s per molecule)
  epoch 19 molecule 19000: train loss 0.0001445 (0.02 s per molecule)
  epoch 19 molecule 19500: train loss 0.0001444 (0.02 s per molecule)
  epoch 19 molecule 20000: train loss 0.0001443 (0.02 s per molecule)
  epoch 19 molecule 20500: train loss 0.0001443 (0.02 s per molecule)
  epoch 19 molecule 21000: train loss 0.0001486 (0.02 s per molecule)
  epoch 19 molecule 21500: train loss 0.000149 (0.02 s per molecule)
  epoch 19 molecule 22000: train loss 0.0001487 (0.02 s per molecule)
  epoch 19 molecule 22500: train loss 0.0001484 (0.02 s per molecule)
  epoch 19 molecule 23000: train loss 0.0001481 (0.02 s per molecule)
  epoch 19 molecule 23500: train loss 0.0001479 (0.02 s per molecule)
  epoch 19 molecule 24000: train loss 0.0001476 (0.02 s per molecule)
  epoch 19 molecule 24500: train loss 0.0001473 (0.02 s per molecule)
  epoch 19 molecule 25000: train loss 0.0001471 (0.02 s per molecule)
  epoch 19 molecule 25500: train loss 0.0001469 (0.02 s per molecule)
  epoch 19 molecule 26000: train loss 0.0001467 (0.02 s per molecule)
  epoch 19 molecule 26500: train loss 0.0001465 (0.02 s per molecule)
  epoch 19 molecule 27000: train loss 0.0001463 (0.02 s per molecule)
  epoch 19 molecule 27500: train loss 0.0001462 (0.02 s per molecule)
  epoch 19 molecule 28000: train loss 0.000146 (0.02 s per molecule)
  epoch 19 molecule 28500: train loss 0.0001459 (0.02 s per molecule)
  epoch 19 molecule 29000: train loss 0.0001458 (0.02 s per molecule)
  epoch 19 molecule 29500: train loss 0.0001456 (0.02 s per molecule)
  epoch 19 molecule 30000: train loss 0.0001456 (0.02 s per molecule)
  epoch 19 molecule 30500: train loss 0.0001455 (0.02 s per molecule)
  epoch 19 molecule 31000: train loss 0.0001454 (0.02 s per molecule)
  epoch 19 molecule 31500: train loss 0.0001454 (0.02 s per molecule)
  epoch 19 molecule 32000: train loss 0.0001453 (0.02 s per molecule)
  epoch 19 molecule 32500: train loss 0.0001452 (0.02 s per molecule)
  epoch 19 molecule 33000: train loss 0.0001451 (0.02 s per molecule)
  epoch 19 molecule 33500: train loss 0.0001451 (0.02 s per molecule)
  epoch 19 molecule 34000: train loss 0.000145 (0.02 s per molecule)
  epoch 19 molecule 34500: train loss 0.000145 (0.02 s per molecule)
  epoch 19 molecule 35000: train loss 0.0001449 (0.02 s per molecule)
  epoch 19 molecule 35500: train loss 0.0001448 (0.02 s per molecule)
  epoch 19 molecule 36000: train loss 0.0001448 (0.02 s per molecule)
  epoch 19 molecule 36500: train loss 0.0001447 (0.02 s per molecule)
  epoch 19 molecule 37000: train loss 0.0001447 (0.02 s per molecule)
  epoch 19 molecule 37500: train loss 0.0001447 (0.02 s per molecule)
  epoch 19 molecule 38000: train loss 0.0001446 (0.02 s per molecule)
  epoch 19 molecule 38500: train loss 0.0001446 (0.02 s per molecule)
  epoch 19 molecule 39000: train loss 0.0001445 (0.02 s per molecule)
  epoch 19 molecule 39500: train loss 0.0001445 (0.02 s per molecule)
  epoch 19 molecule 40000: train loss 0.0001444 (0.02 s per molecule)
  epoch 19 molecule 40500: train loss 0.0001444 (0.02 s per molecule)
epoch 19/20: train 0.0001444 val 0.0001409 on 40812 / 833 molecules, 840 s; checkpoint out\rungC_pretrained_mean_long_2026-10-01.pt
  epoch 20 molecule 500: train loss 0.000142 (0.02 s per molecule)
  epoch 20 molecule 1000: train loss 0.0001413 (0.02 s per molecule)
  epoch 20 molecule 1500: train loss 0.0001422 (0.02 s per molecule)
  epoch 20 molecule 2000: train loss 0.0001422 (0.02 s per molecule)
  epoch 20 molecule 2500: train loss 0.0001422 (0.02 s per molecule)
  epoch 20 molecule 3000: train loss 0.0001422 (0.02 s per molecule)
  epoch 20 molecule 3500: train loss 0.0001416 (0.02 s per molecule)
  epoch 20 molecule 4000: train loss 0.0001416 (0.02 s per molecule)
  epoch 20 molecule 4500: train loss 0.0001412 (0.02 s per molecule)
  epoch 20 molecule 5000: train loss 0.0001413 (0.02 s per molecule)
  epoch 20 molecule 5500: train loss 0.0001412 (0.02 s per molecule)
  epoch 20 molecule 6000: train loss 0.0001407 (0.02 s per molecule)
  epoch 20 molecule 6500: train loss 0.0001408 (0.02 s per molecule)
  epoch 20 molecule 7000: train loss 0.0001408 (0.02 s per molecule)
  epoch 20 molecule 7500: train loss 0.0001418 (0.02 s per molecule)
  epoch 20 molecule 8000: train loss 0.0001417 (0.02 s per molecule)
  epoch 20 molecule 8500: train loss 0.0001416 (0.02 s per molecule)
  epoch 20 molecule 9000: train loss 0.0001415 (0.02 s per molecule)
  epoch 20 molecule 9500: train loss 0.0001443 (0.02 s per molecule)
  epoch 20 molecule 10000: train loss 0.000144 (0.02 s per molecule)
  epoch 20 molecule 10500: train loss 0.0001437 (0.02 s per molecule)
  epoch 20 molecule 11000: train loss 0.0001435 (0.02 s per molecule)
  epoch 20 molecule 11500: train loss 0.0001432 (0.02 s per molecule)
  epoch 20 molecule 12000: train loss 0.0001436 (0.02 s per molecule)
  epoch 20 molecule 12500: train loss 0.0001433 (0.02 s per molecule)
  epoch 20 molecule 13000: train loss 0.0001432 (0.02 s per molecule)
  epoch 20 molecule 13500: train loss 0.0001431 (0.02 s per molecule)
  epoch 20 molecule 14000: train loss 0.0001428 (0.02 s per molecule)
  epoch 20 molecule 14500: train loss 0.0001427 (0.02 s per molecule)
  epoch 20 molecule 15000: train loss 0.0001425 (0.02 s per molecule)
  epoch 20 molecule 15500: train loss 0.0001425 (0.02 s per molecule)
  epoch 20 molecule 16000: train loss 0.0001424 (0.02 s per molecule)
  epoch 20 molecule 16500: train loss 0.0001423 (0.02 s per molecule)
  epoch 20 molecule 17000: train loss 0.0001422 (0.02 s per molecule)
  epoch 20 molecule 17500: train loss 0.0001421 (0.02 s per molecule)
  epoch 20 molecule 18000: train loss 0.000142 (0.02 s per molecule)
  epoch 20 molecule 18500: train loss 0.0001422 (0.02 s per molecule)
  epoch 20 molecule 19000: train loss 0.000142 (0.02 s per molecule)
  epoch 20 molecule 19500: train loss 0.000142 (0.02 s per molecule)
  epoch 20 molecule 20000: train loss 0.000142 (0.02 s per molecule)
  epoch 20 molecule 20500: train loss 0.000142 (0.02 s per molecule)
  epoch 20 molecule 21000: train loss 0.0001458 (0.02 s per molecule)
  epoch 20 molecule 21500: train loss 0.0001479 (0.02 s per molecule)
  epoch 20 molecule 22000: train loss 0.0001478 (0.02 s per molecule)
  epoch 20 molecule 22500: train loss 0.0001476 (0.02 s per molecule)
  epoch 20 molecule 23000: train loss 0.0001474 (0.02 s per molecule)
  epoch 20 molecule 23500: train loss 0.0001472 (0.02 s per molecule)
  epoch 20 molecule 24000: train loss 0.000147 (0.02 s per molecule)
  epoch 20 molecule 24500: train loss 0.0001468 (0.02 s per molecule)
  epoch 20 molecule 25000: train loss 0.0001466 (0.02 s per molecule)
  epoch 20 molecule 25500: train loss 0.0001463 (0.02 s per molecule)
  epoch 20 molecule 26000: train loss 0.0001461 (0.02 s per molecule)
  epoch 20 molecule 26500: train loss 0.0001459 (0.02 s per molecule)
  epoch 20 molecule 27000: train loss 0.0001457 (0.02 s per molecule)
  epoch 20 molecule 27500: train loss 0.0001456 (0.02 s per molecule)
  epoch 20 molecule 28000: train loss 0.0001455 (0.02 s per molecule)
  epoch 20 molecule 28500: train loss 0.0001453 (0.02 s per molecule)
  epoch 20 molecule 29000: train loss 0.0001452 (0.02 s per molecule)
  epoch 20 molecule 29500: train loss 0.0001451 (0.02 s per molecule)
  epoch 20 molecule 30000: train loss 0.000145 (0.02 s per molecule)
  epoch 20 molecule 30500: train loss 0.0001449 (0.02 s per molecule)
  epoch 20 molecule 31000: train loss 0.0001449 (0.02 s per molecule)
  epoch 20 molecule 31500: train loss 0.0001448 (0.02 s per molecule)
  epoch 20 molecule 32000: train loss 0.0001447 (0.02 s per molecule)
  epoch 20 molecule 32500: train loss 0.0001447 (0.02 s per molecule)
  epoch 20 molecule 33000: train loss 0.0001446 (0.02 s per molecule)
  epoch 20 molecule 33500: train loss 0.0001445 (0.02 s per molecule)
  epoch 20 molecule 34000: train loss 0.0001444 (0.02 s per molecule)
  epoch 20 molecule 34500: train loss 0.0001444 (0.02 s per molecule)
  epoch 20 molecule 35000: train loss 0.0001444 (0.02 s per molecule)
  epoch 20 molecule 35500: train loss 0.0001443 (0.02 s per molecule)
  epoch 20 molecule 36000: train loss 0.0001442 (0.02 s per molecule)
  epoch 20 molecule 36500: train loss 0.0001442 (0.02 s per molecule)
  epoch 20 molecule 37000: train loss 0.0001441 (0.02 s per molecule)
  epoch 20 molecule 37500: train loss 0.0001441 (0.02 s per molecule)
  epoch 20 molecule 38000: train loss 0.000144 (0.02 s per molecule)
  epoch 20 molecule 38500: train loss 0.000144 (0.02 s per molecule)
  epoch 20 molecule 39000: train loss 0.0001439 (0.02 s per molecule)
  epoch 20 molecule 39500: train loss 0.0001439 (0.02 s per molecule)
  epoch 20 molecule 40000: train loss 0.0001438 (0.02 s per molecule)
  epoch 20 molecule 40500: train loss 0.0001438 (0.02 s per molecule)
epoch 20/20: train 0.0001438 val 0.0001405 on 40812 / 833 molecules, 913 s; checkpoint out\rungC_pretrained_mean_long_2026-10-01.pt
wrote out\rungC_pretrained_mean_long_2026-10-01.pt and out/rungC_pretrained_mean_long_2026-10-01.json in 20610 s
