
Scratch directory: /tmp/
gradient() will perform analytic gradient computation.
   => Libint2 <=

    Primary   basis highest AM E, G, H:  7, 6, 3
    Auxiliary basis highest AM E, G, H:  7, 7, 4
    Onebody   basis highest AM E, G, H:  -, -, -
    Solid Harmonics ordering:            Gaussian

*** tstart() called on ubuntu-32gb-hel1-14
*** at Tue Sep 29 23:03:12 2026

   => Loading Basis Set <=

    Name: 6-31G*
    Role: ORBITAL
    Keyword: BASIS
    atoms 1-12, 15 entry C          line   111 file /root/miniforge3/envs/qc/share/psi4/basis/6-31gs.gbs 
    atoms 13-14    entry O          line   145 file /root/miniforge3/envs/qc/share/psi4/basis/6-31gs.gbs 
    atoms 16-23    entry H          line    44 file /root/miniforge3/envs/qc/share/psi4/basis/6-31gs.gbs 


         ---------------------------------------------------------
                                   SCF
               by Justin Turney, Rob Parrish, Andy Simmonett
                          and Daniel G. A. Smith
                              RKS Reference
                       16 Threads,  22888 MiB Core
         ---------------------------------------------------------

  ==> Geometry <==

    Molecular point group: c1
    Full point group: C1

    Geometry (in Angstrom), charge = 0, multiplicity = 1:

       Center              X                  Y                   Z               Mass       
    ------------   -----------------  -----------------  -----------------  -----------------
         C            2.563269530000    -2.352215940000    -0.723163200000    12.000000000000
         C            1.472365870000    -1.898361990000    -0.505831710000    12.000000000000
         C            0.151135580000    -1.404826020000    -0.232738130000    12.000000000000
         C           -0.868954380000    -2.369480450000    -0.247197180000    12.000000000000
         C           -2.178301850000    -2.018033100000     0.045826500000    12.000000000000
         C           -2.476844980000    -0.699183180000     0.366461760000    12.000000000000
         C           -1.480262550000     0.289090840000     0.389289680000    12.000000000000
         C           -1.846480320000     1.601447110000     0.737756250000    12.000000000000
         C           -0.910261520000     2.629553720000     0.787516680000    12.000000000000
         C            0.411288010000     2.360600430000     0.471169090000    12.000000000000
         C            0.792606970000     1.059338100000     0.106236600000    12.000000000000
         C            2.210024440000     0.921575120000    -0.253534710000    12.000000000000
         O            3.154689060000     0.916758630000     0.510391850000    15.994914619570
         O            2.348378930000     0.910701700000    -1.590936940000    15.994914619570
         C           -0.130301050000    -0.032671810000     0.071932910000    12.000000000000
         H            3.533421350000    -2.752285580000    -0.904586080000     1.007825032230
         H           -0.638745670000    -3.407168720000    -0.481918330000     1.007825032230
         H           -2.962581200000    -2.770152960000     0.034460080000     1.007825032230
         H           -3.509126070000    -0.446899790000     0.604325420000     1.007825032230
         H           -2.881594080000     1.835705760000     0.983254450000     1.007825032230
         H           -1.214949780000     3.635043210000     1.065532260000     1.007825032230
         H            1.147483730000     3.161149220000     0.497037770000     1.007825032230
         H            3.313739990000     0.830315710000    -1.731285000000     1.007825032230

  Running in c1 symmetry.

  Rotational constants: A =      0.02829  B =      0.02203  C =      0.01319 [cm^-1]
  Rotational constants: A =    848.03198  B =    660.34979  C =    395.45432 [MHz]
  Nuclear repulsion =  891.218914931698009

  Charge       = 0
  Multiplicity = 1
  Electrons    = 102
  Nalpha       = 51
  Nbeta        = 51

  ==> Algorithm <==

  SCF Algorithm Type is DF.
  DIIS enabled.
  MOM disabled.
  Fractional occupation disabled.
  Guess Type is SAD.
  Energy threshold   = 1.00e-08
  Density threshold  = 1.00e-08
  Integral threshold = 1.00e-12

  ==> Primary Basis <==

  Basis Set: 6-31G*
    Blend: 6-31G*
    Number of shells: 106
    Number of basis functions: 241
    Number of Cartesian functions: 241
    Spherical Harmonics?: false
    Max angular momentum: 2

  ==> DFT Potential <==

   => LibXC <=

    Version 7.1.2
    S. Lehtola, C. Steigemann, M. J. T. Oliveira, and M. A. L. Marques,  SoftwareX 7, 1–5 (2018) (10.1016/j.softx.2017.11.002)

   => Composite Functional: B3LYP <= 

    B3LYP Hyb-GGA Exchange-Correlation Functional

    P. J. Stephens, F. J. Devlin, C. F. Chabalowski, and M. J. Frisch,  J. Phys. Chem. 98, 11623 (1994) (10.1021/j100096a001)

    Deriv               =              1
    GGA                 =           TRUE
    Meta                =          FALSE

    Exchange Hybrid     =           TRUE
    MP2 Hybrid          =          FALSE

   => Exchange Functionals <=

    0.0800   Slater exchange
    0.7200         Becke 88

   => Exact (HF) Exchange <=

    0.2000               HF 

   => Correlation Functionals <=

    0.1900   Vosko, Wilk & Nusair (VWN5_RPA)
    0.8100   Lee, Yang & Parr

   => LibXC Density Thresholds  <==

    XC_HYB_GGA_XC_B3LYP:  1.00E-15 

   => Molecular Quadrature <=

    Radial Scheme          =       TREUTLER
    Pruning Scheme         =           NONE
    Nuclear Scheme         =       TREUTLER

    Blocking Scheme        =         OCTREE
    BS radius alpha        =              1
    Pruning alpha          =              1
    Radial Points          =             75
    Spherical Points       =            302
    Total Points           =         473760
    Total Blocks           =           3498
    Max Points             =            256
    Max Functions          =            227
    Weights Tolerance      =       1.00E-15

   => Loading Basis Set <=

    Name: (6-31G* AUX)
    Role: JKFIT
    Keyword: DF_BASIS_SCF
    atoms 1-12, 15 entry C          line   121 file /root/miniforge3/envs/qc/share/psi4/basis/cc-pvdz-jkfit.gbs 
    atoms 13-14    entry O          line   221 file /root/miniforge3/envs/qc/share/psi4/basis/cc-pvdz-jkfit.gbs 
    atoms 16-23    entry H          line    51 file /root/miniforge3/envs/qc/share/psi4/basis/cc-pvdz-jkfit.gbs 

  ==> Integral Setup <==

  DFHelper Memory: AOs need 0.580 GiB; user supplied 14.825 GiB. 
  SCF_SUBTYPE=INCORE selected. In-core MEM_DF algorithm will be used.
  Using in-core AOs.

  ==> MemDFJK: Density-Fitted J/K Matrices <==

    J tasked:                   Yes
    K tasked:                   Yes
    wK tasked:                   No
    OpenMP threads:              16
    Memory [MiB]:             15181
    Algorithm:                 Core
    Schwarz Cutoff:           1E-12
    Mask sparsity (%):      11.0191
    Fitting Condition:        1E-10

   => Auxiliary Basis Set <=

  Basis Set: (6-31G* AUX)
    Blend: CC-PVDZ-JKFIT
    Number of shells: 432
    Number of basis functions: 1415
    Number of Cartesian functions: 1415
    Spherical Harmonics?: false
    Max angular momentum: 3

  Cached 100.0% of DFT collocation blocks in 1.938 [GiB].

  Minimum eigenvalue in the overlap matrix is 2.3029343790E-04.
  Reciprocal condition number of the overlap matrix is 2.8945540024E-05.
    Using symmetric orthogonalization.

  ==> Pre-Iterations <==

  SCF Guess: Superposition of Atomic Densities via on-the-fly atomic UHF (no occupation information).

   -------------------------
    Irrep   Nso     Nmo    
   -------------------------
     A        241     241 
   -------------------------
    Total     241     241
   -------------------------

  ==> Iterations <==

                           Total Energy        Delta E     RMS |[F,P]|

   @DF-RKS iter SAD:  -649.84360616445633   -6.49844e+02   0.00000e+00 
   @DF-RKS iter   1:  -649.96219273309919   -1.18587e-01   4.62872e-03 DIIS/ADIIS
   @DF-RKS iter   2:  -649.83078973862087    1.31403e-01   5.40983e-03 DIIS/ADIIS
   @DF-RKS iter   3:  -650.52679260082891   -6.96003e-01   1.55683e-03 DIIS/ADIIS
   @DF-RKS iter   4:  -650.58260074353450   -5.58081e-02   4.07114e-04 DIIS/ADIIS
   @DF-RKS iter   5:  -650.58600028268302   -3.39954e-03   1.64296e-04 DIIS/ADIIS
   @DF-RKS iter   6:  -650.58662827523210   -6.27993e-04   4.55381e-05 DIIS
   @DF-RKS iter   7:  -650.58665980465332   -3.15294e-05   3.05371e-05 DIIS
   @DF-RKS iter   8:  -650.58668751682319   -2.77122e-05   3.96309e-06 DIIS
   @DF-RKS iter   9:  -650.58668786239912   -3.45576e-07   1.52195e-06 DIIS
   @DF-RKS iter  10:  -650.58668792817559   -6.57765e-08   5.83466e-07 DIIS
   @DF-RKS iter  11:  -650.58668793820470   -1.00291e-08   1.57372e-07 DIIS
   @DF-RKS iter  12:  -650.58668793886420   -6.59497e-10   6.70865e-08 DIIS
   @DF-RKS iter  13:  -650.58668793899267   -1.28466e-10   1.96439e-08 DIIS
   @DF-RKS iter  14:  -650.58668793900495   -1.22782e-11   8.32586e-09 DIIS
  Energy and wave function converged.


  ==> Post-Iterations <==

   Electrons on quadrature grid:
      Ntotal   =  101.9999462661 ; deviation = -5.373e-05 

    Orbital Energies [Eh]
    ---------------------

    Doubly Occupied:                                                      

       1A    -19.192475     2A    -19.133983     3A    -10.316818  
       4A    -10.227207     5A    -10.220901     6A    -10.214086  
       7A    -10.208631     8A    -10.206688     9A    -10.205541  
      10A    -10.202647    11A    -10.202593    12A    -10.200749  
      13A    -10.200410    14A    -10.190394    15A    -10.185182  
      16A     -1.104484    17A     -1.008685    18A     -0.891664  
      19A     -0.839496    20A     -0.803171    21A     -0.761295  
      22A     -0.759908    23A     -0.724430    24A     -0.666901  
      25A     -0.643647    26A     -0.625442    27A     -0.594604  
      28A     -0.547887    29A     -0.526624    30A     -0.518258  
      31A     -0.508896    32A     -0.482335    33A     -0.476612  
      34A     -0.467347    35A     -0.452453    36A     -0.440042  
      37A     -0.421210    38A     -0.408473    39A     -0.406136  
      40A     -0.401458    41A     -0.385770    42A     -0.355859  
      43A     -0.353791    44A     -0.347438    45A     -0.319379  
      46A     -0.310357    47A     -0.279167    48A     -0.275440  
      49A     -0.262655    50A     -0.260259    51A     -0.213840  

    Virtual:                                                              

      52A     -0.064078    53A     -0.018089    54A     -0.003427  
      55A      0.014205    56A      0.059371    57A      0.073553  
      58A      0.086218    59A      0.092638    60A      0.108148  
      61A      0.117670    62A      0.124660    63A      0.134387  
      64A      0.163456    65A      0.168597    66A      0.188555  
      67A      0.203935    68A      0.217182    69A      0.256599  
      70A      0.262572    71A      0.274257    72A      0.280637  
      73A      0.295511    74A      0.331594    75A      0.348748  
      76A      0.360845    77A      0.376804    78A      0.412173  
      79A      0.432810    80A      0.453033    81A      0.476652  
      82A      0.492457    83A      0.499976    84A      0.518959  
      85A      0.522019    86A      0.532388    87A      0.537894  
      88A      0.546988    89A      0.550877    90A      0.562663  
      91A      0.572922    92A      0.583122    93A      0.589771  
      94A      0.592509    95A      0.599195    96A      0.607384  
      97A      0.611944    98A      0.615354    99A      0.637223  
     100A      0.642213   101A      0.659475   102A      0.667309  
     103A      0.671007   104A      0.687001   105A      0.720100  
     106A      0.733705   107A      0.744429   108A      0.761984  
     109A      0.775292   110A      0.790080   111A      0.803186  
     112A      0.814158   113A      0.822277   114A      0.836605  
     115A      0.847457   116A      0.854151   117A      0.865054  
     118A      0.875295   119A      0.885273   120A      0.889013  
     121A      0.897231   122A      0.921309   123A      0.943388  
     124A      0.968274   125A      0.970608   126A      0.999796  
     127A      1.009020   128A      1.020479   129A      1.051193  
     130A      1.067829   131A      1.080023   132A      1.097290  
     133A      1.117647   134A      1.147052   135A      1.152373  
     136A      1.179637   137A      1.214210   138A      1.218557  
     139A      1.239515   140A      1.243270   141A      1.255587  
     142A      1.278028   143A      1.323896   144A      1.343019  
     145A      1.370700   146A      1.394790   147A      1.421992  
     148A      1.433824   149A      1.438917   150A      1.457423  
     151A      1.471561   152A      1.478200   153A      1.479395  
     154A      1.493144   155A      1.521662   156A      1.544293  
     157A      1.546353   158A      1.602268   159A      1.609174  
     160A      1.631957   161A      1.706409   162A      1.720553  
     163A      1.747501   164A      1.765354   165A      1.777692  
     166A      1.780535   167A      1.813130   168A      1.822643  
     169A      1.832927   170A      1.854556   171A      1.861213  
     172A      1.871643   173A      1.892481   174A      1.906189  
     175A      1.916950   176A      1.923218   177A      1.932619  
     178A      1.940592   179A      1.967354   180A      1.978586  
     181A      2.004627   182A      2.018998   183A      2.044281  
     184A      2.072144   185A      2.131004   186A      2.137751  
     187A      2.152823   188A      2.163695   189A      2.180760  
     190A      2.203133   191A      2.208620   192A      2.262732  
     193A      2.272332   194A      2.298000   195A      2.306987  
     196A      2.322627   197A      2.339066   198A      2.357619  
     199A      2.415225   200A      2.422530   201A      2.481466  
     202A      2.498912   203A      2.568750   204A      2.582612  
     205A      2.613588   206A      2.625574   207A      2.635406  
     208A      2.651212   209A      2.688440   210A      2.700871  
     211A      2.717781   212A      2.762433   213A      2.778503  
     214A      2.794100   215A      2.829788   216A      2.853182  
     217A      2.872826   218A      2.895014   219A      2.936237  
     220A      2.982604   221A      3.006437   222A      3.109004  
     223A      3.206352   224A      3.326288   225A      3.424079  
     226A      3.534585   227A      3.862802   228A      4.053695  
     229A      4.086813   230A      4.093998   231A      4.112309  
     232A      4.147380   233A      4.163949   234A      4.210123  
     235A      4.288202   236A      4.339091   237A      4.352460  
     238A      4.447435   239A      4.530551   240A      4.691334  
     241A      4.932122  

    Final Occupation by Irrep:
              A 
    DOCC [    51 ]
    NA   [    51 ]
    NB   [    51 ]

  @DF-RKS Final Energy:  -650.58668793900495

   => Energetics <=

    Nuclear Repulsion Energy =            891.2189149316980092
    One-Electron Energy =               -2650.9812896687399189
    Two-Electron Energy =                1182.5149525575213829
    DFT Exchange-Correlation Energy =     -73.3392657594842632
    Empirical Dispersion Energy =           0.0000000000000000
    VV10 Nonlocal Energy =                  0.0000000000000000
    Total Energy =                       -650.5866879390048325

Computation Completed


Properties will be evaluated at   0.000000,   0.000000,   0.000000 [a0]

Properties computed using the SCF density matrix


 Multipole Moments:

 ------------------------------------------------------------------------------------
     Multipole            Electronic (a.u.)      Nuclear  (a.u.)        Total (a.u.)
 ------------------------------------------------------------------------------------

 L = 1.  Multiply by 2.5417464519 to convert [e a0] to [Debye]
 Dipole X            :        -51.9081372           51.1509078           -0.7572295
 Dipole Y            :         -6.1144110            6.0969868           -0.0174242
 Dipole Z            :          4.3497807           -4.7152312           -0.3654506
 Magnitude           :                                                    0.8409841

 ------------------------------------------------------------------------------------

*** tstop() called on ubuntu-32gb-hel1-14 at Tue Sep 29 23:03:21 2026
Module time:
	user time   =     128.47 seconds =       2.14 minutes
	system time =       6.60 seconds =       0.11 minutes
	total time  =          9 seconds =       0.15 minutes
Total time:
	user time   =     128.47 seconds =       2.14 minutes
	system time =       6.60 seconds =       0.11 minutes
	total time  =          9 seconds =       0.15 minutes

*** tstart() called on ubuntu-32gb-hel1-14
*** at Tue Sep 29 23:03:21 2026


         ------------------------------------------------------------
                                   SCF GRAD                          
                          Rob Parrish, Justin Turney,                
                       Andy Simmonett, and Alex Sokolov              
         ------------------------------------------------------------

  ==> Geometry <==

    Molecular point group: c1
    Full point group: C1

    Geometry (in Angstrom), charge = 0, multiplicity = 1:

       Center              X                  Y                   Z               Mass       
    ------------   -----------------  -----------------  -----------------  -----------------
         C            2.563269530000    -2.352215940000    -0.723163200000    12.000000000000
         C            1.472365870000    -1.898361990000    -0.505831710000    12.000000000000
         C            0.151135580000    -1.404826020000    -0.232738130000    12.000000000000
         C           -0.868954380000    -2.369480450000    -0.247197180000    12.000000000000
         C           -2.178301850000    -2.018033100000     0.045826500000    12.000000000000
         C           -2.476844980000    -0.699183180000     0.366461760000    12.000000000000
         C           -1.480262550000     0.289090840000     0.389289680000    12.000000000000
         C           -1.846480320000     1.601447110000     0.737756250000    12.000000000000
         C           -0.910261520000     2.629553720000     0.787516680000    12.000000000000
         C            0.411288010000     2.360600430000     0.471169090000    12.000000000000
         C            0.792606970000     1.059338100000     0.106236600000    12.000000000000
         C            2.210024440000     0.921575120000    -0.253534710000    12.000000000000
         O            3.154689060000     0.916758630000     0.510391850000    15.994914619570
         O            2.348378930000     0.910701700000    -1.590936940000    15.994914619570
         C           -0.130301050000    -0.032671810000     0.071932910000    12.000000000000
         H            3.533421350000    -2.752285580000    -0.904586080000     1.007825032230
         H           -0.638745670000    -3.407168720000    -0.481918330000     1.007825032230
         H           -2.962581200000    -2.770152960000     0.034460080000     1.007825032230
         H           -3.509126070000    -0.446899790000     0.604325420000     1.007825032230
         H           -2.881594080000     1.835705760000     0.983254450000     1.007825032230
         H           -1.214949780000     3.635043210000     1.065532260000     1.007825032230
         H            1.147483730000     3.161149220000     0.497037770000     1.007825032230
         H            3.313739990000     0.830315710000    -1.731285000000     1.007825032230

  Nuclear repulsion =  891.218914931698009

  ==> Basis Set <==

  Basis Set: 6-31G*
    Blend: 6-31G*
    Number of shells: 106
    Number of basis functions: 241
    Number of Cartesian functions: 241
    Spherical Harmonics?: false
    Max angular momentum: 2

  ==> DFJKGrad: Density-Fitted SCF Gradients <==

    Gradient:                    1
    J tasked:                  Yes
    K tasked:                  Yes
    wK tasked:                  No
    OpenMP threads:             16
    Integrals threads:          16
    Memory [MiB]:            17166
    Schwarz Cutoff:          1E-12
    Fitting Condition:       1E-10

   => Auxiliary Basis Set <=

  Basis Set: (6-31G* AUX)
    Blend: CC-PVDZ-JKFIT
    Number of shells: 432
    Number of basis functions: 1415
    Number of Cartesian functions: 1415
    Spherical Harmonics?: false
    Max angular momentum: 3

  ==> DFT Potential <==

   => LibXC <=

    Version 7.1.2
    S. Lehtola, C. Steigemann, M. J. T. Oliveira, and M. A. L. Marques,  SoftwareX 7, 1–5 (2018) (10.1016/j.softx.2017.11.002)

   => Composite Functional: B3LYP <= 

    B3LYP Hyb-GGA Exchange-Correlation Functional

    P. J. Stephens, F. J. Devlin, C. F. Chabalowski, and M. J. Frisch,  J. Phys. Chem. 98, 11623 (1994) (10.1021/j100096a001)

    Deriv               =              1
    GGA                 =           TRUE
    Meta                =          FALSE

    Exchange Hybrid     =           TRUE
    MP2 Hybrid          =          FALSE

   => Exchange Functionals <=

    0.0800   Slater exchange
    0.7200         Becke 88

   => Exact (HF) Exchange <=

    0.2000               HF 

   => Correlation Functionals <=

    0.1900   Vosko, Wilk & Nusair (VWN5_RPA)
    0.8100   Lee, Yang & Parr

   => LibXC Density Thresholds  <==

    XC_HYB_GGA_XC_B3LYP:  1.00E-15 

   => Molecular Quadrature <=

    Radial Scheme          =       TREUTLER
    Pruning Scheme         =           NONE
    Nuclear Scheme         =       TREUTLER

    Blocking Scheme        =         OCTREE
    BS radius alpha        =              1
    Pruning alpha          =              1
    Radial Points          =             75
    Spherical Points       =            302
    Total Points           =         473760
    Total Blocks           =           3498
    Max Points             =            256
    Max Functions          =            227
    Weights Tolerance      =       1.00E-15


  -Total Gradient:
     Atom            X                  Y                   Z
    ------   -----------------  -----------------  -----------------
       1       -0.015454135380     0.007838121146     0.003319633015
       2        0.018891478647    -0.013010884318    -0.004445167123
       3       -0.009538851444     0.016283140005     0.004668132036
       4       -0.013833848972    -0.004433468378     0.001528857236
       5        0.015372357471    -0.014590874482    -0.005434353237
       6        0.010091731099     0.024636487713     0.003079292174
       7        0.010349902749    -0.003063008610    -0.002692093731
       8       -0.005672481445    -0.025690527134    -0.004554655783
       9        0.024877833344     0.006062223649    -0.003265425186
      10       -0.013575310673     0.020195655406     0.006138025382
      11        0.008946282195    -0.009774775048    -0.009932148234
      12       -0.016021022419     0.001094121435    -0.003116655043
      13        0.004001018905    -0.000694181093     0.002788275082
      14       -0.009765805261     0.001470675622     0.007070272201
      15       -0.001143837391    -0.007757144006    -0.000369359230
      16       -0.000951143340     0.000235045622     0.000033867040
      17       -0.003596499958    -0.003484696034    -0.000170012919
      18       -0.000146526824    -0.000417433885     0.000052331338
      19       -0.002418004010    -0.003371788002    -0.000391873346
      20       -0.000629995611     0.004115855542     0.001139331705
      21        0.000235208543     0.000516171979     0.000053805804
      22       -0.001157634633     0.003370271080     0.000770964000
      23        0.001144168222     0.000466402956     0.003687229602


*** tstop() called on ubuntu-32gb-hel1-14 at Tue Sep 29 23:03:23 2026
Module time:
	user time   =      33.25 seconds =       0.55 minutes
	system time =       2.12 seconds =       0.04 minutes
	total time  =          2 seconds =       0.03 minutes
Total time:
	user time   =     161.73 seconds =       2.70 minutes
	system time =       8.72 seconds =       0.15 minutes
	total time  =         11 seconds =       0.18 minutes

    			-----------------------------------------

    			 OPTKING 3.0: for geometry optimizations 

    			     By R.A. King, Bethel University     

    			        with contributions from          

    			    A.V. Copan, J. Cayton, A. Heide      

    			-----------------------------------------

    
	                            ===> Fragment 1 <== 

	 Z (Atomic Numbers)          Masses                          Geom                  
	       6.000000            12.000000          4.84387740 -4.44504391 -1.36658039   
	       6.000000            12.000000          2.78236825 -3.58738425 -0.95588340   
	       6.000000            12.000000          0.28560485 -2.65473643 -0.43981132   
	       6.000000            12.000000         -1.64208579 -4.47766911 -0.46713497   
	       6.000000            12.000000         -4.11639392 -3.81352987  0.08659953   
	       6.000000            12.000000         -4.68055867 -1.32126472  0.69251236   
	       6.000000            12.000000         -2.79729081  0.54630251  0.73565088   
	       6.000000            12.000000         -3.48934210  3.02629644  1.39415726   
	       6.000000            12.000000         -1.72014498  4.96913636  1.48819084   
	       6.000000            12.000000          0.77722170  4.46088830  0.89038054   
	       6.000000            12.000000          1.49781010  2.00185888  0.20075808   
	       6.000000            12.000000          4.17634092  1.74152458 -0.47911117   
	       8.000000            15.994915          5.96149833  1.73242273  0.96450081   
	       8.000000            15.994915          4.43779302  1.72097679 -3.00643510   
	       6.000000            12.000000         -0.24623330 -0.06174077  0.13593350   
	       1.000000             1.007825          6.67719864 -5.20106597 -1.70941995   
	       1.000000             1.007825         -1.20705438 -6.43861574 -0.91069366   
	       1.000000             1.007825         -5.59846709 -5.23483042  0.06512011   
	       1.000000             1.007825         -6.63128721 -0.84451821  1.14200953   
	       1.000000             1.007825         -5.44542362  3.46898113  1.85808162   
	       1.000000             1.007825         -2.29592234  6.86923612  2.01356415   
	       1.000000             1.007825          2.16842998  5.97370627  0.93926526   
	       1.000000             1.007825          6.26206103  1.56906929 -3.27165450   

	 - Coordinate -           - BOHR/RAD -       - ANG/DEG -
	 R(1,2)           =         2.270258           1.201369
	 R(1,16)          =         2.012505           1.064972
	 R(2,3)           =         2.714773           1.436596
	 R(3,4)           =         2.653266           1.404048
	 R(3,15)          =         2.708867           1.433471
	 R(4,5)           =         2.621050           1.387000
	 R(4,17)          =         2.057014           1.088525
	 R(5,6)           =         2.626176           1.389712
	 R(5,18)          =         2.053557           1.086696
	 R(6,7)           =         2.652615           1.403703
	 R(6,19)          =         2.057833           1.088958
	 R(7,8)           =         2.657618           1.406351
	 R(7,15)          =         2.690218           1.423602
	 R(8,9)           =         2.629359           1.391397
	 R(8,20)          =         2.058507           1.089315
	 R(9,10)          =         2.617734           1.385245
	 R(9,21)          =         2.053757           1.086801
	 R(10,11)         =         2.653611           1.404231
	 R(10,22)         =         2.055838           1.087902
	 R(11,12)         =         2.775702           1.468838
	 R(11,15)         =         2.702653           1.430182
	 R(12,13)         =         2.295841           1.214907
	 R(12,14)         =         2.540895           1.344584
	 R(14,23)         =         1.849695           0.978816
	 L(1,2,3)         =         3.104278         177.862054
	 l(1,2,3)         =         3.141593         180.000000
	 L(2,1,16)        =         3.130446         179.361326
	 l(2,1,16)        =         3.141593         180.000000
	 B(2,3,4)         =         2.015510         115.480215
	 B(2,3,15)        =         2.152945         123.354652
	 B(3,4,5)         =         2.105509         120.636768
	 B(3,4,17)        =         2.098480         120.234037
	 B(3,15,7)        =         2.037460         116.737860
	 B(3,15,11)       =         2.225959         127.538072
	 B(4,3,15)        =         2.114384         121.145305
	 B(4,5,6)         =         2.085189         119.472516
	 B(4,5,18)        =         2.098698         120.246534
	 B(5,4,17)        =         2.079167         119.127509
	 B(5,6,7)         =         2.116924         121.290824
	 B(5,6,19)        =         2.064511         118.287779
	 B(6,5,18)        =         2.099249         120.278107
	 B(6,7,8)         =         2.067061         118.433875
	 B(6,7,15)        =         2.106547         120.696270
	 B(7,6,19)        =         2.101746         120.421202
	 B(7,8,9)         =         2.121355         121.544683
	 B(7,8,20)        =         2.098981         120.262755
	 B(7,15,11)       =         2.019728         115.721906
	 B(8,7,15)        =         2.109569         120.869405
	 B(8,9,10)        =         2.083223         119.359903
	 B(8,9,21)        =         2.099170         120.273557
	 B(9,8,20)        =         2.062832         118.191565
	 B(9,10,11)       =         2.092469         119.889667
	 B(9,10,22)       =         2.091271         119.821021
	 B(10,9,21)       =         2.100770         120.365280
	 B(10,11,12)      =         1.996115         114.368952
	 B(10,11,15)      =         2.139520         122.585475
	 B(11,10,22)      =         2.099396         120.286504
	 B(11,12,13)      =         2.210176         126.633784
	 B(11,12,14)      =         1.921631         110.101339
	 B(12,11,15)      =         2.147458         123.040303
	 B(12,14,23)      =         1.818076         104.168064
	 B(13,12,14)      =         2.147656         123.051646
	 D(2,3,4,5)       =         3.104410         177.869618
	 D(2,3,4,17)      =        -0.028865          -1.653861
	 D(2,3,15,7)      =        -3.085047        -176.760165
	 D(2,3,15,11)     =         0.046748           2.678456
	 D(3,4,5,6)       =        -0.008818          -0.505257
	 D(3,4,5,18)      =        -3.139736        -179.893641
	 D(3,15,7,6)      =        -0.026502          -1.518476
	 D(3,15,7,8)      =         3.110767         178.233822
	 D(3,15,11,10)    =        -3.096386        -177.409877
	 D(3,15,11,12)    =         0.060609           3.472626
	 D(4,3,15,7)      =         0.026983           1.545999
	 D(4,3,15,11)     =        -3.124408        -179.015380
	 D(4,5,6,7)       =         0.009235           0.529117
	 D(4,5,6,19)      =        -3.129571        -179.311226
	 D(5,4,3,15)      =        -0.009829          -0.563138
	 D(5,6,7,8)       =        -3.128251        -179.235590
	 D(5,6,7,15)      =         0.009122           0.522631
	 D(6,5,4,17)      =         3.124548         179.023439
	 D(6,7,8,9)       =         3.135848         179.670828
	 D(6,7,8,20)      =         0.000709           0.040630
	 D(6,7,15,11)     =         3.123714         178.975628
	 D(7,6,5,18)      =         3.140149         179.917305
	 D(7,8,9,10)      =         0.013901           0.796472
	 D(7,8,9,21)      =        -3.134792        -179.610343
	 D(7,15,11,10)    =         0.035493           2.033628
	 D(7,15,11,12)    =        -3.090697        -177.083870
	 D(8,7,6,19)      =         0.010496           0.601374
	 D(8,7,15,11)     =        -0.022202          -1.272075
	 D(8,9,10,11)     =        -0.001058          -0.060600
	 D(8,9,10,22)     =         3.129927         179.331618
	 D(9,8,7,15)      =        -0.001518          -0.086957
	 D(9,10,11,12)    =         3.102756         177.774811
	 D(9,10,11,15)    =        -0.024662          -1.413047
	 D(10,9,8,20)     =        -3.134017        -179.565925
	 D(10,11,12,13)   =         1.301049          74.544631
	 D(10,11,12,14)   =        -1.749580        -100.243541
	 D(11,10,9,21)    =        -3.135543        -179.653403
	 D(11,12,14,23)   =         3.127280         179.179968
	 D(12,11,10,22)   =        -0.028179          -1.614543
	 D(13,12,11,15)   =        -1.854791        -106.271679
	 D(13,12,14,23)   =         0.072765           4.169153
	 D(14,12,11,15)   =         1.377766          78.940149
	 D(15,3,4,17)     =         3.140081         179.913383
	 D(15,7,6,19)     =        -3.135317        -179.640405
	 D(15,7,8,20)     =        -3.136656        -179.717155
	 D(15,11,10,22)   =         3.127588         179.197599
	 D(17,4,5,18)     =        -0.006370          -0.364946
	 D(18,5,6,19)     =         0.001343           0.076962
	 D(20,8,9,21)     =         0.000476           0.027260
	 D(21,9,10,22)    =        -0.004559          -0.261186
	 D(4,3,1,16)      =        -0.858327         -49.178487
	 D(15,3,1,16)     =         2.248232         128.814228


	        --- Internal Coordinate Step in ANG or DEG, aJ/ANG or AJ/DEG ---
	-------------------------------------------------------------------------------
	           Coordinate      Previous         Force          Change          New 
	           ----------      --------        ------          ------        ------
	               R(1,2)       1.20137        0.15280        0.00936       1.21073
	              R(1,16)       1.06497        0.00792        0.00131       1.06628
	               R(2,3)       1.43660       -0.03445       -0.00541       1.43119
	               R(3,4)       1.40405       -0.07065       -0.01045       1.39360
	              R(3,15)       1.43347        0.00732        0.00104       1.43451
	               R(4,5)       1.38700        0.14906        0.01911       1.40611
	              R(4,17)       1.08853       -0.02140       -0.00382       1.08471
	               R(5,6)       1.38971       -0.08364       -0.01103       1.37868
	              R(5,18)       1.08670       -0.00325       -0.00058       1.08612
	               R(6,7)       1.40370        0.09461        0.01377       1.41747
	              R(6,19)       1.08896       -0.01175       -0.00210       1.08686
	               R(7,8)       1.40635        0.06938        0.01051       1.41686
	              R(7,15)       1.42360        0.12512        0.01980       1.44341
	               R(8,9)       1.39140       -0.10606       -0.01391       1.37749
	              R(8,20)       1.08931       -0.01435       -0.00257       1.08675
	              R(9,10)       1.38525        0.17612        0.02255       1.40780
	              R(9,21)       1.08680       -0.00351       -0.00062       1.08618
	             R(10,11)       1.40423       -0.12590       -0.01833       1.38590
	             R(10,22)       1.08790       -0.01413       -0.00252       1.08539
	             R(11,12)       1.46884        0.18697        0.03254       1.50138
	             R(11,15)       1.43018       -0.02941       -0.00481       1.42538
	             R(12,13)       1.21491       -0.04011       -0.00261       1.21229
	             R(12,14)       1.34458        0.09564        0.01074       1.35533
	             R(14,23)       0.97882       -0.00463       -0.00057       0.97825
	             L(1,2,3)     177.86205       -0.00022       -0.57353     177.28853
	             l(1,2,3)     180.00000       -0.00018        0.12793     180.12793
	            L(2,1,16)     179.36133        0.00018       -0.16455     179.19678
	            l(2,1,16)     180.00000        0.00009        0.12488     180.12488
	             B(2,3,4)     115.48021        0.00050        1.49986     116.98007
	            B(2,3,15)     123.35465       -0.00011       -0.24667     123.10798
	             B(3,4,5)     120.63677        0.00039        1.05346     121.69023
	            B(3,4,17)     120.23404       -0.00053       -2.00889     118.22515
	            B(3,15,7)     116.73786        0.00031        0.98000     117.71786
	           B(3,15,11)     127.53807       -0.00093       -2.76290     124.77517
	            B(4,3,15)     121.14531       -0.00039       -1.25992     119.88539
	             B(4,5,6)     119.47252        0.00013        0.34466     119.81718
	            B(4,5,18)     120.24653       -0.00005       -0.11094     120.13559
	            B(5,4,17)     119.12751        0.00014        0.95526     120.08276
	             B(5,6,7)     121.29082       -0.00023       -0.60362     120.68720
	            B(5,6,19)     118.28778        0.00042        1.65660     119.94438
	            B(6,5,18)     120.27811       -0.00008       -0.23436     120.04375
	             B(6,7,8)     118.43388        0.00054        1.33601     119.76988
	            B(6,7,15)     120.69627       -0.00021       -0.51449     120.18177
	            B(7,6,19)     120.42120       -0.00019       -1.05304     119.36816
	             B(7,8,9)     121.54468       -0.00031       -0.79508     120.74960
	            B(7,8,20)     120.26276       -0.00015       -0.96983     119.29293
	           B(7,15,11)     115.72191        0.00061        1.78142     117.50333
	            B(8,7,15)     120.86941       -0.00033       -0.82136     120.04805
	            B(8,9,10)     119.35990        0.00012        0.34038     119.70028
	            B(8,9,21)     120.27356       -0.00009       -0.30040     119.97316
	            B(9,8,20)     118.19156        0.00046        1.76497     119.95653
	           B(9,10,11)     119.88967        0.00053        1.46452     121.35418
	           B(9,10,22)     119.82102       -0.00001        0.37915     120.20017
	           B(10,9,21)     120.36528       -0.00003       -0.03914     120.32614
	          B(10,11,12)     114.36895        0.00039        1.22205     115.59101
	          B(10,11,15)     122.58548       -0.00062       -1.96790     120.61758
	          B(11,10,22)     120.28650       -0.00051       -1.84347     118.44303
	          B(11,12,13)     126.63378       -0.00036       -0.98437     125.64942
	          B(11,12,14)     110.10134        0.00065        1.93138     112.03272
	          B(12,11,15)     123.04030        0.00023        0.74597     123.78627
	          B(12,14,23)     104.16806        0.00054        2.37197     106.54003
	          B(13,12,14)     123.05165       -0.00029       -0.77551     122.27613
	           D(2,3,4,5)     177.86962        0.00002       -0.11619     177.75343
	          D(2,3,4,17)      -1.65386        0.00002       -0.09711      -1.75097
	          D(2,3,15,7)    -176.76016       -0.00003        0.16637    -176.59379
	         D(2,3,15,11)       2.67846       -0.00003        0.01437       2.69283
	           D(3,4,5,6)      -0.50526       -0.00000       -0.16249      -0.66775
	          D(3,4,5,18)    -179.89364       -0.00000       -0.09512    -179.98876
	          D(3,15,7,6)      -1.51848       -0.00001        0.03461      -1.48387
	          D(3,15,7,8)     178.23382       -0.00001        0.08437     178.31819
	        D(3,15,11,10)    -177.40988        0.00000        0.05086    -177.35902
	        D(3,15,11,12)       3.47263       -0.00000        0.03069       3.50331
	          D(4,3,15,7)       1.54600        0.00002       -0.07219       1.47381
	         D(4,3,15,11)    -179.01538        0.00002       -0.22419    -179.23957
	           D(4,5,6,7)       0.52912        0.00001        0.12642       0.65553
	          D(4,5,6,19)    -179.31123        0.00000        0.15122    -179.16000
	          D(5,4,3,15)      -0.56314       -0.00002        0.13287      -0.43026
	           D(5,6,7,8)    -179.23559       -0.00001       -0.13120    -179.36679
	          D(5,6,7,15)       0.52263       -0.00001       -0.08681       0.43582
	          D(6,5,4,17)     179.02344       -0.00001       -0.19583     178.82760
	           D(6,7,8,9)     179.67083       -0.00001       -0.15812     179.51271
	          D(6,7,8,20)       0.04063       -0.00001       -0.17528      -0.13465
	         D(6,7,15,11)     178.97563       -0.00000        0.20113     179.17676
	          D(7,6,5,18)     179.91731        0.00001        0.05987     179.97717
	          D(7,8,9,10)       0.79647       -0.00000       -0.06752       0.72895
	          D(7,8,9,21)    -179.61034        0.00001        0.10707    -179.50327
	        D(7,15,11,10)       2.03363       -0.00000       -0.10463       1.92899
	        D(7,15,11,12)    -177.08387       -0.00001       -0.12481    -177.20867
	          D(8,7,6,19)       0.60137       -0.00001       -0.15158       0.44980
	         D(8,7,15,11)      -1.27207        0.00000        0.25089      -1.02118
	         D(8,9,10,11)      -0.06060        0.00001        0.25251       0.19191
	         D(8,9,10,22)     179.33162        0.00001        0.26262     179.59424
	          D(9,8,7,15)      -0.08696       -0.00001       -0.20321      -0.29017
	        D(9,10,11,12)     177.77481       -0.00000       -0.12840     177.64641
	        D(9,10,11,15)      -1.41305       -0.00001       -0.14589      -1.55894
	         D(10,9,8,20)    -179.56592       -0.00001       -0.06010    -179.62602
	       D(10,11,12,13)      74.54463       -0.00003       -1.36092      73.18371
	       D(10,11,12,14)    -100.24354       -0.00011       -4.25605    -104.49959
	        D(11,10,9,21)    -179.65340        0.00000        0.07836    -179.57504
	       D(11,12,14,23)     179.17997        0.00007        2.65937     181.83934
	       D(12,11,10,22)      -1.61454       -0.00001       -0.15158      -1.76612
	       D(13,12,11,15)    -106.27168       -0.00003       -1.36744    -107.63912
	       D(13,12,14,23)       4.16915        0.00000       -0.10327       4.06588
	       D(14,12,11,15)      78.94015       -0.00012       -4.26257      74.67758
	         D(15,3,4,17)     179.91338       -0.00001        0.15195     180.06534
	         D(15,7,6,19)    -179.64040       -0.00001       -0.10719    -179.74759
	         D(15,7,8,20)    -179.71715       -0.00001       -0.22037    -179.93752
	       D(15,11,10,22)     179.19760       -0.00001       -0.16907     179.02853
	         D(17,4,5,18)      -0.36495       -0.00000       -0.12846      -0.49341
	         D(18,5,6,19)       0.07696        0.00000        0.08468       0.16164
	         D(20,8,9,21)       0.02726        0.00000        0.11450       0.14176
	        D(21,9,10,22)      -0.26119        0.00000        0.08847      -0.17271
	          D(4,3,1,16)     -49.17849        0.00010        0.04033     -49.13816
	         D(15,3,1,16)     128.81423       -0.00010       -0.42398     128.39024
	-------------------------------------------------------------------------------

	                                 ==> Convergence Check <==                                  
    
	Measures of convergence in internal coordinates in au.
    
	Criteria marked as inactive (o), active & met (*), and active & unmet ( ).

	----------------------------------------------------------------------------------------------~
	   Step    Total Energy     Delta E     Max Force     RMS Force      Max Disp      RMS Disp   ~
	----------------------------------------------------------------------------------------------~
	  Convergence Criteria     1.00e-06 *    3.00e-04 *             o    1.20e-03 *             o~
	----------------------------------------------------------------------------------------------~
	     1    -650.58668794   -6.51e+02      2.27e-02      5.78e-03 o    7.44e-02      1.99e-02 o  ~
	----------------------------------------------------------------------------------------------

Next Geometry in Ang 
	Fragment 1 (Ang)

	    C   2.5926044077  -2.2678495468  -0.7278547509
	    C   1.4838693662  -1.8310364616  -0.5139211005
	    C   0.1542845240  -1.3768028291  -0.2415806004
	    C  -0.8566832949  -2.3359109628  -0.2549520233
	    C  -2.1905927175  -2.0073520262   0.0448504405
	    C  -2.5193472822  -0.7098913954   0.3754195234
	    C  -1.5280026789   0.3028706844   0.4033713020
	    C  -1.8850088070   1.6271370769   0.7588335525
	    C  -0.9362057528   2.6248145965   0.8022096021
	    C   0.4010405294   2.3303451644   0.4751743255
	    C   0.7880432455   1.0523469912   0.1041340419
	    C   2.2335513789   0.8954493463  -0.2700612751
	    O   3.1680337799   0.9020045990   0.5021802147
	    O   2.4031875899   0.7902108617  -1.6106042532
	    C  -0.1583583425  -0.0131035205   0.0752615137
	    H   3.5721029680  -2.6517668758  -0.9014674216
	    H  -0.5899662212  -3.3590719255  -0.4970186655
	    H  -2.9585269592  -2.7752170435   0.0270530731
	    H  -3.5473493933  -0.4564198711   0.6208338682
	    H  -2.9196371500   1.8511487541   1.0045733300
	    H  -1.2223981770   3.6339590501   1.0841762788
	    H   1.1540118493   3.1116707690   0.5002810026
	    H   3.3613471476   0.6624645747  -1.7608919584


    Structure for next step:
    Molecular point group: c1
    Full point group: C1

    Geometry (in Angstrom), charge = 0, multiplicity = 1:

    C            2.592604407731    -2.267849546821    -0.727854750867
    C            1.483869366183    -1.831036461551    -0.513921100482
    C            0.154284524045    -1.376802829077    -0.241580600397
    C           -0.856683294935    -2.335910962841    -0.254952023277
    C           -2.190592717499    -2.007352026180     0.044850440475
    C           -2.519347282153    -0.709891395439     0.375419523402
    C           -1.528002678889     0.302870684350     0.403371301974
    C           -1.885008806999     1.627137076862     0.758833552537
    C           -0.936205752784     2.624814596492     0.802209602148
    C            0.401040529428     2.330345164384     0.475174325491
    C            0.788043245473     1.052346991249     0.104134041860
    C            2.233551378880     0.895449346277    -0.270061275145
    O            3.168033779914     0.902004599038     0.502180214732
    O            2.403187589913     0.790210861717    -1.610604253150
    C           -0.158358342482    -0.013103520451     0.075261513713
    H            3.572102968028    -2.651766875832    -0.901467421626
    H           -0.589966221225    -3.359071925467    -0.497018665533
    H           -2.958526959234    -2.775217043521     0.027053073053
    H           -3.547349393305    -0.456419871090     0.620833868166
    H           -2.919637150016     1.851148754131     1.004573330019
    H           -1.222398176957     3.633959050117     1.084176278752
    H            1.154011849266     3.111670768999     0.500281002579
    H            3.361347147616     0.662464574654    -1.760891958424


Scratch directory: /tmp/
gradient() will perform analytic gradient computation.
   => Libint2 <=

    Primary   basis highest AM E, G, H:  7, 6, 3
    Auxiliary basis highest AM E, G, H:  7, 7, 4
    Onebody   basis highest AM E, G, H:  -, -, -
    Solid Harmonics ordering:            Gaussian

*** tstart() called on ubuntu-32gb-hel1-14
*** at Tue Sep 29 23:03:24 2026

   => Loading Basis Set <=

    Name: 6-31G*
    Role: ORBITAL
    Keyword: BASIS
    atoms 1-12, 15 entry C          line   111 file /root/miniforge3/envs/qc/share/psi4/basis/6-31gs.gbs 
    atoms 13-14    entry O          line   145 file /root/miniforge3/envs/qc/share/psi4/basis/6-31gs.gbs 
    atoms 16-23    entry H          line    44 file /root/miniforge3/envs/qc/share/psi4/basis/6-31gs.gbs 


         ---------------------------------------------------------
                                   SCF
               by Justin Turney, Rob Parrish, Andy Simmonett
                          and Daniel G. A. Smith
                              RKS Reference
                       16 Threads,  22888 MiB Core
         ---------------------------------------------------------

  ==> Geometry <==

    Molecular point group: c1
    Full point group: C1

    Geometry (in Angstrom), charge = 0, multiplicity = 1:

       Center              X                  Y                   Z               Mass       
    ------------   -----------------  -----------------  -----------------  -----------------
         C            2.592604407731    -2.267849546821    -0.727854750867    12.000000000000
         C            1.483869366183    -1.831036461551    -0.513921100482    12.000000000000
         C            0.154284524045    -1.376802829077    -0.241580600397    12.000000000000
         C           -0.856683294935    -2.335910962841    -0.254952023277    12.000000000000
         C           -2.190592717499    -2.007352026180     0.044850440475    12.000000000000
         C           -2.519347282153    -0.709891395439     0.375419523402    12.000000000000
         C           -1.528002678889     0.302870684350     0.403371301974    12.000000000000
         C           -1.885008806999     1.627137076862     0.758833552537    12.000000000000
         C           -0.936205752784     2.624814596492     0.802209602148    12.000000000000
         C            0.401040529428     2.330345164384     0.475174325491    12.000000000000
         C            0.788043245473     1.052346991249     0.104134041860    12.000000000000
         C            2.233551378880     0.895449346277    -0.270061275145    12.000000000000
         O            3.168033779914     0.902004599038     0.502180214732    15.994914619570
         O            2.403187589913     0.790210861717    -1.610604253150    15.994914619570
         C           -0.158358342482    -0.013103520451     0.075261513713    12.000000000000
         H            3.572102968028    -2.651766875832    -0.901467421626     1.007825032230
         H           -0.589966221225    -3.359071925467    -0.497018665533     1.007825032230
         H           -2.958526959234    -2.775217043521     0.027053073053     1.007825032230
         H           -3.547349393305    -0.456419871090     0.620833868166     1.007825032230
         H           -2.919637150016     1.851148754131     1.004573330019     1.007825032230
         H           -1.222398176957     3.633959050117     1.084176278752     1.007825032230
         H            1.154011849266     3.111670768999     0.500281002579     1.007825032230
         H            3.361347147616     0.662464574654    -1.760891958424     1.007825032230

  Running in c1 symmetry.

  Rotational constants: A =      0.02899  B =      0.02159  C =      0.01316 [cm^-1]
  Rotational constants: A =    869.21236  B =    647.29047  C =    394.67201 [MHz]
  Nuclear repulsion =  890.412158475930482

  Charge       = 0
  Multiplicity = 1
  Electrons    = 102
  Nalpha       = 51
  Nbeta        = 51

  ==> Algorithm <==

  SCF Algorithm Type is DF.
  DIIS enabled.
  MOM disabled.
  Fractional occupation disabled.
  Guess Type is READ.
  Energy threshold   = 1.00e-08
  Density threshold  = 1.00e-08
  Integral threshold = 1.00e-12

  ==> Primary Basis <==

  Basis Set: 6-31G*
    Blend: 6-31G*
    Number of shells: 106
    Number of basis functions: 241
    Number of Cartesian functions: 241
    Spherical Harmonics?: false
    Max angular momentum: 2

  ==> DFT Potential <==

   => LibXC <=

    Version 7.1.2
    S. Lehtola, C. Steigemann, M. J. T. Oliveira, and M. A. L. Marques,  SoftwareX 7, 1–5 (2018) (10.1016/j.softx.2017.11.002)

   => Composite Functional: B3LYP <= 

    B3LYP Hyb-GGA Exchange-Correlation Functional

    P. J. Stephens, F. J. Devlin, C. F. Chabalowski, and M. J. Frisch,  J. Phys. Chem. 98, 11623 (1994) (10.1021/j100096a001)

    Deriv               =              1
    GGA                 =           TRUE
    Meta                =          FALSE

    Exchange Hybrid     =           TRUE
    MP2 Hybrid          =          FALSE

   => Exchange Functionals <=

    0.0800   Slater exchange
    0.7200         Becke 88

   => Exact (HF) Exchange <=

    0.2000               HF 

   => Correlation Functionals <=

    0.1900   Vosko, Wilk & Nusair (VWN5_RPA)
    0.8100   Lee, Yang & Parr

   => LibXC Density Thresholds  <==

    XC_HYB_GGA_XC_B3LYP:  1.00E-15 

   => Molecular Quadrature <=

    Radial Scheme          =       TREUTLER
    Pruning Scheme         =           NONE
    Nuclear Scheme         =       TREUTLER

    Blocking Scheme        =         OCTREE
    BS radius alpha        =              1
    Pruning alpha          =              1
    Radial Points          =             75
    Spherical Points       =            302
    Total Points           =         473728
    Total Blocks           =           3479
    Max Points             =            256
    Max Functions          =            226
    Weights Tolerance      =       1.00E-15

   => Loading Basis Set <=

    Name: (6-31G* AUX)
    Role: JKFIT
    Keyword: DF_BASIS_SCF
    atoms 1-12, 15 entry C          line   121 file /root/miniforge3/envs/qc/share/psi4/basis/cc-pvdz-jkfit.gbs 
    atoms 13-14    entry O          line   221 file /root/miniforge3/envs/qc/share/psi4/basis/cc-pvdz-jkfit.gbs 
    atoms 16-23    entry H          line    51 file /root/miniforge3/envs/qc/share/psi4/basis/cc-pvdz-jkfit.gbs 

   => Loading Basis Set <=

    Name: 6-31G*
    Role: ORBITAL
    Keyword: BASIS
    atoms 1-12, 15 entry C          line   111 file /root/miniforge3/envs/qc/share/psi4/basis/6-31gs.gbs 
    atoms 13-14    entry O          line   145 file /root/miniforge3/envs/qc/share/psi4/basis/6-31gs.gbs 
    atoms 16-23    entry H          line    44 file /root/miniforge3/envs/qc/share/psi4/basis/6-31gs.gbs 

  Reading orbitals from file /tmp/psi4.default.2140910.180.npy, no projection.

  ==> Integral Setup <==

  DFHelper Memory: AOs need 0.579 GiB; user supplied 14.818 GiB. 
  SCF_SUBTYPE=INCORE selected. In-core MEM_DF algorithm will be used.
  Using in-core AOs.

  ==> MemDFJK: Density-Fitted J/K Matrices <==

    J tasked:                   Yes
    K tasked:                   Yes
    wK tasked:                   No
    OpenMP threads:              16
    Memory [MiB]:             15173
    Algorithm:                 Core
    Schwarz Cutoff:           1E-12
    Mask sparsity (%):      11.0811
    Fitting Condition:        1E-10

   => Auxiliary Basis Set <=

  Basis Set: (6-31G* AUX)
    Blend: CC-PVDZ-JKFIT
    Number of shells: 432
    Number of basis functions: 1415
    Number of Cartesian functions: 1415
    Spherical Harmonics?: false
    Max angular momentum: 3

  Cached 100.0% of DFT collocation blocks in 1.946 [GiB].

  Minimum eigenvalue in the overlap matrix is 2.2183411793E-04.
  Reciprocal condition number of the overlap matrix is 2.8024035307E-05.
    Using symmetric orthogonalization.

  ==> Pre-Iterations <==

  SCF Guess: Orbitals guess was supplied from a previous computation.

   -------------------------------------------------------
    Irrep   Nso     Nmo     Nalpha   Nbeta   Ndocc  Nsocc
   -------------------------------------------------------
     A        241     241      51      51      51       0
   -------------------------------------------------------
    Total     241     241      51      51      51       0
   -------------------------------------------------------

  ==> Iterations <==

                           Total Energy        Delta E     RMS |[F,P]|

   @DF-RKS iter   0:  -650.56342371932794   -6.50563e+02   8.24433e-04 
   @DF-RKS iter   1:  -650.59062686105767   -2.72031e-02   1.39212e-04 DIIS/ADIIS
   @DF-RKS iter   2:  -650.58967790407246    9.48957e-04   2.36481e-04 DIIS/ADIIS
   @DF-RKS iter   3:  -650.59120359782276   -1.52569e-03   3.82896e-05 DIIS
   @DF-RKS iter   4:  -650.59123651467803   -3.29169e-05   1.33188e-05 DIIS
   @DF-RKS iter   5:  -650.59124024458811   -3.72991e-06   5.07944e-06 DIIS
   @DF-RKS iter   6:  -650.59124084467430   -6.00086e-07   2.22191e-06 DIIS
   @DF-RKS iter   7:  -650.59124097556071   -1.30886e-07   7.39235e-07 DIIS
   @DF-RKS iter   8:  -650.59124098984466   -1.42840e-08   2.98070e-07 DIIS
   @DF-RKS iter   9:  -650.59124099236294   -2.51828e-09   1.14552e-07 DIIS
   @DF-RKS iter  10:  -650.59124099274993   -3.86990e-10   4.29435e-08 DIIS
   @DF-RKS iter  11:  -650.59124099279950   -4.95675e-11   1.58618e-08 DIIS
   @DF-RKS iter  12:  -650.59124099280712   -7.61702e-12   6.20676e-09 DIIS
  Energy and wave function converged.


  ==> Post-Iterations <==

   Electrons on quadrature grid:
      Ntotal   =  102.0000303609 ; deviation = 3.036e-05 

    Orbital Energies [Eh]
    ---------------------

    Doubly Occupied:                                                      

       1A    -19.189782     2A    -19.134934     3A    -10.320408  
       4A    -10.225156     5A    -10.220571     6A    -10.214581  
       7A    -10.212025     8A    -10.205563     9A    -10.205124  
      10A    -10.203544    11A    -10.203068    12A    -10.201820  
      13A    -10.201813    14A    -10.193034    15A    -10.188249  
      16A     -1.099199    17A     -1.008212    18A     -0.888844  
      19A     -0.837750    20A     -0.803824    21A     -0.761146  
      22A     -0.753604    23A     -0.724794    24A     -0.662815  
      25A     -0.640511    26A     -0.627598    27A     -0.595385  
      28A     -0.549336    29A     -0.527209    30A     -0.518570  
      31A     -0.505824    32A     -0.484692    33A     -0.473266  
      34A     -0.464602    35A     -0.455173    36A     -0.435163  
      37A     -0.419776    38A     -0.409227    39A     -0.404705  
      40A     -0.400862    41A     -0.385212    42A     -0.355522  
      43A     -0.353092    44A     -0.346734    45A     -0.321275  
      46A     -0.309029    47A     -0.279763    48A     -0.273717  
      49A     -0.262969    50A     -0.255612    51A     -0.217092  

    Virtual:                                                              

      52A     -0.060854    53A     -0.020633    54A     -0.006259  
      55A      0.013829    56A      0.056142    57A      0.071743  
      58A      0.085733    59A      0.093314    60A      0.108645  
      61A      0.116747    62A      0.122903    63A      0.135545  
      64A      0.165034    65A      0.167457    66A      0.187819  
      67A      0.202545    68A      0.225926    69A      0.248916  
      70A      0.256649    71A      0.268356    72A      0.282836  
      73A      0.301462    74A      0.324888    75A      0.344448  
      76A      0.355704    77A      0.373962    78A      0.403161  
      79A      0.436247    80A      0.457872    81A      0.475705  
      82A      0.492123    83A      0.498968    84A      0.513949  
      85A      0.523530    86A      0.533009    87A      0.536439  
      88A      0.547535    89A      0.551998    90A      0.564503  
      91A      0.574811    92A      0.586015    93A      0.589610  
      94A      0.593362    95A      0.602408    96A      0.607412  
      97A      0.610430    98A      0.614137    99A      0.629552  
     100A      0.640642   101A      0.656449   102A      0.658140  
     103A      0.672325   104A      0.689126   105A      0.723458  
     106A      0.733499   107A      0.745820   108A      0.764179  
     109A      0.777824   110A      0.791408   111A      0.805616  
     112A      0.816047   113A      0.823563   114A      0.839132  
     115A      0.846163   116A      0.851992   117A      0.868212  
     118A      0.876766   119A      0.887306   120A      0.893019  
     121A      0.900166   122A      0.926342   123A      0.942800  
     124A      0.959255   125A      0.980470   126A      0.999453  
     127A      1.015106   128A      1.018937   129A      1.050946  
     130A      1.063264   131A      1.077168   132A      1.091316  
     133A      1.115928   134A      1.140519   135A      1.155302  
     136A      1.176247   137A      1.204521   138A      1.218074  
     139A      1.242560   140A      1.243605   141A      1.251781  
     142A      1.286962   143A      1.318226   144A      1.335584  
     145A      1.372555   146A      1.400590   147A      1.424945  
     148A      1.430255   149A      1.439371   150A      1.456379  
     151A      1.470249   152A      1.477460   153A      1.478621  
     154A      1.490096   155A      1.515443   156A      1.536902  
     157A      1.548795   158A      1.601163   159A      1.606322  
     160A      1.635267   161A      1.714584   162A      1.722895  
     163A      1.739732   164A      1.758031   165A      1.774059  
     166A      1.787107   167A      1.803313   168A      1.820486  
     169A      1.824725   170A      1.848288   171A      1.855898  
     172A      1.868904   173A      1.901062   174A      1.912131  
     175A      1.914077   176A      1.920258   177A      1.931080  
     178A      1.936549   179A      1.962644   180A      1.984200  
     181A      2.001385   182A      2.008139   183A      2.034398  
     184A      2.065134   185A      2.141123   186A      2.142137  
     187A      2.148166   188A      2.156411   189A      2.180383  
     190A      2.189312   191A      2.202221   192A      2.258732  
     193A      2.270570   194A      2.295104   195A      2.304585  
     196A      2.321851   197A      2.337875   198A      2.347329  
     199A      2.402475   200A      2.414459   201A      2.471591  
     202A      2.489500   203A      2.569442   204A      2.582939  
     205A      2.606699   206A      2.620235   207A      2.636240  
     208A      2.645747   209A      2.685066   210A      2.698021  
     211A      2.712378   212A      2.759317   213A      2.772872  
     214A      2.786285   215A      2.819976   216A      2.838624  
     217A      2.865936   218A      2.887593   219A      2.931223  
     220A      2.983287   221A      3.004803   222A      3.091981  
     223A      3.188254   224A      3.313602   225A      3.419792  
     226A      3.517959   227A      3.858803   228A      4.055486  
     229A      4.081998   230A      4.093095   231A      4.105469  
     232A      4.141283   233A      4.170562   234A      4.209406  
     235A      4.275358   236A      4.335999   237A      4.341103  
     238A      4.446405   239A      4.527128   240A      4.686225  
     241A      4.921102  

    Final Occupation by Irrep:
              A 
    DOCC [    51 ]
    NA   [    51 ]
    NB   [    51 ]

  @DF-RKS Final Energy:  -650.59124099280712

   => Energetics <=

    Nuclear Repulsion Energy =            890.4121584759304824
    One-Electron Energy =               -2649.4393269759943905
    Two-Electron Energy =                1181.7480123339178135
    DFT Exchange-Correlation Energy =     -73.3120848266609215
    Empirical Dispersion Energy =           0.0000000000000000
    VV10 Nonlocal Energy =                  0.0000000000000000
    Total Energy =                       -650.5912409928070019

Computation Completed


Properties will be evaluated at   0.000000,   0.000000,   0.000000 [a0]

Properties computed using the SCF density matrix


 Multipole Moments:

 ------------------------------------------------------------------------------------
     Multipole            Electronic (a.u.)      Nuclear  (a.u.)        Total (a.u.)
 ------------------------------------------------------------------------------------

 L = 1.  Multiply by 2.5417464519 to convert [e a0] to [Debye]
 Dipole X            :        -51.5485182           50.8232818           -0.7252365
 Dipole Y            :         -6.2948128            6.2372184           -0.0575945
 Dipole Z            :          4.5638690           -4.9218777           -0.3580087
 Magnitude           :                                                    0.8108362

 ------------------------------------------------------------------------------------

*** tstop() called on ubuntu-32gb-hel1-14 at Tue Sep 29 23:03:31 2026
Module time:
	user time   =     110.08 seconds =       1.83 minutes
	system time =       4.19 seconds =       0.07 minutes
	total time  =          7 seconds =       0.12 minutes
Total time:
	user time   =     278.21 seconds =       4.64 minutes
	system time =      12.96 seconds =       0.22 minutes
	total time  =         19 seconds =       0.32 minutes

*** tstart() called on ubuntu-32gb-hel1-14
*** at Tue Sep 29 23:03:31 2026


         ------------------------------------------------------------
                                   SCF GRAD                          
                          Rob Parrish, Justin Turney,                
                       Andy Simmonett, and Alex Sokolov              
         ------------------------------------------------------------

  ==> Geometry <==

    Molecular point group: c1
    Full point group: C1

    Geometry (in Angstrom), charge = 0, multiplicity = 1:

       Center              X                  Y                   Z               Mass       
    ------------   -----------------  -----------------  -----------------  -----------------
         C            2.592604407731    -2.267849546821    -0.727854750867    12.000000000000
         C            1.483869366183    -1.831036461551    -0.513921100482    12.000000000000
         C            0.154284524045    -1.376802829077    -0.241580600397    12.000000000000
         C           -0.856683294935    -2.335910962841    -0.254952023277    12.000000000000
         C           -2.190592717499    -2.007352026180     0.044850440475    12.000000000000
         C           -2.519347282153    -0.709891395439     0.375419523402    12.000000000000
         C           -1.528002678889     0.302870684350     0.403371301974    12.000000000000
         C           -1.885008806999     1.627137076862     0.758833552537    12.000000000000
         C           -0.936205752784     2.624814596492     0.802209602148    12.000000000000
         C            0.401040529428     2.330345164384     0.475174325491    12.000000000000
         C            0.788043245473     1.052346991249     0.104134041860    12.000000000000
         C            2.233551378880     0.895449346277    -0.270061275145    12.000000000000
         O            3.168033779914     0.902004599038     0.502180214732    15.994914619570
         O            2.403187589913     0.790210861717    -1.610604253150    15.994914619570
         C           -0.158358342482    -0.013103520451     0.075261513713    12.000000000000
         H            3.572102968028    -2.651766875832    -0.901467421626     1.007825032230
         H           -0.589966221225    -3.359071925467    -0.497018665533     1.007825032230
         H           -2.958526959234    -2.775217043521     0.027053073053     1.007825032230
         H           -3.547349393305    -0.456419871090     0.620833868166     1.007825032230
         H           -2.919637150016     1.851148754131     1.004573330019     1.007825032230
         H           -1.222398176957     3.633959050117     1.084176278752     1.007825032230
         H            1.154011849266     3.111670768999     0.500281002579     1.007825032230
         H            3.361347147616     0.662464574654    -1.760891958424     1.007825032230

  Nuclear repulsion =  890.412158475930482

  ==> Basis Set <==

  Basis Set: 6-31G*
    Blend: 6-31G*
    Number of shells: 106
    Number of basis functions: 241
    Number of Cartesian functions: 241
    Spherical Harmonics?: false
    Max angular momentum: 2

  ==> DFJKGrad: Density-Fitted SCF Gradients <==

    Gradient:                    1
    J tasked:                  Yes
    K tasked:                  Yes
    wK tasked:                  No
    OpenMP threads:             16
    Integrals threads:          16
    Memory [MiB]:            17166
    Schwarz Cutoff:          1E-12
    Fitting Condition:       1E-10

   => Auxiliary Basis Set <=

  Basis Set: (6-31G* AUX)
    Blend: CC-PVDZ-JKFIT
    Number of shells: 432
    Number of basis functions: 1415
    Number of Cartesian functions: 1415
    Spherical Harmonics?: false
    Max angular momentum: 3

  ==> DFT Potential <==

   => LibXC <=

    Version 7.1.2
    S. Lehtola, C. Steigemann, M. J. T. Oliveira, and M. A. L. Marques,  SoftwareX 7, 1–5 (2018) (10.1016/j.softx.2017.11.002)

   => Composite Functional: B3LYP <= 

    B3LYP Hyb-GGA Exchange-Correlation Functional

    P. J. Stephens, F. J. Devlin, C. F. Chabalowski, and M. J. Frisch,  J. Phys. Chem. 98, 11623 (1994) (10.1021/j100096a001)

    Deriv               =              1
    GGA                 =           TRUE
    Meta                =          FALSE

    Exchange Hybrid     =           TRUE
    MP2 Hybrid          =          FALSE

   => Exchange Functionals <=

    0.0800   Slater exchange
    0.7200         Becke 88

   => Exact (HF) Exchange <=

    0.2000               HF 

   => Correlation Functionals <=

    0.1900   Vosko, Wilk & Nusair (VWN5_RPA)
    0.8100   Lee, Yang & Parr

   => LibXC Density Thresholds  <==

    XC_HYB_GGA_XC_B3LYP:  1.00E-15 

   => Molecular Quadrature <=

    Radial Scheme          =       TREUTLER
    Pruning Scheme         =           NONE
    Nuclear Scheme         =       TREUTLER

    Blocking Scheme        =         OCTREE
    BS radius alpha        =              1
    Pruning alpha          =              1
    Radial Points          =             75
    Spherical Points       =            302
    Total Points           =         473728
    Total Blocks           =           3479
    Max Points             =            256
    Max Functions          =            226
    Weights Tolerance      =       1.00E-15


  -Total Gradient:
     Atom            X                  Y                   Z
    ------   -----------------  -----------------  -----------------
       1        0.002662198039     0.002020965273    -0.000516187634
       2       -0.000637017217     0.000103073397    -0.000745978416
       3       -0.001060164935     0.005931993496     0.001426225020
       4       -0.000914381035    -0.000786340417     0.000200327310
       5        0.001402000088    -0.003060369844    -0.000940049577
       6       -0.001284867795     0.005789903067     0.001387933226
       7       -0.000787086187     0.000844848928     0.000199951773
       8       -0.004228441557    -0.004928337439    -0.000292214795
       9        0.003849198163     0.001308145220    -0.000760197251
      10       -0.002630450254     0.003053932165     0.000381640677
      11       -0.000128846293    -0.005252801809    -0.000056791945
      12       -0.008195067415     0.005700638766     0.001040325437
      13        0.003732076359    -0.003833402040    -0.000322379312
      14        0.002262298220    -0.003366697207     0.001239181924
      15        0.005363479443    -0.002652851772    -0.000403401905
      16       -0.000175631508    -0.000291762407    -0.000103261901
      17        0.000203745348     0.000416637490     0.000012314985
      18       -0.000735112422     0.000693452311     0.000314201220
      19       -0.000470622124    -0.001507176314    -0.000281561926
      20        0.000444156024     0.001385049962     0.000339301134
      21       -0.001201989443    -0.000314712586     0.000211529812
      22        0.000428326326    -0.001095224614    -0.000377355707
      23        0.002078276994    -0.000136353416    -0.001949527073


*** tstop() called on ubuntu-32gb-hel1-14 at Tue Sep 29 23:03:34 2026
Module time:
	user time   =      33.18 seconds =       0.55 minutes
	system time =       2.28 seconds =       0.04 minutes
	total time  =          3 seconds =       0.05 minutes
Total time:
	user time   =     311.41 seconds =       5.19 minutes
	system time =      15.24 seconds =       0.25 minutes
	total time  =         22 seconds =       0.37 minutes

    			-----------------------------------------

    			 OPTKING 3.0: for geometry optimizations 

    			     By R.A. King, Bethel University     

    			        with contributions from          

    			    A.V. Copan, J. Cayton, A. Heide      

    			-----------------------------------------

    
	                            ===> Fragment 1 <== 

	 Z (Atomic Numbers)          Masses                          Geom                  
	       6.000000            12.000000          4.89931228 -4.28561454 -1.37544614   
	       6.000000            12.000000          2.80410671 -3.46015744 -0.97117013   
	       6.000000            12.000000          0.29155550 -2.60178028 -0.45652117   
	       6.000000            12.000000         -1.61889680 -4.41423197 -0.48178950   
	       6.000000            12.000000         -4.13962029 -3.79334557  0.08475505   
	       6.000000            12.000000         -4.76087638 -1.34150032  0.70944008   
	       6.000000            12.000000         -2.88750658  0.57234264  0.76226129   
	       6.000000            12.000000         -3.56215039  3.07484344  1.43398759   
	       6.000000            12.000000         -1.76917247  4.96018072  1.51595644   
	       6.000000            12.000000          0.75785677  4.40371414  0.89794934   
	       6.000000            12.000000          1.48918591  1.98864760  0.19678482   
	       6.000000            12.000000          4.22080039  1.69215402 -0.51034185   
	       8.000000            15.994915          5.98671620  1.70454166  0.94898307   
	       8.000000            15.994915          4.54136637  1.49328211 -3.04360093   
	       6.000000            12.000000         -0.29925390 -0.02476206  0.14222365   
	       1.000000             1.007825          6.75029630 -5.01111314 -1.70352654   
	       1.000000             1.007825         -1.11487458 -6.34772597 -0.93922916   
	       1.000000             1.007825         -5.59080569 -5.24440015  0.05112290   
	       1.000000             1.007825         -6.70351882 -0.86250855  1.17320598   
	       1.000000             1.007825         -5.51731460  3.49816416  1.89836847   
	       1.000000             1.007825         -2.30999777  6.86718736  2.04879624   
	       1.000000             1.007825          2.18076634  5.88020555  0.94539408   
	       1.000000             1.007825          6.35202552  1.25187661 -3.32760354   

	 - Coordinate -           - BOHR/RAD -       - ANG/DEG -
	 R(1,2)           =         2.287948           1.210730
	 R(1,16)          =         2.014976           1.066279
	 R(2,3)           =         2.704550           1.431186
	 R(3,4)           =         2.633524           1.393601
	 R(3,15)          =         2.710825           1.434507
	 R(4,5)           =         2.657164           1.406111
	 R(4,17)          =         2.049802           1.084709
	 R(5,6)           =         2.605328           1.378680
	 R(5,18)          =         2.052469           1.086120
	 R(6,7)           =         2.678638           1.417474
	 R(6,19)          =         2.053867           1.086860
	 R(7,8)           =         2.677475           1.416859
	 R(7,15)          =         2.727642           1.443406
	 R(8,9)           =         2.603072           1.377487
	 R(8,20)          =         2.053659           1.086750
	 R(9,10)          =         2.660350           1.407797
	 R(9,21)          =         2.052580           1.086179
	 R(10,11)         =         2.618973           1.385901
	 R(10,22)         =         2.051085           1.085387
	 R(11,12)         =         2.837191           1.501377
	 R(11,15)         =         2.693569           1.425375
	 R(12,13)         =         2.290904           1.212294
	 R(12,14)         =         2.561194           1.355325
	 R(14,23)         =         1.848627           0.978251
	 L(1,2,3)         =         3.094216         177.285533
	 l(1,2,3)         =         3.141593         180.000000
	 L(2,1,16)        =         3.127406         179.187150
	 l(2,1,16)        =         3.141593         180.000000
	 B(2,3,4)         =         2.041687         116.980071
	 B(2,3,15)        =         2.148640         123.107983
	 B(3,4,5)         =         2.123895         121.690228
	 B(3,4,17)        =         2.063418         118.225150
	 B(3,15,7)        =         2.054564         117.717861
	 B(3,15,11)       =         2.177738         124.775173
	 B(4,3,15)        =         2.092395         119.885389
	 B(4,5,6)         =         2.091204         119.817175
	 B(4,5,18)        =         2.096762         120.135591
	 B(5,4,17)        =         2.095840         120.082764
	 B(5,6,7)         =         2.106389         120.687203
	 B(5,6,19)        =         2.093424         119.944380
	 B(6,5,18)        =         2.095159         120.043746
	 B(6,7,8)         =         2.090379         119.769883
	 B(6,7,15)        =         2.097568         120.181775
	 B(7,6,19)        =         2.083367         119.368163
	 B(7,8,9)         =         2.107478         120.749600
	 B(7,8,20)        =         2.082054         119.292927
	 B(7,15,11)       =         2.050820         117.503325
	 B(8,7,15)        =         2.095234         120.048048
	 B(8,9,10)        =         2.089164         119.700285
	 B(8,9,21)        =         2.093927         119.973160
	 B(9,8,20)        =         2.093636         119.956535
	 B(9,10,11)       =         2.118030         121.354182
	 B(9,10,22)       =         2.097889         120.200167
	 B(10,9,21)       =         2.100087         120.326145
	 B(10,11,12)      =         2.017444         115.591005
	 B(10,11,15)      =         2.105174         120.617579
	 B(11,10,22)      =         2.067221         118.443035
	 B(11,12,13)      =         2.192996         125.649419
	 B(11,12,14)      =         1.955340         112.032718
	 B(12,11,15)      =         2.160478         123.786269
	 B(12,14,23)      =         1.859474         106.540034
	 B(13,12,14)      =         2.134121         122.276132
	 D(2,3,4,5)       =         3.102383         177.753432
	 D(2,3,4,17)      =        -0.030560          -1.750966
	 D(2,3,15,7)      =        -3.082143        -176.593791
	 D(2,3,15,11)     =         0.046999           2.692826
	 D(3,4,5,6)       =        -0.011654          -0.667748
	 D(3,4,5,18)      =        -3.141396        -179.988758
	 D(3,15,7,6)      =        -0.025898          -1.483870
	 D(3,15,7,8)      =         3.112239         178.318188
	 D(3,15,11,10)    =        -3.095499        -177.359018
	 D(3,15,11,12)    =         0.061144           3.503313
	 D(4,3,15,7)      =         0.025723           1.473809
	 D(4,3,15,11)     =        -3.128321        -179.239574
	 D(4,5,6,7)       =         0.011441           0.655532
	 D(4,5,6,19)      =        -3.126932        -179.160003
	 D(5,4,3,15)      =        -0.007510          -0.430265
	 D(5,6,7,8)       =        -3.130541        -179.366791
	 D(5,6,7,15)      =         0.007606           0.435818
	 D(6,5,4,17)      =         3.121130         178.827604
	 D(6,7,8,9)       =         3.133088         179.512711
	 D(6,7,8,20)      =        -0.002350          -0.134645
	 D(6,7,15,11)     =         3.127224         179.176760
	 D(7,6,5,18)      =         3.141194         179.977173
	 D(7,8,9,10)      =         0.012723           0.728951
	 D(7,8,9,21)      =        -3.132923        -179.503269
	 D(7,15,11,10)    =         0.033667           1.928994
	 D(7,15,11,12)    =        -3.092875        -177.208675
	 D(8,7,6,19)      =         0.007850           0.449798
	 D(8,7,15,11)     =        -0.017823          -1.021183
	 D(8,9,10,11)     =         0.003349           0.191909
	 D(8,9,10,22)     =         3.134511         179.594235
	 D(9,8,7,15)      =        -0.005064          -0.290166
	 D(9,10,11,12)    =         3.100515         177.646413
	 D(9,10,11,15)    =        -0.027209          -1.558938
	 D(10,9,8,20)     =        -3.135066        -179.626024
	 D(10,11,12,13)   =         1.277297          73.183707
	 D(10,11,12,14)   =        -1.823862        -104.499592
	 D(11,10,9,21)    =        -3.134176        -179.575039
	 D(11,12,14,23)   =         3.173695         181.839338
	 D(12,11,10,22)   =        -0.030825          -1.766122
	 D(13,12,11,15)   =        -1.878657        -107.639120
	 D(13,12,14,23)   =         0.070963           4.065882
	 D(14,12,11,15)   =         1.303370          74.677581
	 D(15,3,4,17)     =         3.142733         180.065337
	 D(15,7,6,19)     =        -3.137187        -179.747593
	 D(15,7,8,20)     =        -3.140502        -179.937522
	 D(15,11,10,22)   =         3.124637         179.028527
	 D(17,4,5,18)     =        -0.008612          -0.493406
	 D(18,5,6,19)     =         0.002821           0.161638
	 D(20,8,9,21)     =         0.002474           0.141757
	 D(21,9,10,22)    =        -0.003014          -0.172713
	 D(4,3,1,16)      =        -0.857623         -49.138158
	 D(15,3,1,16)     =         2.240832         128.390245


	        --- Internal Coordinate Step in ANG or DEG, aJ/ANG or AJ/DEG ---
	-------------------------------------------------------------------------------
	           Coordinate      Previous         Force          Change          New 
	           ----------      --------        ------          ------        ------
	               R(1,2)       1.21073       -0.01455        0.00268       1.21341
	              R(1,16)       1.06628        0.00031        0.00054       1.06681
	               R(2,3)       1.43119       -0.01153       -0.00368       1.42751
	               R(3,4)       1.39360       -0.00899       -0.00490       1.38870
	              R(3,15)       1.43451        0.06580        0.01014       1.44464
	               R(4,5)       1.40611       -0.01014        0.00574       1.41185
	              R(4,17)       1.08471        0.00284       -0.00095       1.08375
	               R(5,6)       1.37868       -0.02866       -0.00793       1.37075
	              R(5,18)       1.08612       -0.00020       -0.00025       1.08587
	               R(6,7)       1.41747        0.00735        0.00592       1.42340
	              R(6,19)       1.08686       -0.00024       -0.00082       1.08604
	               R(7,8)       1.41686        0.01376        0.00564       1.42250
	              R(7,15)       1.44341       -0.01010        0.00635       1.44976
	               R(8,9)       1.37749       -0.02940       -0.00901       1.36848
	              R(8,20)       1.08675        0.00051       -0.00087       1.08588
	              R(9,10)       1.40780       -0.00408        0.00777       1.41557
	              R(9,21)       1.08618       -0.00064       -0.00034       1.08584
	             R(10,11)       1.38590       -0.01561       -0.00879       1.37711
	             R(10,22)       1.08539        0.00412       -0.00026       1.08513
	             R(11,12)       1.50138       -0.00046        0.01206       1.51343
	             R(11,15)       1.42538        0.05243        0.00585       1.43122
	             R(12,13)       1.21229       -0.02185       -0.00227       1.21002
	             R(12,14)       1.35533       -0.01251        0.00272       1.35805
	             R(14,23)       0.97825       -0.01940       -0.00239       0.97587
	             L(1,2,3)     177.28553       -0.00037       -1.26415     176.02138
	             l(1,2,3)     180.00000       -0.00006       -0.18432     179.81568
	            L(2,1,16)     179.18715       -0.00006       -0.05023     179.13692
	            l(2,1,16)     180.00000       -0.00007       -0.18787     179.81213
	             B(2,3,4)     116.98007       -0.00040       -0.60727     116.37280
	            B(2,3,15)     123.10798        0.00042        0.95251     124.06049
	             B(3,4,5)     121.69023        0.00007        0.58334     122.27357
	            B(3,4,17)     118.22515       -0.00001       -0.74475     117.48040
	            B(3,15,7)     117.71786       -0.00021       -0.15338     117.56448
	           B(3,15,11)     124.77517        0.00043        0.04093     124.81610
	            B(4,3,15)     119.88539       -0.00002       -0.45773     119.42766
	             B(4,5,6)     119.81718       -0.00002       -0.06147     119.75570
	            B(4,5,18)     120.13559       -0.00007       -0.29793     119.83766
	            B(5,4,17)     120.08276       -0.00006        0.15261     120.23537
	             B(5,6,7)     120.68720        0.00013        0.07690     120.76410
	            B(5,6,19)     119.94438        0.00006        0.98662     120.93100
	            B(6,5,18)     120.04375        0.00009        0.34409     120.38784
	             B(6,7,8)     119.76988       -0.00009        0.23516     120.00504
	            B(6,7,15)     120.18177        0.00005       -0.06081     120.12096
	            B(7,6,19)     119.36816       -0.00019       -1.06498     118.30319
	             B(7,8,9)     120.74960        0.00013        0.03017     120.77977
	            B(7,8,20)     119.29293       -0.00018       -1.00946     118.28346
	           B(7,15,11)     117.50333       -0.00022        0.09110     117.59443
	            B(8,7,15)     120.04805        0.00004       -0.17578     119.87227
	            B(8,9,10)     119.70028       -0.00006       -0.15515     119.54514
	            B(8,9,21)     119.97316        0.00013        0.43592     120.40908
	            B(9,8,20)     119.95653        0.00005        0.97618     120.93271
	           B(9,10,11)     121.35418        0.00007        0.72063     122.07481
	           B(9,10,22)     120.20017       -0.00012       -0.32278     119.87739
	           B(10,9,21)     120.32614       -0.00007       -0.28596     120.04018
	          B(10,11,12)     115.59101       -0.00045       -0.78259     114.80841
	          B(10,11,15)     120.61758        0.00004       -0.58270     120.03488
	          B(11,10,22)     118.44303        0.00005       -0.40980     118.03323
	          B(11,12,13)     125.64942       -0.00014       -1.61057     124.03884
	          B(11,12,14)     112.03272       -0.00026       -0.84505     111.18767
	          B(12,11,15)     123.78627        0.00041        1.34795     125.13422
	          B(12,14,23)     106.54003       -0.00022       -0.05549     106.48455
	          B(13,12,14)     122.27613        0.00039       -0.15705     122.11908
	           D(2,3,4,5)     177.75343       -0.00006       -2.80810     174.94533
	          D(2,3,4,17)      -1.75097       -0.00004       -2.11780      -3.86877
	          D(2,3,15,7)    -176.59379        0.00011        4.20167    -172.39212
	         D(2,3,15,11)       2.69283        0.00008        3.04789       5.74071
	           D(3,4,5,6)      -0.66775       -0.00001       -0.72585      -1.39359
	          D(3,4,5,18)    -179.98876        0.00001        0.16608    -179.82268
	          D(3,15,7,6)      -1.48387       -0.00005       -1.71648      -3.20035
	          D(3,15,7,8)     178.31819       -0.00005       -1.99700     176.32119
	        D(3,15,11,10)    -177.35902        0.00008        2.86117    -174.49785
	        D(3,15,11,12)       3.50331        0.00011        3.81643       7.31974
	          D(4,3,15,7)       1.47381        0.00005        1.68624       3.16005
	         D(4,3,15,11)    -179.23957        0.00002        0.53246    -178.70711
	           D(4,5,6,7)       0.65553        0.00002        0.69936       1.35490
	          D(4,5,6,19)    -179.16000        0.00003        0.99852    -178.16148
	          D(5,4,3,15)      -0.43026       -0.00003       -0.51216      -0.94243
	           D(5,6,7,8)    -179.36679        0.00002        0.81995    -178.54684
	          D(5,6,7,15)       0.43582        0.00001        0.53824       0.97406
	          D(6,5,4,17)     178.82760       -0.00004       -1.43895     177.38865
	           D(6,7,8,9)     179.51271       -0.00002       -0.64737     178.86534
	          D(6,7,8,20)      -0.13465       -0.00001       -0.27383      -0.40847
	         D(6,7,15,11)     179.17676       -0.00002       -0.64748     178.52928
	          D(7,6,5,18)     179.97717       -0.00000       -0.20197     179.77521
	          D(7,8,9,10)       0.72895        0.00003        0.88610       1.61505
	          D(7,8,9,21)    -179.50327        0.00001        0.25815    -179.24512
	        D(7,15,11,10)       1.92899        0.00005        1.70548       3.63447
	        D(7,15,11,12)    -177.20867        0.00008        2.66074    -174.54794
	          D(8,7,6,19)       0.44980        0.00002        0.53219       0.98199
	         D(8,7,15,11)      -1.02118       -0.00003       -0.92800      -1.94918
	         D(8,9,10,11)       0.19191       -0.00000       -0.06814       0.12377
	         D(8,9,10,22)     179.59424       -0.00003       -0.88644     178.70780
	          D(9,8,7,15)      -0.29017       -0.00001       -0.36659      -0.65676
	        D(9,10,11,12)     177.64641       -0.00005       -2.10154     175.54487
	        D(9,10,11,15)      -1.55894       -0.00004       -1.25868      -2.81762
	         D(10,9,8,20)    -179.62602        0.00002        0.49555    -179.13048
	       D(10,11,12,13)      73.18371       -0.00015       -7.70646      65.47724
	       D(10,11,12,14)    -104.49959        0.00020        8.17664     -96.32295
	        D(11,10,9,21)    -179.57504        0.00002        0.55575    -179.01929
	       D(11,12,14,23)     181.83934       -0.00016       -6.64867     175.19067
	       D(12,11,10,22)      -1.76612       -0.00003       -1.29804      -3.06416
	       D(13,12,11,15)    -107.63912       -0.00017       -8.61711    -116.25623
	       D(13,12,14,23)       4.06588        0.00019        8.91834      12.98422
	       D(14,12,11,15)      74.67758        0.00018        7.26600      81.94358
	         D(15,3,4,17)     180.06534       -0.00000        0.17813     180.24347
	         D(15,7,6,19)    -179.74759        0.00001        0.25048    -179.49711
	         D(15,7,8,20)    -179.93752        0.00000        0.00695    -179.93057
	       D(15,11,10,22)     179.02853       -0.00001       -0.45518     178.57335
	         D(17,4,5,18)      -0.49341       -0.00001       -0.54703      -1.04043
	         D(18,5,6,19)       0.16164        0.00000        0.09719       0.25883
	         D(20,8,9,21)       0.14176       -0.00000       -0.13240       0.00936
	        D(21,9,10,22)      -0.17271       -0.00001       -0.26255      -0.43526
	          D(4,3,1,16)     -49.13816        0.00006        1.39130     -47.74685
	         D(15,3,1,16)     128.39024       -0.00006       -1.46477     126.92547
	-------------------------------------------------------------------------------

	                                 ==> Convergence Check <==                                  
    
	Measures of convergence in internal coordinates in au.
    
	Criteria marked as inactive (o), active & met (*), and active & unmet ( ).

	----------------------------------------------------------------------------------------------
	   Step    Total Energy     Delta E     Max Force     RMS Force      Max Disp      RMS Disp   
	----------------------------------------------------------------------------------------------
	  Convergence Criteria     1.00e-06 *    3.00e-04 *             o    1.20e-03 *             o
	----------------------------------------------------------------------------------------------
	     2    -650.59124099   -4.55e-03      7.99e-03      2.06e-03 o    1.56e-01      3.68e-02 o  ~
	----------------------------------------------------------------------------------------------

Next Geometry in Ang 
	Fragment 1 (Ang)

	    C   2.5288897122  -2.4192063685  -0.7308213152
	    C   1.4406215129  -1.9045317818  -0.5786621042
	    C   0.1254480497  -1.3884135367  -0.3744042490
	    C  -0.9200970769  -2.2919034076  -0.5123347331
	    C  -2.2598724648  -1.9423328420  -0.2364245715
	    C  -2.5555370905  -0.6807071974   0.2106145729
	    C  -1.5300977316   0.2929530644   0.3734656542
	    C  -1.8505654796   1.5877152678   0.8678372879
	    C  -0.8739240704   2.5283756018   1.0523816425
	    C   0.4656330198   2.2192767121   0.7149318608
	    C   0.8259013725   0.9940462647   0.1997170271
	    C   2.2806123481   0.8765162443  -0.2008856158
	    O   3.2040920452   0.9250835269   0.5794828216
	    O   2.4443865176   1.1093033316  -1.5287693545
	    C  -0.1564761902  -0.0353893335   0.0461169652
	    H   3.4896925315  -2.8674583822  -0.8492341757
	    H  -0.6723897932  -3.2994005270  -0.8255641908
	    H  -3.0464735915  -2.6814706630  -0.3549694550
	    H  -3.5754881268  -0.4004878456   0.4568994264
	    H  -2.8874130474   1.8054931391   1.1058513112
	    H  -1.1235965806   3.5108253123   1.4416207984
	    H   1.2409966301   2.9681690977   0.8393225322
	    H   3.4056575140   1.0935443326  -1.6961721157


    Structure for next step:
    Molecular point group: c1
    Full point group: C1

    Geometry (in Angstrom), charge = 0, multiplicity = 1:

    C            2.528889712245    -2.419206368501    -0.730821315206
    C            1.440621512927    -1.904531781775    -0.578662104230
    C            0.125448049742    -1.388413536661    -0.374404248969
    C           -0.920097076911    -2.291903407572    -0.512334733076
    C           -2.259872464784    -1.942332841963    -0.236424571524
    C           -2.555537090461    -0.680707197398     0.210614572949
    C           -1.530097731579     0.292953064420     0.373465654169
    C           -1.850565479581     1.587715267793     0.867837287898
    C           -0.873924070447     2.528375601828     1.052381642480
    C            0.465633019800     2.219276712052     0.714931860773
    C            0.825901372468     0.994046264725     0.199717027137
    C            2.280612348061     0.876516244267    -0.200885615762
    O            3.204092045162     0.925083526880     0.579482821565
    O            2.444386517569     1.109303331597    -1.528769354466
    C           -0.156476190242    -0.035389333524     0.046116965184
    H            3.489692531464    -2.867458382184    -0.849234175674
    H           -0.672389793170    -3.299400526985    -0.825564190798
    H           -3.046473591514    -2.681470663001    -0.354969454977
    H           -3.575488126819    -0.400487845628     0.456899426387
    H           -2.887413047368     1.805493139092     1.105851311247
    H           -1.123596580600     3.510825312251     1.441620798409
    H            1.240996630085     2.968169097689     0.839322532199
    H            3.405657513953     1.093544332596    -1.696172115714


Scratch directory: /tmp/
gradient() will perform analytic gradient computation.
   => Libint2 <=

    Primary   basis highest AM E, G, H:  7, 6, 3
    Auxiliary basis highest AM E, G, H:  7, 7, 4
    Onebody   basis highest AM E, G, H:  -, -, -
    Solid Harmonics ordering:            Gaussian

*** tstart() called on ubuntu-32gb-hel1-14
*** at Tue Sep 29 23:03:34 2026

   => Loading Basis Set <=

    Name: 6-31G*
    Role: ORBITAL
    Keyword: BASIS
    atoms 1-12, 15 entry C          line   111 file /root/miniforge3/envs/qc/share/psi4/basis/6-31gs.gbs 
    atoms 13-14    entry O          line   145 file /root/miniforge3/envs/qc/share/psi4/basis/6-31gs.gbs 
    atoms 16-23    entry H          line    44 file /root/miniforge3/envs/qc/share/psi4/basis/6-31gs.gbs 


         ---------------------------------------------------------
                                   SCF
               by Justin Turney, Rob Parrish, Andy Simmonett
                          and Daniel G. A. Smith
                              RKS Reference
                       16 Threads,  22888 MiB Core
         ---------------------------------------------------------

  ==> Geometry <==

    Molecular point group: c1
    Full point group: C1

    Geometry (in Angstrom), charge = 0, multiplicity = 1:

       Center              X                  Y                   Z               Mass       
    ------------   -----------------  -----------------  -----------------  -----------------
         C            2.528889712245    -2.419206368501    -0.730821315206    12.000000000000
         C            1.440621512927    -1.904531781775    -0.578662104230    12.000000000000
         C            0.125448049742    -1.388413536661    -0.374404248969    12.000000000000
         C           -0.920097076911    -2.291903407572    -0.512334733076    12.000000000000
         C           -2.259872464784    -1.942332841963    -0.236424571524    12.000000000000
         C           -2.555537090461    -0.680707197398     0.210614572949    12.000000000000
         C           -1.530097731579     0.292953064420     0.373465654169    12.000000000000
         C           -1.850565479581     1.587715267793     0.867837287898    12.000000000000
         C           -0.873924070447     2.528375601828     1.052381642480    12.000000000000
         C            0.465633019800     2.219276712052     0.714931860773    12.000000000000
         C            0.825901372468     0.994046264725     0.199717027137    12.000000000000
         C            2.280612348061     0.876516244267    -0.200885615762    12.000000000000
         O            3.204092045162     0.925083526880     0.579482821565    15.994914619570
         O            2.444386517569     1.109303331597    -1.528769354466    15.994914619570
         C           -0.156476190242    -0.035389333524     0.046116965184    12.000000000000
         H            3.489692531464    -2.867458382184    -0.849234175674     1.007825032230
         H           -0.672389793170    -3.299400526985    -0.825564190798     1.007825032230
         H           -3.046473591514    -2.681470663001    -0.354969454977     1.007825032230
         H           -3.575488126819    -0.400487845628     0.456899426387     1.007825032230
         H           -2.887413047368     1.805493139092     1.105851311247     1.007825032230
         H           -1.123596580600     3.510825312251     1.441620798409     1.007825032230
         H            1.240996630085     2.968169097689     0.839322532199     1.007825032230
         H            3.405657513953     1.093544332596    -1.696172115714     1.007825032230

  Running in c1 symmetry.

  Rotational constants: A =      0.02818  B =      0.02128  C =      0.01297 [cm^-1]
  Rotational constants: A =    844.94156  B =    638.01448  C =    388.84925 [MHz]
  Nuclear repulsion =  884.903413335362984

  Charge       = 0
  Multiplicity = 1
  Electrons    = 102
  Nalpha       = 51
  Nbeta        = 51

  ==> Algorithm <==

  SCF Algorithm Type is DF.
  DIIS enabled.
  MOM disabled.
  Fractional occupation disabled.
  Guess Type is READ.
  Energy threshold   = 1.00e-08
  Density threshold  = 1.00e-08
  Integral threshold = 1.00e-12

  ==> Primary Basis <==

  Basis Set: 6-31G*
    Blend: 6-31G*
    Number of shells: 106
    Number of basis functions: 241
    Number of Cartesian functions: 241
    Spherical Harmonics?: false
    Max angular momentum: 2

  ==> DFT Potential <==

   => LibXC <=

    Version 7.1.2
    S. Lehtola, C. Steigemann, M. J. T. Oliveira, and M. A. L. Marques,  SoftwareX 7, 1–5 (2018) (10.1016/j.softx.2017.11.002)

   => Composite Functional: B3LYP <= 

    B3LYP Hyb-GGA Exchange-Correlation Functional

    P. J. Stephens, F. J. Devlin, C. F. Chabalowski, and M. J. Frisch,  J. Phys. Chem. 98, 11623 (1994) (10.1021/j100096a001)

    Deriv               =              1
    GGA                 =           TRUE
    Meta                =          FALSE

    Exchange Hybrid     =           TRUE
    MP2 Hybrid          =          FALSE

   => Exchange Functionals <=

    0.0800   Slater exchange
    0.7200         Becke 88

   => Exact (HF) Exchange <=

    0.2000               HF 

   => Correlation Functionals <=

    0.1900   Vosko, Wilk & Nusair (VWN5_RPA)
    0.8100   Lee, Yang & Parr

   => LibXC Density Thresholds  <==

    XC_HYB_GGA_XC_B3LYP:  1.00E-15 

   => Molecular Quadrature <=

    Radial Scheme          =       TREUTLER
    Pruning Scheme         =           NONE
    Nuclear Scheme         =       TREUTLER

    Blocking Scheme        =         OCTREE
    BS radius alpha        =              1
    Pruning alpha          =              1
    Radial Points          =             75
    Spherical Points       =            302
    Total Points           =         474136
    Total Blocks           =           3470
    Max Points             =            256
    Max Functions          =            226
    Weights Tolerance      =       1.00E-15

   => Loading Basis Set <=

    Name: (6-31G* AUX)
    Role: JKFIT
    Keyword: DF_BASIS_SCF
    atoms 1-12, 15 entry C          line   121 file /root/miniforge3/envs/qc/share/psi4/basis/cc-pvdz-jkfit.gbs 
    atoms 13-14    entry O          line   221 file /root/miniforge3/envs/qc/share/psi4/basis/cc-pvdz-jkfit.gbs 
    atoms 16-23    entry H          line    51 file /root/miniforge3/envs/qc/share/psi4/basis/cc-pvdz-jkfit.gbs 

   => Loading Basis Set <=

    Name: 6-31G*
    Role: ORBITAL
    Keyword: BASIS
    atoms 1-12, 15 entry C          line   111 file /root/miniforge3/envs/qc/share/psi4/basis/6-31gs.gbs 
    atoms 13-14    entry O          line   145 file /root/miniforge3/envs/qc/share/psi4/basis/6-31gs.gbs 
    atoms 16-23    entry H          line    44 file /root/miniforge3/envs/qc/share/psi4/basis/6-31gs.gbs 

  Reading orbitals from file /tmp/psi4.default.2140910.180.npy, no projection.

  ==> Integral Setup <==

  DFHelper Memory: AOs need 0.577 GiB; user supplied 14.841 GiB. 
  SCF_SUBTYPE=INCORE selected. In-core MEM_DF algorithm will be used.
  Using in-core AOs.

  ==> MemDFJK: Density-Fitted J/K Matrices <==

    J tasked:                   Yes
    K tasked:                   Yes
    wK tasked:                   No
    OpenMP threads:              16
    Memory [MiB]:             15196
    Algorithm:                 Core
    Schwarz Cutoff:           1E-12
    Mask sparsity (%):      11.4254
    Fitting Condition:        1E-10

   => Auxiliary Basis Set <=

  Basis Set: (6-31G* AUX)
    Blend: CC-PVDZ-JKFIT
    Number of shells: 432
    Number of basis functions: 1415
    Number of Cartesian functions: 1415
    Spherical Harmonics?: false
    Max angular momentum: 3

  Cached 100.0% of DFT collocation blocks in 1.923 [GiB].

  Minimum eigenvalue in the overlap matrix is 2.2474217932E-04.
  Reciprocal condition number of the overlap matrix is 2.8484210822E-05.
    Using symmetric orthogonalization.

  ==> Pre-Iterations <==

  SCF Guess: Orbitals guess was supplied from a previous computation.

   -------------------------------------------------------
    Irrep   Nso     Nmo     Nalpha   Nbeta   Ndocc  Nsocc
   -------------------------------------------------------
     A        241     241      51      51      51       0
   -------------------------------------------------------
    Total     241     241      51      51      51       0
   -------------------------------------------------------

  ==> Iterations <==

                           Total Energy        Delta E     RMS |[F,P]|

   @DF-RKS iter   0:  -650.47555292504308   -6.50476e+02   2.24623e-03 
   @DF-RKS iter   1:  -650.58037121520624   -1.04818e-01   5.03540e-04 DIIS/ADIIS
   @DF-RKS iter   2:  -650.55764184325824    2.27294e-02   1.06935e-03 DIIS/ADIIS
   @DF-RKS iter   3:  -650.58780613412455   -3.01643e-02   1.52026e-04 DIIS/ADIIS
   @DF-RKS iter   4:  -650.58834769742509   -5.41563e-04   5.55025e-05 DIIS
   @DF-RKS iter   5:  -650.58841408676994   -6.63893e-05   3.08062e-05 DIIS
   @DF-RKS iter   6:  -650.58844041774910   -2.63310e-05   6.69548e-06 DIIS
   @DF-RKS iter   7:  -650.58844138728932   -9.69540e-07   2.89786e-06 DIIS
   @DF-RKS iter   8:  -650.58844162698495   -2.39696e-07   8.16944e-07 DIIS
   @DF-RKS iter   9:  -650.58844164660661   -1.96217e-08   2.93545e-07 DIIS
   @DF-RKS iter  10:  -650.58844164938250   -2.77589e-09   9.53283e-08 DIIS
   @DF-RKS iter  11:  -650.58844164963000   -2.47496e-10   4.30772e-08 DIIS
   @DF-RKS iter  12:  -650.58844164968389   -5.38876e-11   1.83589e-08 DIIS
   @DF-RKS iter  13:  -650.58844164969253   -8.64020e-12   1.03929e-08 DIIS
   @DF-RKS iter  14:  -650.58844164969605   -3.52429e-12   1.35942e-09 DIIS
  Energy and wave function converged.


  ==> Post-Iterations <==

   Electrons on quadrature grid:
      Ntotal   =  101.9999820378 ; deviation = -1.796e-05 

    Orbital Energies [Eh]
    ---------------------

    Doubly Occupied:                                                      

       1A    -19.191791     2A    -19.136233     3A    -10.322591  
       4A    -10.225277     5A    -10.221573     6A    -10.214936  
       7A    -10.212584     8A    -10.204682     9A    -10.204375  
      10A    -10.203384    11A    -10.202421    12A    -10.201603  
      13A    -10.201454    14A    -10.195774    15A    -10.191413  
      16A     -1.100811    17A     -1.010567    18A     -0.886853  
      19A     -0.837741    20A     -0.803179    21A     -0.762050  
      22A     -0.751270    23A     -0.725685    24A     -0.661334  
      25A     -0.639666    26A     -0.627044    27A     -0.595980  
      28A     -0.549010    29A     -0.526922    30A     -0.518848  
      31A     -0.505030    32A     -0.485144    33A     -0.474749  
      34A     -0.463258    35A     -0.455825    36A     -0.435032  
      37A     -0.418713    38A     -0.410001    39A     -0.403503  
      40A     -0.401030    41A     -0.384055    42A     -0.354847  
      43A     -0.352861    44A     -0.346986    45A     -0.319017  
      46A     -0.313112    47A     -0.279995    48A     -0.277173  
      49A     -0.263407    50A     -0.253671    51A     -0.218200  

    Virtual:                                                              

      52A     -0.059191    53A     -0.021503    54A     -0.006827  
      55A      0.008161    56A      0.054867    57A      0.071881  
      58A      0.085772    59A      0.092124    60A      0.108903  
      61A      0.116642    62A      0.122338    63A      0.136647  
      64A      0.166785    65A      0.167455    66A      0.185781  
      67A      0.199692    68A      0.228108    69A      0.246004  
      70A      0.257038    71A      0.267018    72A      0.285231  
      73A      0.304931    74A      0.319787    75A      0.341556  
      76A      0.348406    77A      0.370234    78A      0.400778  
      79A      0.430252    80A      0.457726    81A      0.473425  
      82A      0.489825    83A      0.498016    84A      0.510520  
      85A      0.518033    86A      0.532530    87A      0.534912  
      88A      0.546432    89A      0.550529    90A      0.569739  
      91A      0.571733    92A      0.583393    93A      0.588392  
      94A      0.595896    95A      0.604496    96A      0.608814  
      97A      0.612118    98A      0.616759    99A      0.631168  
     100A      0.640478   101A      0.651126   102A      0.664711  
     103A      0.677691   104A      0.690145   105A      0.719410  
     106A      0.730366   107A      0.749020   108A      0.759643  
     109A      0.774441   110A      0.785509   111A      0.803440  
     112A      0.815191   113A      0.823132   114A      0.832041  
     115A      0.843611   116A      0.854075   117A      0.869547  
     118A      0.878205   119A      0.880358   120A      0.893040  
     121A      0.905910   122A      0.923990   123A      0.943019  
     124A      0.952711   125A      0.967229   126A      1.003538  
     127A      1.015383   128A      1.018697   129A      1.054394  
     130A      1.062546   131A      1.071630   132A      1.090034  
     133A      1.110515   134A      1.137494   135A      1.155394  
     136A      1.171756   137A      1.198583   138A      1.210303  
     139A      1.234690   140A      1.243413   141A      1.260036  
     142A      1.284798   143A      1.304121   144A      1.331381  
     145A      1.370950   146A      1.400375   147A      1.413386  
     148A      1.429083   149A      1.436671   150A      1.453821  
     151A      1.468663   152A      1.478530   153A      1.480177  
     154A      1.491912   155A      1.530446   156A      1.539974  
     157A      1.548254   158A      1.579948   159A      1.605567  
     160A      1.625342   161A      1.700622   162A      1.707029  
     163A      1.734193   164A      1.743357   165A      1.754432  
     166A      1.778682   167A      1.797512   168A      1.812423  
     169A      1.819266   170A      1.843281   171A      1.854098  
     172A      1.867924   173A      1.904233   174A      1.906829  
     175A      1.914957   176A      1.917990   177A      1.929362  
     178A      1.941622   179A      1.965830   180A      1.982979  
     181A      2.001373   182A      2.013793   183A      2.026309  
     184A      2.069610   185A      2.140123   186A      2.140833  
     187A      2.149354   188A      2.151534   189A      2.173293  
     190A      2.183164   191A      2.197508   192A      2.255802  
     193A      2.273079   194A      2.293987   195A      2.306921  
     196A      2.321088   197A      2.335545   198A      2.344468  
     199A      2.397647   200A      2.409398   201A      2.456164  
     202A      2.497432   203A      2.554579   204A      2.585467  
     205A      2.601450   206A      2.620460   207A      2.634871  
     208A      2.641496   209A      2.676616   210A      2.689189  
     211A      2.699394   212A      2.757283   213A      2.770410  
     214A      2.782168   215A      2.822942   216A      2.832342  
     217A      2.857305   218A      2.886024   219A      2.923443  
     220A      2.981405   221A      3.007124   222A      3.087138  
     223A      3.183433   224A      3.303241   225A      3.410636  
     226A      3.510059   227A      3.834011   228A      4.048417  
     229A      4.069539   230A      4.092367   231A      4.095336  
     232A      4.111445   233A      4.164135   234A      4.200442  
     235A      4.280611   236A      4.332821   237A      4.342399  
     238A      4.444399   239A      4.520450   240A      4.679799  
     241A      4.912904  

    Final Occupation by Irrep:
              A 
    DOCC [    51 ]
    NA   [    51 ]
    NB   [    51 ]

  @DF-RKS Final Energy:  -650.58844164969605

   => Energetics <=

    Nuclear Repulsion Energy =            884.9034133353629841
    One-Electron Energy =               -2638.4020818775720727
    Two-Electron Energy =                1176.2107620441365725
    DFT Exchange-Correlation Energy =     -73.3005351516233645
    Empirical Dispersion Energy =           0.0000000000000000
    VV10 Nonlocal Energy =                  0.0000000000000000
    Total Energy =                       -650.5884416496958238

Computation Completed


Properties will be evaluated at   0.000000,   0.000000,   0.000000 [a0]

Properties computed using the SCF density matrix


 Multipole Moments:

 ------------------------------------------------------------------------------------
     Multipole            Electronic (a.u.)      Nuclear  (a.u.)        Total (a.u.)
 ------------------------------------------------------------------------------------

 L = 1.  Multiply by 2.5417464519 to convert [e a0] to [Debye]
 Dipole X            :        -51.9832541           51.2910023           -0.6922519
 Dipole Y            :         -6.5172624            6.4679684           -0.0492940
 Dipole Z            :          4.3414501           -4.7003982           -0.3589481
 Magnitude           :                                                    0.7813362

 ------------------------------------------------------------------------------------

*** tstop() called on ubuntu-32gb-hel1-14 at Tue Sep 29 23:03:42 2026
Module time:
	user time   =     122.13 seconds =       2.04 minutes
	system time =       4.60 seconds =       0.08 minutes
	total time  =          8 seconds =       0.13 minutes
Total time:
	user time   =     437.88 seconds =       7.30 minutes
	system time =      19.87 seconds =       0.33 minutes
	total time  =         30 seconds =       0.50 minutes

*** tstart() called on ubuntu-32gb-hel1-14
*** at Tue Sep 29 23:03:42 2026


         ------------------------------------------------------------
                                   SCF GRAD                          
                          Rob Parrish, Justin Turney,                
                       Andy Simmonett, and Alex Sokolov              
         ------------------------------------------------------------

  ==> Geometry <==

    Molecular point group: c1
    Full point group: C1

    Geometry (in Angstrom), charge = 0, multiplicity = 1:

       Center              X                  Y                   Z               Mass       
    ------------   -----------------  -----------------  -----------------  -----------------
         C            2.528889712245    -2.419206368501    -0.730821315206    12.000000000000
         C            1.440621512927    -1.904531781775    -0.578662104230    12.000000000000
         C            0.125448049742    -1.388413536661    -0.374404248969    12.000000000000
         C           -0.920097076911    -2.291903407572    -0.512334733076    12.000000000000
         C           -2.259872464784    -1.942332841963    -0.236424571524    12.000000000000
         C           -2.555537090461    -0.680707197398     0.210614572949    12.000000000000
         C           -1.530097731579     0.292953064420     0.373465654169    12.000000000000
         C           -1.850565479581     1.587715267793     0.867837287898    12.000000000000
         C           -0.873924070447     2.528375601828     1.052381642480    12.000000000000
         C            0.465633019800     2.219276712052     0.714931860773    12.000000000000
         C            0.825901372468     0.994046264725     0.199717027137    12.000000000000
         C            2.280612348061     0.876516244267    -0.200885615762    12.000000000000
         O            3.204092045162     0.925083526880     0.579482821565    15.994914619570
         O            2.444386517569     1.109303331597    -1.528769354466    15.994914619570
         C           -0.156476190242    -0.035389333524     0.046116965184    12.000000000000
         H            3.489692531464    -2.867458382184    -0.849234175674     1.007825032230
         H           -0.672389793170    -3.299400526985    -0.825564190798     1.007825032230
         H           -3.046473591514    -2.681470663001    -0.354969454977     1.007825032230
         H           -3.575488126819    -0.400487845628     0.456899426387     1.007825032230
         H           -2.887413047368     1.805493139092     1.105851311247     1.007825032230
         H           -1.123596580600     3.510825312251     1.441620798409     1.007825032230
         H            1.240996630085     2.968169097689     0.839322532199     1.007825032230
         H            3.405657513953     1.093544332596    -1.696172115714     1.007825032230

  Nuclear repulsion =  884.903413335362984

  ==> Basis Set <==

  Basis Set: 6-31G*
    Blend: 6-31G*
    Number of shells: 106
    Number of basis functions: 241
    Number of Cartesian functions: 241
    Spherical Harmonics?: false
    Max angular momentum: 2

  ==> DFJKGrad: Density-Fitted SCF Gradients <==

    Gradient:                    1
    J tasked:                  Yes
    K tasked:                  Yes
    wK tasked:                  No
    OpenMP threads:             16
    Integrals threads:          16
    Memory [MiB]:            17166
    Schwarz Cutoff:          1E-12
    Fitting Condition:       1E-10

   => Auxiliary Basis Set <=

  Basis Set: (6-31G* AUX)
    Blend: CC-PVDZ-JKFIT
    Number of shells: 432
    Number of basis functions: 1415
    Number of Cartesian functions: 1415
    Spherical Harmonics?: false
    Max angular momentum: 3

  ==> DFT Potential <==

   => LibXC <=

    Version 7.1.2
    S. Lehtola, C. Steigemann, M. J. T. Oliveira, and M. A. L. Marques,  SoftwareX 7, 1–5 (2018) (10.1016/j.softx.2017.11.002)

   => Composite Functional: B3LYP <= 

    B3LYP Hyb-GGA Exchange-Correlation Functional

    P. J. Stephens, F. J. Devlin, C. F. Chabalowski, and M. J. Frisch,  J. Phys. Chem. 98, 11623 (1994) (10.1021/j100096a001)

    Deriv               =              1
    GGA                 =           TRUE
    Meta                =          FALSE

    Exchange Hybrid     =           TRUE
    MP2 Hybrid          =          FALSE

   => Exchange Functionals <=

    0.0800   Slater exchange
    0.7200         Becke 88

   => Exact (HF) Exchange <=

    0.2000               HF 

   => Correlation Functionals <=

    0.1900   Vosko, Wilk & Nusair (VWN5_RPA)
    0.8100   Lee, Yang & Parr

   => LibXC Density Thresholds  <==

    XC_HYB_GGA_XC_B3LYP:  1.00E-15 

   => Molecular Quadrature <=

    Radial Scheme          =       TREUTLER
    Pruning Scheme         =           NONE
    Nuclear Scheme         =       TREUTLER

    Blocking Scheme        =         OCTREE
    BS radius alpha        =              1
    Pruning alpha          =              1
    Radial Points          =             75
    Spherical Points       =            302
    Total Points           =         474136
    Total Blocks           =           3470
    Max Points             =            256
    Max Functions          =            226
    Weights Tolerance      =       1.00E-15


  -Total Gradient:
     Atom            X                  Y                   Z
    ------   -----------------  -----------------  -----------------
       1        0.005027076451    -0.002456711934    -0.000216937050
       2       -0.007661761544    -0.002205488045     0.001129640808
       3        0.003257452798    -0.002729969352    -0.002413166846
       4        0.004059451752     0.001145629970     0.000256828361
       5       -0.003421400430     0.003454250336     0.001444828106
       6       -0.003554463211    -0.005017467498    -0.001137548138
       7       -0.005196045182     0.002167928370     0.001840233347
       8        0.000554460330     0.005762238305     0.001777673249
       9       -0.005511388277    -0.001231890692     0.000515372698
      10        0.000379102224    -0.006248860930    -0.001760145203
      11        0.002131155147     0.013988879454     0.003247644582
      12        0.001585844110    -0.027434854578    -0.003321987059
      13       -0.001839614536     0.010722561334    -0.000972098992
      14        0.003541726521     0.012103197829     0.002401024116
      15        0.005089299291    -0.000618941582    -0.000938637610
      16        0.000118011959    -0.000586184798     0.000010043830
      17        0.001436344417     0.001523276464     0.000195935243
      18       -0.000413599250     0.000587835287     0.000445062690
      19        0.000711272472     0.000038672101    -0.000075676904
      20        0.000764314777    -0.000420529473    -0.000094195022
      21       -0.001142926199    -0.000306221710    -0.000104541540
      22        0.000631019239    -0.001598310098    -0.000811798000
      23       -0.000545045932    -0.000650604116    -0.001333205608


*** tstop() called on ubuntu-32gb-hel1-14 at Tue Sep 29 23:03:45 2026
Module time:
	user time   =      32.12 seconds =       0.54 minutes
	system time =       2.13 seconds =       0.04 minutes
	total time  =          3 seconds =       0.05 minutes
Total time:
	user time   =     470.02 seconds =       7.83 minutes
	system time =      22.00 seconds =       0.37 minutes
	total time  =         33 seconds =       0.55 minutes

    			-----------------------------------------

    			 OPTKING 3.0: for geometry optimizations 

    			     By R.A. King, Bethel University     

    			        with contributions from          

    			    A.V. Copan, J. Cayton, A. Heide      

    			-----------------------------------------

    
	                            ===> Fragment 1 <== 

	 Z (Atomic Numbers)          Masses                          Geom                  
	       6.000000            12.000000          4.77890896 -4.57163748 -1.38105213   
	       6.000000            12.000000          2.72238011 -3.59904346 -1.09351290   
	       6.000000            12.000000          0.23706246 -2.62372133 -0.70752149   
	       6.000000            12.000000         -1.73873148 -4.33106975 -0.96817233   
	       6.000000            12.000000         -4.27054004 -3.67047712 -0.44677769   
	       6.000000            12.000000         -4.82926520 -1.28635017  0.39800386   
	       6.000000            12.000000         -2.89146566  0.55360106  0.70574780   
	       6.000000            12.000000         -3.49706193  3.00034702  1.63997480   
	       6.000000            12.000000         -1.65147715  4.77793743  1.98871308   
	       6.000000            12.000000          0.87991888  4.19382518  1.35102542   
	       6.000000            12.000000          1.56072740  1.87847520  0.37741048   
	       6.000000            12.000000          4.30973274  1.65637565 -0.37961880   
	       8.000000            15.994915          6.05485645  1.74815451  1.09506383   
	       8.000000            15.994915          4.61922106  2.09627949 -2.88895539   
	       6.000000            12.000000         -0.29569714 -0.06687615  0.08714843   
	       1.000000             1.007825          6.59456315 -5.41871102 -1.60482001   
	       1.000000             1.007825         -1.27063256 -6.23496337 -1.56009022   
	       1.000000             1.007825         -5.75700074 -5.06724517 -0.67079505   
	       1.000000             1.007825         -6.75669332 -0.75681234  0.86341478   
	       1.000000             1.007825         -5.45641987  3.41188755  2.08975611   
	       1.000000             1.007825         -2.12328981  6.63449831  2.72426849   
	       1.000000             1.007825          2.34514375  5.60902669  1.58608972   
	       1.000000             1.007825          6.43575998  2.06649929 -3.20530076   

	 - Coordinate -           - BOHR/RAD -       - ANG/DEG -
	 R(1,2)           =         2.293017           1.213413
	 R(1,16)          =         2.015988           1.066815
	 R(2,3)           =         2.697600           1.427509
	 R(3,4)           =         2.624260           1.388698
	 R(3,15)          =         2.729980           1.444643
	 R(4,5)           =         2.668012           1.411851
	 R(4,17)          =         2.047998           1.083754
	 R(5,6)           =         2.590346           1.370752
	 R(5,18)          =         2.052002           1.085872
	 R(6,7)           =         2.689832           1.423398
	 R(6,19)          =         2.052315           1.086038
	 R(7,8)           =         2.688139           1.422502
	 R(7,15)          =         2.739648           1.449759
	 R(8,9)           =         2.586045           1.368476
	 R(8,20)          =         2.052012           1.085878
	 R(9,10)          =         2.675032           1.415566
	 R(9,21)          =         2.051942           1.085841
	 R(10,11)         =         2.602359           1.377109
	 R(10,22)         =         2.050594           1.085127
	 R(11,12)         =         2.859974           1.513433
	 R(11,15)         =         2.704618           1.431222
	 R(12,13)         =         2.286606           1.210020
	 R(12,14)         =         2.566334           1.358045
	 R(14,23)         =         1.844119           0.975866
	 L(1,2,3)         =         3.072085         176.017493
	 l(1,2,3)         =         3.141593         180.000000
	 L(2,1,16)        =         3.126186         179.117269
	 l(2,1,16)        =         3.141593         180.000000
	 B(2,3,4)         =         2.031088         116.372796
	 B(2,3,15)        =         2.165264         124.060489
	 B(3,4,5)         =         2.134076         122.273571
	 B(3,4,17)        =         2.050420         117.480399
	 B(3,15,7)        =         2.051887         117.564484
	 B(3,15,11)       =         2.178452         124.816101
	 B(4,3,15)        =         2.084406         119.427659
	 B(4,5,6)         =         2.090131         119.755704
	 B(4,5,18)        =         2.091562         119.837659
	 B(5,4,17)        =         2.098503         120.235374
	 B(5,6,7)         =         2.107731         120.764103
	 B(5,6,19)        =         2.110644         120.931002
	 B(6,5,18)        =         2.101164         120.387836
	 B(6,7,8)         =         2.094483         120.005040
	 B(6,7,15)        =         2.096506         120.120962
	 B(7,6,19)        =         2.064780         118.303186
	 B(7,8,9)         =         2.108005         120.779767
	 B(7,8,20)        =         2.064436         118.283462
	 B(7,15,11)       =         2.052410         117.594430
	 B(8,7,15)        =         2.092166         119.872268
	 B(8,9,10)        =         2.086456         119.545138
	 B(8,9,21)        =         2.101535         120.409083
	 B(9,8,20)        =         2.110674         120.932712
	 B(9,10,11)       =         2.130607         122.074814
	 B(9,10,22)       =         2.092255         119.877391
	 B(10,9,21)       =         2.095096         120.040183
	 B(10,11,12)      =         2.003785         114.808415
	 B(10,11,15)      =         2.095004         120.034882
	 B(11,10,22)      =         2.060069         118.033231
	 B(11,12,13)      =         2.164886         124.038845
	 B(11,12,14)      =         1.940591         111.187666
	 B(12,11,15)      =         2.184004         125.134217
	 B(12,14,23)      =         1.858506         106.484548
	 B(13,12,14)      =         2.131380         122.119080
	 D(2,3,4,5)       =         3.053372         174.945330
	 D(2,3,4,17)      =        -0.067523          -3.868771
	 D(2,3,15,7)      =        -3.008810        -172.392122
	 D(2,3,15,11)     =         0.100194           5.740714
	 D(3,4,5,6)       =        -0.024323          -1.393593
	 D(3,4,5,18)      =        -3.138498        -179.822679
	 D(3,15,7,6)      =        -0.055857          -3.200348
	 D(3,15,7,8)      =         3.077385         176.321191
	 D(3,15,11,10)    =        -3.045562        -174.497851
	 D(3,15,11,12)    =         0.127754           7.319740
	 D(4,3,15,7)      =         0.055153           3.160051
	 D(4,3,15,11)     =        -3.119028        -178.707114
	 D(4,5,6,7)       =         0.023647           1.354895
	 D(4,5,6,19)      =        -3.109504        -178.161481
	 D(5,4,3,15)      =        -0.016448          -0.942429
	 D(5,6,7,8)       =        -3.116230        -178.546837
	 D(5,6,7,15)      =         0.017001           0.974063
	 D(6,5,4,17)      =         3.096016         177.388651
	 D(6,7,8,9)       =         3.121789         178.865342
	 D(6,7,8,20)      =        -0.007129          -0.408471
	 D(6,7,15,11)     =         3.115924         178.529283
	 D(7,6,5,18)      =         3.137669         179.775206
	 D(7,8,9,10)      =         0.028188           1.615048
	 D(7,8,9,21)      =        -3.128417        -179.245116
	 D(7,15,11,10)    =         0.063434           3.634474
	 D(7,15,11,12)    =        -3.046436        -174.547935
	 D(8,7,6,19)      =         0.017139           0.981989
	 D(8,7,15,11)     =        -0.034020          -1.949178
	 D(8,9,10,11)     =         0.002160           0.123766
	 D(8,9,10,22)     =         3.119039         178.707797
	 D(9,8,7,15)      =        -0.011463          -0.656757
	 D(9,10,11,12)    =         3.063836         175.544875
	 D(9,10,11,15)    =        -0.049177          -2.817619
	 D(10,9,8,20)     =        -3.126417        -179.130478
	 D(10,11,12,13)   =         1.142793          65.477242
	 D(10,11,12,14)   =        -1.681153         -96.322948
	 D(11,10,9,21)    =        -3.124476        -179.019291
	 D(11,12,14,23)   =         3.057654         175.190673
	 D(12,11,10,22)   =        -0.053480          -3.064157
	 D(13,12,11,15)   =        -2.029054        -116.256233
	 D(13,12,14,23)   =         0.226617          12.984222
	 D(14,12,11,15)   =         1.430185          81.943577
	 D(15,3,4,17)     =         3.145842         180.243471
	 D(15,7,6,19)     =        -3.132816        -179.497111
	 D(15,7,8,20)     =        -3.140381        -179.930570
	 D(15,11,10,22)   =         3.116693         178.573349
	 D(17,4,5,18)     =        -0.018159          -1.040434
	 D(18,5,6,19)     =         0.004517           0.258829
	 D(20,8,9,21)     =         0.000163           0.009358
	 D(21,9,10,22)    =        -0.007597          -0.435260
	 D(4,3,1,16)      =        -0.833340         -47.746854
	 D(15,3,1,16)     =         2.215267         126.925471


	        --- Internal Coordinate Step in ANG or DEG, aJ/ANG or AJ/DEG ---
	-------------------------------------------------------------------------------
	           Coordinate      Previous         Force          Change          New 
	           ----------      --------        ------          ------        ------
	               R(1,2)       1.21341       -0.04850       -0.00265       1.21076
	              R(1,16)       1.06681       -0.00290       -0.00036       1.06645
	               R(2,3)       1.42751        0.00423        0.00090       1.42841
	               R(3,4)       1.38870        0.02258        0.00260       1.39130
	              R(3,15)       1.44464       -0.04923       -0.00189       1.44275
	               R(4,5)       1.41185       -0.03067       -0.00432       1.40753
	              R(4,17)       1.08375        0.00942        0.00122       1.08497
	               R(5,6)       1.37075        0.03734        0.00314       1.37389
	              R(5,18)       1.08587        0.00123        0.00016       1.08603
	               R(6,7)       1.42340       -0.01909       -0.00294       1.42045
	              R(6,19)       1.08604        0.00557        0.00066       1.08670
	               R(7,8)       1.42250       -0.01027       -0.00198       1.42052
	              R(7,15)       1.44976       -0.08663       -0.00809       1.44167
	               R(8,9)       1.36848        0.04719        0.00399       1.37247
	              R(8,20)       1.08588        0.00688        0.00083       1.08671
	              R(9,10)       1.41557       -0.03462       -0.00491       1.41065
	              R(9,21)       1.08584        0.00043        0.00011       1.08595
	             R(10,11)       1.37711        0.03283        0.00426       1.38137
	             R(10,22)       1.08513        0.00614        0.00084       1.08597
	             R(11,12)       1.51343       -0.03214       -0.00684       1.50659
	             R(11,15)       1.43122       -0.03745       -0.00053       1.43069
	             R(12,13)       1.21002        0.01322        0.00056       1.21058
	             R(12,14)       1.35805       -0.01066       -0.00222       1.35583
	             R(14,23)       0.97587        0.00246       -0.00006       0.97581
	             L(1,2,3)     176.01749        0.00024        0.16273     176.18022
	             l(1,2,3)     180.00000        0.00045       -0.48078     179.51922
	            L(2,1,16)     179.11727       -0.00067       -0.10641     179.01086
	            l(2,1,16)     180.00000       -0.00029       -0.29625     179.70375
	             B(2,3,4)     116.37280        0.00056        0.24435     116.61714
	            B(2,3,15)     124.06049       -0.00070       -0.53324     123.52725
	             B(3,4,5)     122.27357       -0.00029       -0.41781     121.85576
	            B(3,4,17)     117.48040        0.00028        0.63998     118.12038
	            B(3,15,7)     117.56448        0.00024       -0.00647     117.55802
	           B(3,15,11)     124.81610       -0.00044        0.15603     124.97214
	            B(4,3,15)     119.42766        0.00013        0.33003     119.75769
	             B(4,5,6)     119.75570       -0.00004       -0.05724     119.69847
	            B(4,5,18)     119.83766       -0.00004       -0.11667     119.72099
	            B(5,4,17)     120.23537        0.00001       -0.22085     120.01453
	             B(5,6,7)     120.76410        0.00005        0.18717     120.95127
	            B(5,6,19)     120.93100       -0.00004       -0.24842     120.68258
	            B(6,5,18)     120.38784        0.00008        0.17874     120.56658
	             B(6,7,8)     120.00504        0.00018        0.02428     120.02932
	            B(6,7,15)     120.12096       -0.00008       -0.02367     120.09729
	            B(7,6,19)     118.30319       -0.00001        0.06210     118.36529
	             B(7,8,9)     120.77977        0.00006        0.22940     121.00917
	            B(7,8,20)     118.28346       -0.00002        0.04508     118.32855
	           B(7,15,11)     117.59443        0.00021       -0.14215     117.45228
	            B(8,7,15)     119.87227       -0.00010        0.00003     119.87229
	            B(8,9,10)     119.54514       -0.00001       -0.02856     119.51658
	            B(8,9,21)     120.40908        0.00010        0.22348     120.63257
	            B(9,8,20)     120.93271       -0.00005       -0.27288     120.65984
	           B(9,10,11)     122.07481       -0.00036       -0.54326     121.53156
	           B(9,10,22)     119.87739        0.00004       -0.13462     119.74277
	           B(10,9,21)     120.04018       -0.00009       -0.19444     119.84575
	          B(10,11,12)     114.80841        0.00019       -0.12391     114.68451
	          B(10,11,15)     120.03488        0.00020        0.49951     120.53439
	          B(11,10,22)     118.03323        0.00032        0.68304     118.71627
	          B(11,12,13)     124.03884        0.00021        0.93278     124.97163
	          B(11,12,14)     111.18767       -0.00004        0.23471     111.42238
	          B(12,11,15)     125.13422       -0.00039       -0.37369     124.76053
	          B(12,14,23)     106.48455       -0.00018       -0.71901     105.76554
	          B(13,12,14)     122.11908        0.00018        1.07137     123.19045
	           D(2,3,4,5)     174.94533        0.00002        0.58340     175.52873
	          D(2,3,4,17)      -3.86877       -0.00001        0.50951      -3.35926
	          D(2,3,15,7)    -172.39212       -0.00009       -0.86985    -173.26198
	         D(2,3,15,11)       5.74071       -0.00003       -0.57109       5.16962
	           D(3,4,5,6)      -1.39359       -0.00000        0.16938      -1.22421
	          D(3,4,5,18)    -179.82268       -0.00003       -0.05011    -179.87278
	          D(3,15,7,6)      -3.20035        0.00007        0.26414      -2.93621
	          D(3,15,7,8)     176.32119        0.00008        0.36154     176.68273
	        D(3,15,11,10)    -174.49785       -0.00011       -0.57159    -175.06944
	        D(3,15,11,12)       7.31974       -0.00014       -0.64932       6.67042
	          D(4,3,15,7)       3.16005       -0.00009       -0.14496       3.01509
	         D(4,3,15,11)    -178.70711       -0.00003        0.15380    -178.55331
	           D(4,5,6,7)       1.35490       -0.00003       -0.04896       1.30593
	          D(4,5,6,19)    -178.16148       -0.00003       -0.18940    -178.35088
	          D(5,4,3,15)      -0.94243        0.00007       -0.05773      -1.00016
	           D(5,6,7,8)    -178.54684       -0.00002       -0.25781    -178.80465
	          D(5,6,7,15)       0.97406       -0.00001       -0.16037       0.81369
	          D(6,5,4,17)     177.38865        0.00003        0.25450     177.64315
	           D(6,7,8,9)     178.86534        0.00002        0.20285     179.06819
	          D(6,7,8,20)      -0.40847       -0.00000        0.04275      -0.36572
	         D(6,7,15,11)     178.52928        0.00002       -0.01724     178.51205
	          D(7,6,5,18)     179.77521       -0.00000        0.16766     179.94287
	          D(7,8,9,10)       1.61505       -0.00003       -0.07801       1.53704
	          D(7,8,9,21)    -179.24512       -0.00001       -0.04137    -179.28648
	        D(7,15,11,10)       3.63447       -0.00005       -0.27081       3.36366
	        D(7,15,11,12)    -174.54794       -0.00007       -0.34854    -174.89648
	          D(8,7,6,19)       0.98199       -0.00002       -0.12205       0.85994
	         D(8,7,15,11)      -1.94918        0.00003        0.08016      -1.86901
	         D(8,9,10,11)       0.12377       -0.00001       -0.14050      -0.01673
	         D(8,9,10,22)     178.70780        0.00004        0.14544     178.85324
	          D(9,8,7,15)      -0.65676        0.00001        0.10574      -0.55101
	        D(9,10,11,12)     175.54487        0.00007        0.38405     175.92893
	        D(9,10,11,15)      -2.81762        0.00006        0.31962      -2.49800
	         D(10,9,8,20)    -179.13048       -0.00001        0.08824    -179.04224
	       D(10,11,12,13)      65.47724        0.00044        3.82975      69.30699
	       D(10,11,12,14)     -96.32295       -0.00076       -7.14625    -103.46919
	        D(11,10,9,21)    -179.01929       -0.00003       -0.18049    -179.19978
	       D(11,12,14,23)     175.19067        0.00053        4.78162     179.97229
	       D(12,11,10,22)      -3.06416        0.00002        0.11184      -2.95232
	       D(13,12,11,15)    -116.25623        0.00046        3.91396    -112.34228
	       D(13,12,14,23)      12.98422       -0.00065       -5.93926       7.04496
	       D(14,12,11,15)      81.94358       -0.00073       -7.06204      74.88154
	         D(15,3,4,17)     180.24347        0.00005       -0.13162     180.11185
	         D(15,7,6,19)    -179.49711       -0.00001       -0.02462    -179.52173
	         D(15,7,8,20)    -179.93057       -0.00001       -0.05435    -179.98492
	       D(15,11,10,22)     178.57335        0.00002        0.04741     178.62076
	         D(17,4,5,18)      -1.04043        0.00000        0.03501      -1.00542
	         D(18,5,6,19)       0.25883       -0.00000        0.02723       0.28606
	         D(20,8,9,21)       0.00936        0.00001        0.12488       0.13424
	        D(21,9,10,22)      -0.43526        0.00002        0.10545      -0.32981
	          D(4,3,1,16)     -47.74685       -0.00032       -0.24129     -47.98815
	         D(15,3,1,16)     126.92547        0.00035        0.74187     127.66734
	-------------------------------------------------------------------------------

	                                 ==> Convergence Check <==                                  
    
	Measures of convergence in internal coordinates in au.
    
	Criteria marked as inactive (o), active & met (*), and active & unmet ( ).

	----------------------------------------------------------------------------------------------
	   Step    Total Energy     Delta E     Max Force     RMS Force      Max Disp      RMS Disp   
	----------------------------------------------------------------------------------------------
	  Convergence Criteria     1.00e-06 *    3.00e-04 *             o    1.20e-03 *             o
	----------------------------------------------------------------------------------------------
	     3    -650.58844165    2.80e-03      1.05e-02      3.31e-03 o    1.25e-01      2.32e-02 o  ~
	----------------------------------------------------------------------------------------------

Next Geometry in Ang 
	Fragment 1 (Ang)

	    C   2.5455006862  -2.3543964445  -0.7620784516
	    C   1.4533590529  -1.8613429871  -0.5886725109
	    C   0.1304230138  -1.3683358701  -0.3715879655
	    C  -0.9074902242  -2.2833412914  -0.5172017725
	    C  -2.2441739894  -1.9408623613  -0.2394827124
	    C  -2.5435942079  -0.6784068893   0.2123219287
	    C  -1.5259611715   0.2986355351   0.3781590098
	    C  -1.8538443225   1.5900478440   0.8707281802
	    C  -0.8839332636   2.5431337304   1.0566652235
	    C   0.4544228059   2.2469697787   0.7234461404
	    C   0.8161326847   1.0156594655   0.2123585091
	    C   2.2662492162   0.8982430056  -0.1790327130
	    O   3.1952214544   0.8812494657   0.5970051165
	    O   2.4236884951   0.9709575673  -1.5237236448
	    C  -0.1577209314  -0.0205375162   0.0549607438
	    H   3.5140181683  -2.7791620448  -0.8994607466
	    H  -0.6605038434  -3.2900842860  -0.8375622813
	    H  -3.0270604836  -2.6833379991  -0.3631091274
	    H  -3.5665043228  -0.4051215534   0.4570336669
	    H  -2.8929558731   1.8034968748   1.1065596499
	    H  -1.1398138251   3.5246809835   1.4444471539
	    H   1.2218264896   3.0046083692   0.8515161714
	    H   3.3827144012   0.8872466333  -1.6832895479


    Structure for next step:
    Molecular point group: c1
    Full point group: C1

    Geometry (in Angstrom), charge = 0, multiplicity = 1:

    C            2.545500686163    -2.354396444474    -0.762078451628
    C            1.453359052948    -1.861342987070    -0.588672510941
    C            0.130423013826    -1.368335870149    -0.371587965493
    C           -0.907490224214    -2.283341291436    -0.517201772518
    C           -2.244173989426    -1.940862361327    -0.239482712400
    C           -2.543594207857    -0.678406889307     0.212321928660
    C           -1.525961171484     0.298635535100     0.378159009847
    C           -1.853844322472     1.590047843994     0.870728180161
    C           -0.883933263575     2.543133730448     1.056665223492
    C            0.454422805866     2.246969778746     0.723446140417
    C            0.816132684741     1.015659465550     0.212358509056
    C            2.266249216209     0.898243005607    -0.179032713007
    O            3.195221454356     0.881249465652     0.597005116496
    O            2.423688495150     0.970957567312    -1.523723644804
    C           -0.157720931425    -0.020537516222     0.054960743814
    H            3.514018168254    -2.779162044776    -0.899460746648
    H           -0.660503843427    -3.290084285953    -0.837562281304
    H           -3.027060483551    -2.683337999063    -0.363109127431
    H           -3.566504322766    -0.405121553375     0.457033666921
    H           -2.892955873060     1.803496874756     1.106559649932
    H           -1.139813825073     3.524680983452     1.444447153851
    H            1.221826489579     3.004608369226     0.851516171414
    H            3.382714401239     0.887246633307    -1.683289547888


Scratch directory: /tmp/
gradient() will perform analytic gradient computation.
   => Libint2 <=

    Primary   basis highest AM E, G, H:  7, 6, 3
    Auxiliary basis highest AM E, G, H:  7, 7, 4
    Onebody   basis highest AM E, G, H:  -, -, -
    Solid Harmonics ordering:            Gaussian

*** tstart() called on ubuntu-32gb-hel1-14
*** at Tue Sep 29 23:03:45 2026

   => Loading Basis Set <=

    Name: 6-31G*
    Role: ORBITAL
    Keyword: BASIS
    atoms 1-12, 15 entry C          line   111 file /root/miniforge3/envs/qc/share/psi4/basis/6-31gs.gbs 
    atoms 13-14    entry O          line   145 file /root/miniforge3/envs/qc/share/psi4/basis/6-31gs.gbs 
    atoms 16-23    entry H          line    44 file /root/miniforge3/envs/qc/share/psi4/basis/6-31gs.gbs 


         ---------------------------------------------------------
                                   SCF
               by Justin Turney, Rob Parrish, Andy Simmonett
                          and Daniel G. A. Smith
                              RKS Reference
                       16 Threads,  22888 MiB Core
         ---------------------------------------------------------

  ==> Geometry <==

    Molecular point group: c1
    Full point group: C1

    Geometry (in Angstrom), charge = 0, multiplicity = 1:

       Center              X                  Y                   Z               Mass       
    ------------   -----------------  -----------------  -----------------  -----------------
         C            2.545500686163    -2.354396444474    -0.762078451628    12.000000000000
         C            1.453359052948    -1.861342987070    -0.588672510941    12.000000000000
         C            0.130423013826    -1.368335870149    -0.371587965493    12.000000000000
         C           -0.907490224214    -2.283341291436    -0.517201772518    12.000000000000
         C           -2.244173989426    -1.940862361327    -0.239482712400    12.000000000000
         C           -2.543594207857    -0.678406889307     0.212321928660    12.000000000000
         C           -1.525961171484     0.298635535100     0.378159009847    12.000000000000
         C           -1.853844322472     1.590047843994     0.870728180161    12.000000000000
         C           -0.883933263575     2.543133730448     1.056665223492    12.000000000000
         C            0.454422805866     2.246969778746     0.723446140417    12.000000000000
         C            0.816132684741     1.015659465550     0.212358509056    12.000000000000
         C            2.266249216209     0.898243005607    -0.179032713007    12.000000000000
         O            3.195221454356     0.881249465652     0.597005116496    15.994914619570
         O            2.423688495150     0.970957567312    -1.523723644804    15.994914619570
         C           -0.157720931425    -0.020537516222     0.054960743814    12.000000000000
         H            3.514018168254    -2.779162044776    -0.899460746648     1.007825032230
         H           -0.660503843427    -3.290084285953    -0.837562281304     1.007825032230
         H           -3.027060483551    -2.683337999063    -0.363109127431     1.007825032230
         H           -3.566504322766    -0.405121553375     0.457033666921     1.007825032230
         H           -2.892955873060     1.803496874756     1.106559649932     1.007825032230
         H           -1.139813825073     3.524680983452     1.444447153851     1.007825032230
         H            1.221826489579     3.004608369226     0.851516171414     1.007825032230
         H            3.382714401239     0.887246633307    -1.683289547888     1.007825032230

  Running in c1 symmetry.

  Rotational constants: A =      0.02844  B =      0.02152  C =      0.01308 [cm^-1]
  Rotational constants: A =    852.72682  B =    645.16260  C =    392.17076 [MHz]
  Nuclear repulsion =  887.640120668114605

  Charge       = 0
  Multiplicity = 1
  Electrons    = 102
  Nalpha       = 51
  Nbeta        = 51

  ==> Algorithm <==

  SCF Algorithm Type is DF.
  DIIS enabled.
  MOM disabled.
  Fractional occupation disabled.
  Guess Type is READ.
  Energy threshold   = 1.00e-08
  Density threshold  = 1.00e-08
  Integral threshold = 1.00e-12

  ==> Primary Basis <==

  Basis Set: 6-31G*
    Blend: 6-31G*
    Number of shells: 106
    Number of basis functions: 241
    Number of Cartesian functions: 241
    Spherical Harmonics?: false
    Max angular momentum: 2

  ==> DFT Potential <==

   => LibXC <=

    Version 7.1.2
    S. Lehtola, C. Steigemann, M. J. T. Oliveira, and M. A. L. Marques,  SoftwareX 7, 1–5 (2018) (10.1016/j.softx.2017.11.002)

   => Composite Functional: B3LYP <= 

    B3LYP Hyb-GGA Exchange-Correlation Functional

    P. J. Stephens, F. J. Devlin, C. F. Chabalowski, and M. J. Frisch,  J. Phys. Chem. 98, 11623 (1994) (10.1021/j100096a001)

    Deriv               =              1
    GGA                 =           TRUE
    Meta                =          FALSE

    Exchange Hybrid     =           TRUE
    MP2 Hybrid          =          FALSE

   => Exchange Functionals <=

    0.0800   Slater exchange
    0.7200         Becke 88

   => Exact (HF) Exchange <=

    0.2000               HF 

   => Correlation Functionals <=

    0.1900   Vosko, Wilk & Nusair (VWN5_RPA)
    0.8100   Lee, Yang & Parr

   => LibXC Density Thresholds  <==

    XC_HYB_GGA_XC_B3LYP:  1.00E-15 

   => Molecular Quadrature <=

    Radial Scheme          =       TREUTLER
    Pruning Scheme         =           NONE
    Nuclear Scheme         =       TREUTLER

    Blocking Scheme        =         OCTREE
    BS radius alpha        =              1
    Pruning alpha          =              1
    Radial Points          =             75
    Spherical Points       =            302
    Total Points           =         473895
    Total Blocks           =           3465
    Max Points             =            256
    Max Functions          =            226
    Weights Tolerance      =       1.00E-15

   => Loading Basis Set <=

    Name: (6-31G* AUX)
    Role: JKFIT
    Keyword: DF_BASIS_SCF
    atoms 1-12, 15 entry C          line   121 file /root/miniforge3/envs/qc/share/psi4/basis/cc-pvdz-jkfit.gbs 
    atoms 13-14    entry O          line   221 file /root/miniforge3/envs/qc/share/psi4/basis/cc-pvdz-jkfit.gbs 
    atoms 16-23    entry H          line    51 file /root/miniforge3/envs/qc/share/psi4/basis/cc-pvdz-jkfit.gbs 

   => Loading Basis Set <=

    Name: 6-31G*
    Role: ORBITAL
    Keyword: BASIS
    atoms 1-12, 15 entry C          line   111 file /root/miniforge3/envs/qc/share/psi4/basis/6-31gs.gbs 
    atoms 13-14    entry O          line   145 file /root/miniforge3/envs/qc/share/psi4/basis/6-31gs.gbs 
    atoms 16-23    entry H          line    44 file /root/miniforge3/envs/qc/share/psi4/basis/6-31gs.gbs 

  Reading orbitals from file /tmp/psi4.default.2140910.180.npy, no projection.

  ==> Integral Setup <==

  DFHelper Memory: AOs need 0.579 GiB; user supplied 14.832 GiB. 
  SCF_SUBTYPE=INCORE selected. In-core MEM_DF algorithm will be used.
  Using in-core AOs.

  ==> MemDFJK: Density-Fitted J/K Matrices <==

    J tasked:                   Yes
    K tasked:                   Yes
    wK tasked:                   No
    OpenMP threads:              16
    Memory [MiB]:             15188
    Algorithm:                 Core
    Schwarz Cutoff:           1E-12
    Mask sparsity (%):      11.2085
    Fitting Condition:        1E-10

   => Auxiliary Basis Set <=

  Basis Set: (6-31G* AUX)
    Blend: CC-PVDZ-JKFIT
    Number of shells: 432
    Number of basis functions: 1415
    Number of Cartesian functions: 1415
    Spherical Harmonics?: false
    Max angular momentum: 3

  Cached 100.0% of DFT collocation blocks in 1.931 [GiB].

  Minimum eigenvalue in the overlap matrix is 2.2529066668E-04.
  Reciprocal condition number of the overlap matrix is 2.8495499756E-05.
    Using symmetric orthogonalization.

  ==> Pre-Iterations <==

  SCF Guess: Orbitals guess was supplied from a previous computation.

   -------------------------------------------------------
    Irrep   Nso     Nmo     Nalpha   Nbeta   Ndocc  Nsocc
   -------------------------------------------------------
     A        241     241      51      51      51       0
   -------------------------------------------------------
    Total     241     241      51      51      51       0
   -------------------------------------------------------

  ==> Iterations <==

                           Total Energy        Delta E     RMS |[F,P]|

   @DF-RKS iter   0:  -650.59264632122802   -6.50593e+02   8.13299e-04 
   @DF-RKS iter   1:  -650.59161594385239    1.03038e-03   8.63341e-05 DIIS
   @DF-RKS iter   2:  -650.59135499110835    2.60953e-04   1.38318e-04 DIIS/ADIIS
   @DF-RKS iter   3:  -650.59190172789999   -5.46737e-04   3.34564e-05 DIIS
   @DF-RKS iter   4:  -650.59192625389824   -2.45260e-05   1.77635e-05 DIIS
   @DF-RKS iter   5:  -650.59193409260808   -7.83871e-06   7.11468e-06 DIIS
   @DF-RKS iter   6:  -650.59193538217346   -1.28957e-06   2.54529e-06 DIIS
   @DF-RKS iter   7:  -650.59193553323962   -1.51066e-07   8.93868e-07 DIIS
   @DF-RKS iter   8:  -650.59193555368836   -2.04487e-08   2.78673e-07 DIIS
   @DF-RKS iter   9:  -650.59193555574734   -2.05898e-09   1.13437e-07 DIIS
   @DF-RKS iter  10:  -650.59193555616446   -4.17117e-10   2.87762e-08 DIIS
   @DF-RKS iter  11:  -650.59193555618720   -2.27374e-11   1.33616e-08 DIIS
   @DF-RKS iter  12:  -650.59193555619174   -4.54747e-12   4.06350e-09 DIIS
  Energy and wave function converged.


  ==> Post-Iterations <==

   Electrons on quadrature grid:
      Ntotal   =  101.9999426583 ; deviation = -5.734e-05 

    Orbital Energies [Eh]
    ---------------------

    Doubly Occupied:                                                      

       1A    -19.192352     2A    -19.136277     3A    -10.321566  
       4A    -10.225242     5A    -10.221163     6A    -10.214344  
       7A    -10.211873     8A    -10.204819     9A    -10.204765  
      10A    -10.203356    11A    -10.202751    12A    -10.201585  
      13A    -10.201434    14A    -10.193691    15A    -10.189103  
      16A     -1.101055    17A     -1.011321    18A     -0.887903  
      19A     -0.837983    20A     -0.802934    21A     -0.761463  
      22A     -0.753142    23A     -0.724890    24A     -0.662216  
      25A     -0.640384    26A     -0.626829    27A     -0.595668  
      28A     -0.548758    29A     -0.526826    30A     -0.518225  
      31A     -0.506062    32A     -0.484392    33A     -0.475338  
      34A     -0.463891    35A     -0.454708    36A     -0.435976  
      37A     -0.419956    38A     -0.410111    39A     -0.404041  
      40A     -0.401519    41A     -0.384352    42A     -0.355139  
      43A     -0.353435    44A     -0.346767    45A     -0.320481  
      46A     -0.311681    47A     -0.280245    48A     -0.275674  
      49A     -0.263157    50A     -0.255217    51A     -0.217458  

    Virtual:                                                              

      52A     -0.060136    53A     -0.020944    54A     -0.006301  
      55A      0.014532    56A      0.056621    57A      0.072125  
      58A      0.085460    59A      0.092422    60A      0.109066  
      61A      0.117214    62A      0.122937    63A      0.135762  
      64A      0.166141    65A      0.167463    66A      0.187041  
      67A      0.201237    68A      0.224916    69A      0.247609  
      70A      0.256933    71A      0.268787    72A      0.282454  
      73A      0.303428    74A      0.322042    75A      0.344495  
      76A      0.352501    77A      0.370948    78A      0.403548  
      79A      0.433857    80A      0.458359    81A      0.474750  
      82A      0.490813    83A      0.498870    84A      0.512097  
      85A      0.521072    86A      0.533050    87A      0.534438  
      88A      0.546612    89A      0.551738    90A      0.566332  
      91A      0.573180    92A      0.584648    93A      0.589047  
      94A      0.594647    95A      0.603104    96A      0.607836  
      97A      0.611353    98A      0.615660    99A      0.631869  
     100A      0.641096   101A      0.654430   102A      0.663416  
     103A      0.670743   104A      0.689258   105A      0.719495  
     106A      0.732236   107A      0.746410   108A      0.762485  
     109A      0.775019   110A      0.789393   111A      0.805110  
     112A      0.815795   113A      0.822987   114A      0.837543  
     115A      0.845169   116A      0.851430   117A      0.868642  
     118A      0.878155   119A      0.885236   120A      0.890254  
     121A      0.903490   122A      0.923521   123A      0.944517  
     124A      0.956811   125A      0.972637   126A      1.000805  
     127A      1.013585   128A      1.019556   129A      1.054308  
     130A      1.062442   131A      1.073108   132A      1.088447  
     133A      1.112671   134A      1.139850   135A      1.152760  
     136A      1.173332   137A      1.202269   138A      1.212572  
     139A      1.239381   140A      1.244979   141A      1.256225  
     142A      1.283590   143A      1.310646   144A      1.331759  
     145A      1.372525   146A      1.396441   147A      1.419103  
     148A      1.428660   149A      1.440106   150A      1.455132  
     151A      1.468899   152A      1.479069   153A      1.480483  
     154A      1.493916   155A      1.522706   156A      1.541937  
     157A      1.545389   158A      1.591967   159A      1.606769  
     160A      1.627160   161A      1.705849   162A      1.718164  
     163A      1.737644   164A      1.751771   165A      1.765620  
     166A      1.784274   167A      1.799077   168A      1.814746  
     169A      1.821497   170A      1.844814   171A      1.856149  
     172A      1.863557   173A      1.902173   174A      1.908709  
     175A      1.914501   176A      1.916293   177A      1.929478  
     178A      1.937637   179A      1.962995   180A      1.985971  
     181A      2.002320   182A      2.009392   183A      2.030373  
     184A      2.063106   185A      2.140112   186A      2.142741  
     187A      2.148765   188A      2.153858   189A      2.178537  
     190A      2.183725   191A      2.197757   192A      2.259952  
     193A      2.271694   194A      2.294360   195A      2.306484  
     196A      2.321271   197A      2.336817   198A      2.344930  
     199A      2.406903   200A      2.410474   201A      2.463555  
     202A      2.491848   203A      2.568096   204A      2.584449  
     205A      2.606238   206A      2.621427   207A      2.640431  
     208A      2.643678   209A      2.681827   210A      2.697478  
     211A      2.706563   212A      2.759717   213A      2.773125  
     214A      2.783712   215A      2.819822   216A      2.834028  
     217A      2.861931   218A      2.886551   219A      2.927385  
     220A      2.983419   221A      3.006940   222A      3.092919  
     223A      3.190446   224A      3.308962   225A      3.413706  
     226A      3.516252   227A      3.850906   228A      4.052382  
     229A      4.082867   230A      4.093150   231A      4.104429  
     232A      4.139021   233A      4.164610   234A      4.204262  
     235A      4.279406   236A      4.337033   237A      4.340337  
     238A      4.448305   239A      4.525076   240A      4.685148  
     241A      4.916298  

    Final Occupation by Irrep:
              A 
    DOCC [    51 ]
    NA   [    51 ]
    NB   [    51 ]

  @DF-RKS Final Energy:  -650.59193555619174

   => Energetics <=

    Nuclear Repulsion Energy =            887.6401206681146050
    One-Electron Energy =               -2643.8753274168198004
    Two-Electron Energy =                1178.9519437526412275
    DFT Exchange-Correlation Energy =     -73.3086725601277891
    Empirical Dispersion Energy =           0.0000000000000000
    VV10 Nonlocal Energy =                  0.0000000000000000
    Total Energy =                       -650.5919355561917428

Computation Completed


Properties will be evaluated at   0.000000,   0.000000,   0.000000 [a0]

Properties computed using the SCF density matrix


 Multipole Moments:

 ------------------------------------------------------------------------------------
     Multipole            Electronic (a.u.)      Nuclear  (a.u.)        Total (a.u.)
 ------------------------------------------------------------------------------------

 L = 1.  Multiply by 2.5417464519 to convert [e a0] to [Debye]
 Dipole X            :        -51.8777255           51.1723027           -0.7054228
 Dipole Y            :         -6.4436699            6.4114236           -0.0322463
 Dipole Z            :          3.8540588           -4.2218591           -0.3678003
 Magnitude           :                                                    0.7962024

 ------------------------------------------------------------------------------------

*** tstop() called on ubuntu-32gb-hel1-14 at Tue Sep 29 23:03:53 2026
Module time:
	user time   =     109.51 seconds =       1.83 minutes
	system time =       4.02 seconds =       0.07 minutes
	total time  =          8 seconds =       0.13 minutes
Total time:
	user time   =     584.43 seconds =       9.74 minutes
	system time =      26.05 seconds =       0.43 minutes
	total time  =         41 seconds =       0.68 minutes

*** tstart() called on ubuntu-32gb-hel1-14
*** at Tue Sep 29 23:03:53 2026


         ------------------------------------------------------------
                                   SCF GRAD                          
                          Rob Parrish, Justin Turney,                
                       Andy Simmonett, and Alex Sokolov              
         ------------------------------------------------------------

  ==> Geometry <==

    Molecular point group: c1
    Full point group: C1

    Geometry (in Angstrom), charge = 0, multiplicity = 1:

       Center              X                  Y                   Z               Mass       
    ------------   -----------------  -----------------  -----------------  -----------------
         C            2.545500686163    -2.354396444474    -0.762078451628    12.000000000000
         C            1.453359052948    -1.861342987070    -0.588672510941    12.000000000000
         C            0.130423013826    -1.368335870149    -0.371587965493    12.000000000000
         C           -0.907490224214    -2.283341291436    -0.517201772518    12.000000000000
         C           -2.244173989426    -1.940862361327    -0.239482712400    12.000000000000
         C           -2.543594207857    -0.678406889307     0.212321928660    12.000000000000
         C           -1.525961171484     0.298635535100     0.378159009847    12.000000000000
         C           -1.853844322472     1.590047843994     0.870728180161    12.000000000000
         C           -0.883933263575     2.543133730448     1.056665223492    12.000000000000
         C            0.454422805866     2.246969778746     0.723446140417    12.000000000000
         C            0.816132684741     1.015659465550     0.212358509056    12.000000000000
         C            2.266249216209     0.898243005607    -0.179032713007    12.000000000000
         O            3.195221454356     0.881249465652     0.597005116496    15.994914619570
         O            2.423688495150     0.970957567312    -1.523723644804    15.994914619570
         C           -0.157720931425    -0.020537516222     0.054960743814    12.000000000000
         H            3.514018168254    -2.779162044776    -0.899460746648     1.007825032230
         H           -0.660503843427    -3.290084285953    -0.837562281304     1.007825032230
         H           -3.027060483551    -2.683337999063    -0.363109127431     1.007825032230
         H           -3.566504322766    -0.405121553375     0.457033666921     1.007825032230
         H           -2.892955873060     1.803496874756     1.106559649932     1.007825032230
         H           -1.139813825073     3.524680983452     1.444447153851     1.007825032230
         H            1.221826489579     3.004608369226     0.851516171414     1.007825032230
         H            3.382714401239     0.887246633307    -1.683289547888     1.007825032230

  Nuclear repulsion =  887.640120668114605

  ==> Basis Set <==

  Basis Set: 6-31G*
    Blend: 6-31G*
    Number of shells: 106
    Number of basis functions: 241
    Number of Cartesian functions: 241
    Spherical Harmonics?: false
    Max angular momentum: 2

  ==> DFJKGrad: Density-Fitted SCF Gradients <==

    Gradient:                    1
    J tasked:                  Yes
    K tasked:                  Yes
    wK tasked:                  No
    OpenMP threads:             16
    Integrals threads:          16
    Memory [MiB]:            17166
    Schwarz Cutoff:          1E-12
    Fitting Condition:       1E-10

   => Auxiliary Basis Set <=

  Basis Set: (6-31G* AUX)
    Blend: CC-PVDZ-JKFIT
    Number of shells: 432
    Number of basis functions: 1415
    Number of Cartesian functions: 1415
    Spherical Harmonics?: false
    Max angular momentum: 3

  ==> DFT Potential <==

   => LibXC <=

    Version 7.1.2
    S. Lehtola, C. Steigemann, M. J. T. Oliveira, and M. A. L. Marques,  SoftwareX 7, 1–5 (2018) (10.1016/j.softx.2017.11.002)

   => Composite Functional: B3LYP <= 

    B3LYP Hyb-GGA Exchange-Correlation Functional

    P. J. Stephens, F. J. Devlin, C. F. Chabalowski, and M. J. Frisch,  J. Phys. Chem. 98, 11623 (1994) (10.1021/j100096a001)

    Deriv               =              1
    GGA                 =           TRUE
    Meta                =          FALSE

    Exchange Hybrid     =           TRUE
    MP2 Hybrid          =          FALSE

   => Exchange Functionals <=

    0.0800   Slater exchange
    0.7200         Becke 88

   => Exact (HF) Exchange <=

    0.2000               HF 

   => Correlation Functionals <=

    0.1900   Vosko, Wilk & Nusair (VWN5_RPA)
    0.8100   Lee, Yang & Parr

   => LibXC Density Thresholds  <==

    XC_HYB_GGA_XC_B3LYP:  1.00E-15 

   => Molecular Quadrature <=

    Radial Scheme          =       TREUTLER
    Pruning Scheme         =           NONE
    Nuclear Scheme         =       TREUTLER

    Blocking Scheme        =         OCTREE
    BS radius alpha        =              1
    Pruning alpha          =              1
    Radial Points          =             75
    Spherical Points       =            302
    Total Points           =         473895
    Total Blocks           =           3465
    Max Points             =            256
    Max Functions          =            226
    Weights Tolerance      =       1.00E-15


  -Total Gradient:
     Atom            X                  Y                   Z
    ------   -----------------  -----------------  -----------------
       1        0.001030319063     0.000089675824     0.000067842389
       2       -0.002074657351    -0.002069989678     0.000768891586
       3        0.000891312736    -0.000151641823    -0.000975822657
       4        0.000483614575     0.000079222527     0.000129192881
       5       -0.000464402145     0.000482068457     0.000187089380
       6       -0.000636776443    -0.001212514667    -0.000300007887
       7       -0.002281140565     0.000717151935     0.000774192499
       8        0.000205904226     0.001033066269     0.000245357947
       9       -0.000501753458    -0.000267884657     0.000062210339
      10       -0.000178693768    -0.001168577845    -0.000704939867
      11       -0.000606525887     0.002495121124     0.000841224828
      12        0.001187211850    -0.002802733899    -0.001131904425
      13        0.000239880412     0.000605525397     0.001351302248
      14        0.000712317192     0.003076095343    -0.001397693282
      15        0.001840734822    -0.000273567341     0.000098501951
      16       -0.000044768850    -0.000328672308    -0.000133278306
      17        0.000392723432     0.000304110774    -0.000012123499
      18       -0.000092621498     0.000109187111     0.000176457154
      19        0.000261799577    -0.000000950042    -0.000058374166
      20        0.000288841451    -0.000127036171    -0.000014066583
      21       -0.000235032957    -0.000054812972    -0.000084804425
      22        0.000260383284    -0.000337469982    -0.000212156916
      23       -0.000682206905    -0.000238369576     0.000340815814


*** tstop() called on ubuntu-32gb-hel1-14 at Tue Sep 29 23:03:55 2026
Module time:
	user time   =      32.50 seconds =       0.54 minutes
	system time =       2.23 seconds =       0.04 minutes
	total time  =          2 seconds =       0.03 minutes
Total time:
	user time   =     616.95 seconds =      10.28 minutes
	system time =      28.28 seconds =       0.47 minutes
	total time  =         43 seconds =       0.72 minutes

    			-----------------------------------------

    			 OPTKING 3.0: for geometry optimizations 

    			     By R.A. King, Bethel University     

    			        with contributions from          

    			    A.V. Copan, J. Cayton, A. Heide      

    			-----------------------------------------

    
	                            ===> Fragment 1 <== 

	 Z (Atomic Numbers)          Masses                          Geom                  
	       6.000000            12.000000          4.81029915 -4.44916447 -1.44011956   
	       6.000000            12.000000          2.74645057 -3.51742847 -1.11242982   
	       6.000000            12.000000          0.24646378 -2.58578004 -0.70219949   
	       6.000000            12.000000         -1.71490799 -4.31488969 -0.97736970   
	       6.000000            12.000000         -4.24087422 -3.66769831 -0.45255674   
	       6.000000            12.000000         -4.80669643 -1.28200322  0.40123030   
	       6.000000            12.000000         -2.88364869  0.56433937  0.71461696   
	       6.000000            12.000000         -3.50325805  3.00475495  1.64543779   
	       6.000000            12.000000         -1.67039178  4.80582625  1.99680788   
	       6.000000            12.000000          0.85873465  4.24615749  1.36711507   
	       6.000000            12.000000          1.54226726  1.91931823  0.40129942   
	       6.000000            12.000000          4.28259035  1.69743327 -0.33832280   
	       8.000000            15.994915          6.03809346  1.66532014  1.12817617   
	       8.000000            15.994915          4.58010747  1.83484388 -2.87942038   
	       6.000000            12.000000         -0.29804936 -0.03881028  0.10386075   
	       1.000000             1.007825          6.64053194 -5.25185512 -1.69973447   
	       1.000000             1.007825         -1.24817137 -6.21735823 -1.58276332   
	       1.000000             1.007825         -5.72031528 -5.07077392 -0.68617680   
	       1.000000             1.007825         -6.73971640 -0.76556878  0.86366846   
	       1.000000             1.007825         -5.46689429  3.40811516  2.09109468   
	       1.000000             1.007825         -2.15393596  6.66068174  2.72960952   
	       1.000000             1.007825          2.30891744  5.67788693  1.60913236   
	       1.000000             1.007825          6.39240378  1.67665314 -3.18095624   

	 - Coordinate -           - BOHR/RAD -       - ANG/DEG -
	 R(1,2)           =         2.288009           1.210762
	 R(1,16)          =         2.015307           1.066455
	 R(2,3)           =         2.699295           1.428405
	 R(3,4)           =         2.629167           1.391295
	 R(3,15)          =         2.726405           1.442751
	 R(4,5)           =         2.659848           1.407531
	 R(4,17)          =         2.050300           1.084972
	 R(5,6)           =         2.596276           1.373890
	 R(5,18)          =         2.052302           1.086032
	 R(6,7)           =         2.684270           1.420454
	 R(6,19)          =         2.053563           1.086699
	 R(7,8)           =         2.684394           1.420520
	 R(7,15)          =         2.724360           1.441669
	 R(8,9)           =         2.593592           1.372470
	 R(8,20)          =         2.053577           1.086706
	 R(9,10)          =         2.665750           1.410654
	 R(9,21)          =         2.052146           1.085949
	 R(10,11)         =         2.610402           1.381365
	 R(10,22)         =         2.052182           1.085968
	 R(11,12)         =         2.847041           1.506589
	 R(11,15)         =         2.703609           1.430688
	 R(12,13)         =         2.287672           1.210584
	 R(12,14)         =         2.562143           1.355828
	 R(14,23)         =         1.844008           0.975807
	 L(1,2,3)         =         3.074400         176.150144
	 l(1,2,3)         =         3.141593         180.000000
	 L(2,1,16)        =         3.123572         178.967514
	 l(2,1,16)        =         3.141593         180.000000
	 B(2,3,4)         =         2.035353         116.617142
	 B(2,3,15)        =         2.155957         123.527248
	 B(3,4,5)         =         2.126784         121.855760
	 B(3,4,17)        =         2.061590         118.120379
	 B(3,15,7)        =         2.051774         117.558015
	 B(3,15,11)       =         2.181175         124.972135
	 B(4,3,15)        =         2.090166         119.757692
	 B(4,5,6)         =         2.089132         119.698465
	 B(4,5,18)        =         2.089525         119.720991
	 B(5,4,17)        =         2.094649         120.014525
	 B(5,6,7)         =         2.110998         120.951273
	 B(5,6,19)        =         2.106308         120.682580
	 B(6,5,18)        =         2.104284         120.566580
	 B(6,7,8)         =         2.094907         120.029318
	 B(6,7,15)        =         2.096093         120.097290
	 B(7,6,19)        =         2.065864         118.365285
	 B(7,8,9)         =         2.112008         121.009165
	 B(7,8,20)        =         2.065223         118.328545
	 B(7,15,11)       =         2.049929         117.452276
	 B(8,7,15)        =         2.092166         119.872294
	 B(8,9,10)        =         2.085958         119.516579
	 B(8,9,21)        =         2.105435         120.632566
	 B(9,8,20)        =         2.105911         120.659837
	 B(9,10,11)       =         2.121126         121.531557
	 B(9,10,22)       =         2.089906         119.742770
	 B(10,9,21)       =         2.091703         119.845745
	 B(10,11,12)      =         2.001622         114.684506
	 B(10,11,15)      =         2.103722         120.534394
	 B(11,10,22)      =         2.071990         118.716270
	 B(11,12,13)      =         2.181166         124.971628
	 B(11,12,14)      =         1.944687         111.422380
	 B(12,11,15)      =         2.177482         124.760527
	 B(12,14,23)      =         1.845957         105.765541
	 B(13,12,14)      =         2.150079         123.190451
	 D(2,3,4,5)       =         3.063554         175.528732
	 D(2,3,4,17)      =        -0.058630          -3.359261
	 D(2,3,15,7)      =        -3.023992        -173.261976
	 D(2,3,15,11)     =         0.090227           5.169622
	 D(3,4,5,6)       =        -0.021367          -1.224211
	 D(3,4,5,18)      =        -3.139372        -179.872785
	 D(3,15,7,6)      =        -0.051246          -2.936206
	 D(3,15,7,8)      =         3.083695         176.682732
	 D(3,15,11,10)    =        -3.055538        -175.069444
	 D(3,15,11,12)    =         0.116421           6.670418
	 D(4,3,15,7)      =         0.052623           3.015088
	 D(4,3,15,11)     =        -3.116343        -178.553315
	 D(4,5,6,7)       =         0.022793           1.305931
	 D(4,5,6,19)      =        -3.112810        -178.350881
	 D(5,4,3,15)      =        -0.017456          -1.000160
	 D(5,6,7,8)       =        -3.120730        -178.804648
	 D(5,6,7,15)      =         0.014202           0.813688
	 D(6,5,4,17)      =         3.100458         177.643153
	 D(6,7,8,9)       =         3.125329         179.068187
	 D(6,7,8,20)      =        -0.006383          -0.365720
	 D(6,7,15,11)     =         3.115623         178.512048
	 D(7,6,5,18)      =         3.140596         179.942870
	 D(7,8,9,10)      =         0.026826           1.537037
	 D(7,8,9,21)      =        -3.129139        -179.286484
	 D(7,15,11,10)    =         0.058707           3.363661
	 D(7,15,11,12)    =        -3.052519        -174.896477
	 D(8,7,6,19)      =         0.015009           0.859937
	 D(8,7,15,11)     =        -0.032620          -1.869014
	 D(8,9,10,11)     =        -0.000292          -0.016733
	 D(8,9,10,22)     =         3.121578         178.853238
	 D(9,8,7,15)      =        -0.009617          -0.551013
	 D(9,10,11,12)    =         3.070539         175.928928
	 D(9,10,11,15)    =        -0.043598          -2.497996
	 D(10,9,8,20)     =        -3.124877        -179.042239
	 D(10,11,12,13)   =         1.209635          69.306994
	 D(10,11,12,14)   =        -1.805878        -103.469193
	 D(11,10,9,21)    =        -3.127626        -179.199779
	 D(11,12,14,23)   =         3.141109         179.972292
	 D(12,11,10,22)   =        -0.051528          -2.952316
	 D(13,12,11,15)   =        -1.960743        -112.342276
	 D(13,12,14,23)   =         0.122958           7.044960
	 D(14,12,11,15)   =         1.306929          74.881536
	 D(15,3,4,17)     =         3.143545         180.111847
	 D(15,7,6,19)     =        -3.133245        -179.521727
	 D(15,7,8,20)     =        -3.141329        -179.984920
	 D(15,11,10,22)   =         3.117520         178.620759
	 D(17,4,5,18)     =        -0.017548          -1.005420
	 D(18,5,6,19)     =         0.004993           0.286058
	 D(20,8,9,21)     =         0.002343           0.134240
	 D(21,9,10,22)    =        -0.005756          -0.329808
	 D(4,3,1,16)      =        -0.837551         -47.988146
	 D(15,3,1,16)     =         2.228215         127.667340


	        --- Internal Coordinate Step in ANG or DEG, aJ/ANG or AJ/DEG ---
	-------------------------------------------------------------------------------
	           Coordinate      Previous         Force          Change          New 
	           ----------      --------        ------          ------        ------
	               R(1,2)       1.21076       -0.00805       -0.00041       1.21036
	              R(1,16)       1.06645       -0.00088       -0.00004       1.06641
	               R(2,3)       1.42841        0.00250       -0.00062       1.42779
	               R(3,4)       1.39130        0.00338       -0.00056       1.39074
	              R(3,15)       1.44275       -0.01979        0.00147       1.44422
	               R(4,5)       1.40753       -0.00196        0.00024       1.40778
	              R(4,17)       1.08497        0.00157        0.00027       1.08524
	               R(5,6)       1.37389        0.00873       -0.00103       1.37286
	              R(5,18)       1.08603        0.00024       -0.00001       1.08603
	               R(6,7)       1.42045       -0.00476        0.00048       1.42094
	              R(6,19)       1.08670        0.00214        0.00021       1.08691
	               R(7,8)       1.42052       -0.00095        0.00110       1.42162
	              R(7,15)       1.44167       -0.02671       -0.00337       1.43830
	               R(8,9)       1.37247        0.00937       -0.00115       1.37132
	              R(8,20)       1.08671        0.00250        0.00030       1.08701
	              R(9,10)       1.41065       -0.00126        0.00086       1.41151
	              R(9,21)       1.08595        0.00019       -0.00005       1.08590
	             R(10,11)       1.38137        0.00958       -0.00053       1.38083
	             R(10,22)       1.08597        0.00062        0.00028       1.08624
	             R(11,12)       1.50659       -0.01292       -0.00033       1.50626
	             R(11,15)       1.43069       -0.01760        0.00064       1.43133
	             R(12,13)       1.21058       -0.00857       -0.00116       1.20943
	             R(12,14)       1.35583       -0.00997       -0.00099       1.35484
	             R(14,23)       0.97581        0.00583       -0.00038       0.97543
	             L(1,2,3)     176.15014        0.00005       -0.47804     175.67211
	             l(1,2,3)     180.00000        0.00021       -0.35538     179.64462
	            L(2,1,16)     178.96751       -0.00029       -0.25370     178.71381
	            l(2,1,16)     180.00000       -0.00003       -0.17152     179.82848
	             B(2,3,4)     116.61714        0.00024        0.21888     116.83602
	            B(2,3,15)     123.52725       -0.00025       -0.16398     123.36327
	             B(3,4,5)     121.85576       -0.00008       -0.06589     121.78987
	            B(3,4,17)     118.12038        0.00008        0.14066     118.26104
	            B(3,15,7)     117.55802        0.00012        0.07706     117.63508
	           B(3,15,11)     124.97214       -0.00021       -0.13249     124.83964
	            B(4,3,15)     119.75769        0.00001       -0.02184     119.73585
	             B(4,5,6)     119.69847       -0.00000       -0.01237     119.68609
	            B(4,5,18)     119.72099       -0.00001       -0.20286     119.51813
	            B(5,4,17)     120.01453        0.00000       -0.07526     119.93927
	             B(5,6,7)     120.95127       -0.00001        0.08429     121.03556
	            B(5,6,19)     120.68258        0.00000        0.24414     120.92672
	            B(6,5,18)     120.56658        0.00002        0.21794     120.78452
	             B(6,7,8)     120.02932        0.00004        0.12695     120.15626
	            B(6,7,15)     120.09729       -0.00003       -0.06787     120.02943
	            B(7,6,19)     118.36529        0.00001       -0.32778     118.03751
	             B(7,8,9)     121.00917       -0.00001        0.09043     121.09960
	            B(7,8,20)     118.32855        0.00001       -0.32003     118.00851
	           B(7,15,11)     117.45228        0.00009        0.06175     117.51402
	            B(8,7,15)     119.87229       -0.00002       -0.05851     119.81378
	            B(8,9,10)     119.51658       -0.00001       -0.05924     119.45734
	            B(8,9,21)     120.63257        0.00002        0.27944     120.91201
	            B(9,8,20)     120.65984        0.00000        0.23093     120.89076
	           B(9,10,11)     121.53156       -0.00009       -0.05647     121.47508
	           B(9,10,22)     119.74277        0.00001       -0.22068     119.52209
	           B(10,9,21)     119.84575       -0.00002       -0.22140     119.62434
	          B(10,11,12)     114.68451        0.00018       -0.02480     114.65971
	          B(10,11,15)     120.53439        0.00003        0.01919     120.55358
	          B(11,10,22)     118.71627        0.00008        0.28021     118.99648
	          B(11,12,13)     124.97163        0.00009       -0.03709     124.93454
	          B(11,12,14)     111.42238       -0.00002       -0.29796     111.12442
	          B(12,11,15)     124.76053       -0.00020        0.00002     124.76055
	          B(12,14,23)     105.76554        0.00003       -0.16270     105.60284
	          B(13,12,14)     123.19045       -0.00005        0.25275     123.44320
	           D(2,3,4,5)     175.52873        0.00001        0.40926     175.93800
	          D(2,3,4,17)      -3.35926       -0.00000        0.43853      -2.92073
	          D(2,3,15,7)    -173.26198       -0.00004       -0.49607    -173.75804
	         D(2,3,15,11)       5.16962       -0.00001       -0.18180       4.98782
	           D(3,4,5,6)      -1.22421       -0.00000        0.05911      -1.16510
	          D(3,4,5,18)    -179.87278       -0.00002       -0.08162    -179.95441
	          D(3,15,7,6)      -2.93621        0.00003       -0.00339      -2.93960
	          D(3,15,7,8)     176.68273        0.00003        0.11322     176.79596
	        D(3,15,11,10)    -175.06944       -0.00005       -0.26000    -175.32944
	        D(3,15,11,12)       6.67042       -0.00006       -0.03747       6.63295
	          D(4,3,15,7)       3.01509       -0.00004        0.20308       3.21817
	         D(4,3,15,11)    -178.55331       -0.00001        0.51735    -178.03596
	           D(4,5,6,7)       1.30593       -0.00001        0.14929       1.45522
	          D(4,5,6,19)    -178.35088       -0.00001       -0.02377    -178.37465
	          D(5,4,3,15)      -1.00016        0.00003       -0.23172      -1.23188
	           D(5,6,7,8)    -178.80465       -0.00001       -0.28949    -179.09414
	          D(5,6,7,15)       0.81369       -0.00000       -0.17319       0.64050
	          D(6,5,4,17)     177.64315        0.00001        0.03171     177.67487
	           D(6,7,8,9)     179.06819        0.00001        0.21279     179.28098
	          D(6,7,8,20)      -0.36572       -0.00000        0.02924      -0.33648
	         D(6,7,15,11)     178.51205        0.00001       -0.29106     178.22099
	          D(7,6,5,18)     179.94287       -0.00000        0.28602     180.22889
	          D(7,8,9,10)       1.53704       -0.00001        0.10527       1.64230
	          D(7,8,9,21)    -179.28648       -0.00000        0.01182    -179.27466
	        D(7,15,11,10)       3.36366       -0.00002        0.05415       3.41781
	        D(7,15,11,12)    -174.89648       -0.00003        0.27668    -174.61980
	          D(8,7,6,19)       0.85994       -0.00001       -0.11941       0.74052
	         D(8,7,15,11)      -1.86901        0.00001       -0.17444      -2.04346
	         D(8,9,10,11)      -0.01673       -0.00000       -0.23186      -0.24859
	         D(8,9,10,22)     178.85324        0.00001       -0.02741     178.82583
	          D(9,8,7,15)      -0.55101        0.00000        0.09677      -0.45424
	        D(9,10,11,12)     175.92893        0.00002       -0.04760     175.88133
	        D(9,10,11,15)      -2.49800        0.00002        0.15323      -2.34477
	         D(10,9,8,20)    -179.04224       -0.00000        0.29098    -178.75126
	       D(10,11,12,13)      69.30699       -0.00002       -6.40940      62.89760
	       D(10,11,12,14)    -103.46919       -0.00020       -5.74857    -109.21776
	        D(11,10,9,21)    -179.19978       -0.00001       -0.14380    -179.34358
	       D(11,12,14,23)     179.97229        0.00008       -0.68074     179.29155
	       D(12,11,10,22)      -2.95232        0.00001       -0.24551      -3.19783
	       D(13,12,11,15)    -112.34228       -0.00001       -6.61959    -118.96187
	       D(13,12,14,23)       7.04496       -0.00012       -0.00782       7.03714
	       D(14,12,11,15)      74.88154       -0.00020       -5.95876      68.92277
	         D(15,3,4,17)     180.11185        0.00002       -0.20246     179.90939
	         D(15,7,6,19)    -179.52173       -0.00000       -0.00311    -179.52484
	         D(15,7,8,20)    -179.98492       -0.00000       -0.08678    -180.07170
	       D(15,11,10,22)     178.62076        0.00001       -0.04468     178.57607
	         D(17,4,5,18)      -1.00542       -0.00000       -0.10902      -1.11444
	         D(18,5,6,19)       0.28606        0.00000        0.11295       0.39901
	         D(20,8,9,21)       0.13424        0.00001        0.19753       0.33178
	        D(21,9,10,22)      -0.32981        0.00000        0.06065      -0.26916
	          D(4,3,1,16)     -47.98815       -0.00015        0.49226     -47.49588
	         D(15,3,1,16)     127.66734        0.00016        1.24034     128.90768
	-------------------------------------------------------------------------------

	                                 ==> Convergence Check <==                                  
    
	Measures of convergence in internal coordinates in au.
    
	Criteria marked as inactive (o), active & met (*), and active & unmet ( ).

	----------------------------------------------------------------------------------------------
	   Step    Total Energy     Delta E     Max Force     RMS Force      Max Disp      RMS Disp   
	----------------------------------------------------------------------------------------------
	  Convergence Criteria     1.00e-06 *    3.00e-04 *             o    1.20e-03 *             o
	----------------------------------------------------------------------------------------------
	     4    -650.59193556   -3.49e-03      3.84e-03      1.09e-03 o    1.16e-01      2.06e-02 o  ~
	----------------------------------------------------------------------------------------------

Next Geometry in Ang 
	Fragment 1 (Ang)

	    C   2.5484416080  -2.3419598729  -0.7739120077
	    C   1.4592675444  -1.8472257702  -0.5897887534
	    C   0.1343155317  -1.3639491041  -0.3672600209
	    C  -0.9020616065  -2.2778599819  -0.5248514884
	    C  -2.2399374940  -1.9366432770  -0.2500943967
	    C  -2.5401303773  -0.6780517176   0.2087817151
	    C  -1.5240735736   0.2998747707   0.3830087968
	    C  -1.8531956703   1.5913985216   0.8776259244
	    C  -0.8860862246   2.5449905329   1.0670135005
	    C   0.4534682923   2.2509899222   0.7330660821
	    C   0.8158597680   1.0200230092   0.2230757992
	    C   2.2652679466   0.9047319115  -0.1702977251
	    O   3.1994536625   1.0003484663   0.5918484208
	    O   2.4028799854   0.8505981293  -1.5170404653
	    C  -0.1577986754  -0.0170309141   0.0643099788
	    H   3.5171729514  -2.7635941724  -0.9188985454
	    H  -0.6555895106  -3.2829619876  -0.8516053791
	    H  -3.0202705893  -2.6797887720  -0.3852567116
	    H  -3.5626613014  -0.4013649362   0.4521973384
	    H  -2.8949322644   1.7996385613   1.1078582673
	    H  -1.1392522552   3.5267048644   1.4560142213
	    H   1.2173081731   3.0120170684   0.8646483372
	    H   3.3625540890   0.7891147582  -1.6804428683


    Structure for next step:
    Molecular point group: c1
    Full point group: C1

    Geometry (in Angstrom), charge = 0, multiplicity = 1:

    C            2.548441608008    -2.341959872909    -0.773912007670
    C            1.459267544440    -1.847225770246    -0.589788753403
    C            0.134315531749    -1.363949104084    -0.367260020902
    C           -0.902061606454    -2.277859981907    -0.524851488409
    C           -2.239937493988    -1.936643276952    -0.250094396693
    C           -2.540130377311    -0.678051717635     0.208781715088
    C           -1.524073573570     0.299874770747     0.383008796769
    C           -1.853195670251     1.591398521617     0.877625924442
    C           -0.886086224609     2.544990532942     1.067013500494
    C            0.453468292272     2.250989922169     0.733066082090
    C            0.815859768036     1.020023009223     0.223075799237
    C            2.265267946609     0.904731911544    -0.170297725054
    O            3.199453662457     1.000348466337     0.591848420792
    O            2.402879985408     0.850598129276    -1.517040465304
    C           -0.157798675354    -0.017030914111     0.064309978756
    H            3.517172951445    -2.763594172395    -0.918898545376
    H           -0.655589510626    -3.282961987626    -0.851605379147
    H           -3.020270589304    -2.679788772029    -0.385256711612
    H           -3.562661301437    -0.401364936246     0.452197338435
    H           -2.894932264422     1.799638561308     1.107858267293
    H           -1.139252255190     3.526704864388     1.456014221282
    H            1.217308173067     3.012017068417     0.864648337234
    H            3.362554089023     0.789114758171    -1.680442868340


Scratch directory: /tmp/
gradient() will perform analytic gradient computation.
   => Libint2 <=

    Primary   basis highest AM E, G, H:  7, 6, 3
    Auxiliary basis highest AM E, G, H:  7, 7, 4
    Onebody   basis highest AM E, G, H:  -, -, -
    Solid Harmonics ordering:            Gaussian

*** tstart() called on ubuntu-32gb-hel1-14
*** at Tue Sep 29 23:03:56 2026

   => Loading Basis Set <=

    Name: 6-31G*
    Role: ORBITAL
    Keyword: BASIS
    atoms 1-12, 15 entry C          line   111 file /root/miniforge3/envs/qc/share/psi4/basis/6-31gs.gbs 
    atoms 13-14    entry O          line   145 file /root/miniforge3/envs/qc/share/psi4/basis/6-31gs.gbs 
    atoms 16-23    entry H          line    44 file /root/miniforge3/envs/qc/share/psi4/basis/6-31gs.gbs 


         ---------------------------------------------------------
                                   SCF
               by Justin Turney, Rob Parrish, Andy Simmonett
                          and Daniel G. A. Smith
                              RKS Reference
                       16 Threads,  22888 MiB Core
         ---------------------------------------------------------

  ==> Geometry <==

    Molecular point group: c1
    Full point group: C1

    Geometry (in Angstrom), charge = 0, multiplicity = 1:

       Center              X                  Y                   Z               Mass       
    ------------   -----------------  -----------------  -----------------  -----------------
         C            2.548441608008    -2.341959872909    -0.773912007670    12.000000000000
         C            1.459267544440    -1.847225770246    -0.589788753403    12.000000000000
         C            0.134315531749    -1.363949104084    -0.367260020902    12.000000000000
         C           -0.902061606454    -2.277859981907    -0.524851488409    12.000000000000
         C           -2.239937493988    -1.936643276952    -0.250094396693    12.000000000000
         C           -2.540130377311    -0.678051717635     0.208781715088    12.000000000000
         C           -1.524073573570     0.299874770747     0.383008796769    12.000000000000
         C           -1.853195670251     1.591398521617     0.877625924442    12.000000000000
         C           -0.886086224609     2.544990532942     1.067013500494    12.000000000000
         C            0.453468292272     2.250989922169     0.733066082090    12.000000000000
         C            0.815859768036     1.020023009223     0.223075799237    12.000000000000
         C            2.265267946609     0.904731911544    -0.170297725054    12.000000000000
         O            3.199453662457     1.000348466337     0.591848420792    15.994914619570
         O            2.402879985408     0.850598129276    -1.517040465304    15.994914619570
         C           -0.157798675354    -0.017030914111     0.064309978756    12.000000000000
         H            3.517172951445    -2.763594172395    -0.918898545376     1.007825032230
         H           -0.655589510626    -3.282961987626    -0.851605379147     1.007825032230
         H           -3.020270589304    -2.679788772029    -0.385256711612     1.007825032230
         H           -3.562661301437    -0.401364936246     0.452197338435     1.007825032230
         H           -2.894932264422     1.799638561308     1.107858267293     1.007825032230
         H           -1.139252255190     3.526704864388     1.456014221282     1.007825032230
         H            1.217308173067     3.012017068417     0.864648337234     1.007825032230
         H            3.362554089023     0.789114758171    -1.680442868340     1.007825032230

  Running in c1 symmetry.

  Rotational constants: A =      0.02848  B =      0.02164  C =      0.01308 [cm^-1]
  Rotational constants: A =    853.80157  B =    648.79643  C =    392.12681 [MHz]
  Nuclear repulsion =  888.623200741871074

  Charge       = 0
  Multiplicity = 1
  Electrons    = 102
  Nalpha       = 51
  Nbeta        = 51

  ==> Algorithm <==

  SCF Algorithm Type is DF.
  DIIS enabled.
  MOM disabled.
  Fractional occupation disabled.
  Guess Type is READ.
  Energy threshold   = 1.00e-08
  Density threshold  = 1.00e-08
  Integral threshold = 1.00e-12

  ==> Primary Basis <==

  Basis Set: 6-31G*
    Blend: 6-31G*
    Number of shells: 106
    Number of basis functions: 241
    Number of Cartesian functions: 241
    Spherical Harmonics?: false
    Max angular momentum: 2

  ==> DFT Potential <==

   => LibXC <=

    Version 7.1.2
    S. Lehtola, C. Steigemann, M. J. T. Oliveira, and M. A. L. Marques,  SoftwareX 7, 1–5 (2018) (10.1016/j.softx.2017.11.002)

   => Composite Functional: B3LYP <= 

    B3LYP Hyb-GGA Exchange-Correlation Functional

    P. J. Stephens, F. J. Devlin, C. F. Chabalowski, and M. J. Frisch,  J. Phys. Chem. 98, 11623 (1994) (10.1021/j100096a001)

    Deriv               =              1
    GGA                 =           TRUE
    Meta                =          FALSE

    Exchange Hybrid     =           TRUE
    MP2 Hybrid          =          FALSE

   => Exchange Functionals <=

    0.0800   Slater exchange
    0.7200         Becke 88

   => Exact (HF) Exchange <=

    0.2000               HF 

   => Correlation Functionals <=

    0.1900   Vosko, Wilk & Nusair (VWN5_RPA)
    0.8100   Lee, Yang & Parr

   => LibXC Density Thresholds  <==

    XC_HYB_GGA_XC_B3LYP:  1.00E-15 

   => Molecular Quadrature <=

    Radial Scheme          =       TREUTLER
    Pruning Scheme         =           NONE
    Nuclear Scheme         =       TREUTLER

    Blocking Scheme        =         OCTREE
    BS radius alpha        =              1
    Pruning alpha          =              1
    Radial Points          =             75
    Spherical Points       =            302
    Total Points           =         473849
    Total Blocks           =           3471
    Max Points             =            256
    Max Functions          =            226
    Weights Tolerance      =       1.00E-15

   => Loading Basis Set <=

    Name: (6-31G* AUX)
    Role: JKFIT
    Keyword: DF_BASIS_SCF
    atoms 1-12, 15 entry C          line   121 file /root/miniforge3/envs/qc/share/psi4/basis/cc-pvdz-jkfit.gbs 
    atoms 13-14    entry O          line   221 file /root/miniforge3/envs/qc/share/psi4/basis/cc-pvdz-jkfit.gbs 
    atoms 16-23    entry H          line    51 file /root/miniforge3/envs/qc/share/psi4/basis/cc-pvdz-jkfit.gbs 

   => Loading Basis Set <=

    Name: 6-31G*
    Role: ORBITAL
    Keyword: BASIS
    atoms 1-12, 15 entry C          line   111 file /root/miniforge3/envs/qc/share/psi4/basis/6-31gs.gbs 
    atoms 13-14    entry O          line   145 file /root/miniforge3/envs/qc/share/psi4/basis/6-31gs.gbs 
    atoms 16-23    entry H          line    44 file /root/miniforge3/envs/qc/share/psi4/basis/6-31gs.gbs 

  Reading orbitals from file /tmp/psi4.default.2140910.180.npy, no projection.

  ==> Integral Setup <==

  DFHelper Memory: AOs need 0.579 GiB; user supplied 14.827 GiB. 
  SCF_SUBTYPE=INCORE selected. In-core MEM_DF algorithm will be used.
  Using in-core AOs.

  ==> MemDFJK: Density-Fitted J/K Matrices <==

    J tasked:                   Yes
    K tasked:                   Yes
    wK tasked:                   No
    OpenMP threads:              16
    Memory [MiB]:             15182
    Algorithm:                 Core
    Schwarz Cutoff:           1E-12
    Mask sparsity (%):      11.1637
    Fitting Condition:        1E-10

   => Auxiliary Basis Set <=

  Basis Set: (6-31G* AUX)
    Blend: CC-PVDZ-JKFIT
    Number of shells: 432
    Number of basis functions: 1415
    Number of Cartesian functions: 1415
    Spherical Harmonics?: false
    Max angular momentum: 3

  Cached 100.0% of DFT collocation blocks in 1.937 [GiB].

  Minimum eigenvalue in the overlap matrix is 2.2546526750E-04.
  Reciprocal condition number of the overlap matrix is 2.8505431647E-05.
    Using symmetric orthogonalization.

  ==> Pre-Iterations <==

  SCF Guess: Orbitals guess was supplied from a previous computation.

   -------------------------------------------------------
    Irrep   Nso     Nmo     Nalpha   Nbeta   Ndocc  Nsocc
   -------------------------------------------------------
     A        241     241      51      51      51       0
   -------------------------------------------------------
    Total     241     241      51      51      51       0
   -------------------------------------------------------

  ==> Iterations <==

                           Total Energy        Delta E     RMS |[F,P]|

   @DF-RKS iter   0:  -650.58442808075768   -6.50584e+02   9.97507e-04 
   @DF-RKS iter   1:  -650.59202215296534   -7.59407e-03   8.04442e-05 DIIS
   @DF-RKS iter   2:  -650.59194340889974    7.87441e-05   1.05997e-04 DIIS/ADIIS
   @DF-RKS iter   3:  -650.59227661977297   -3.33211e-04   3.08039e-05 DIIS
   @DF-RKS iter   4:  -650.59230421118923   -2.75914e-05   9.60481e-06 DIIS
   @DF-RKS iter   5:  -650.59230653562076   -2.32443e-06   4.54614e-06 DIIS
   @DF-RKS iter   6:  -650.59230708297412   -5.47353e-07   1.49696e-06 DIIS
   @DF-RKS iter   7:  -650.59230713626016   -5.32860e-08   5.38271e-07 DIIS
   @DF-RKS iter   8:  -650.59230714363537   -7.37521e-09   1.44834e-07 DIIS
   @DF-RKS iter   9:  -650.59230714401372   -3.78350e-10   1.01198e-07 DIIS
   @DF-RKS iter  10:  -650.59230714431214   -2.98428e-10   2.81708e-08 DIIS
   @DF-RKS iter  11:  -650.59230714433033   -1.81899e-11   1.19611e-08 DIIS
   @DF-RKS iter  12:  -650.59230714433420   -3.86535e-12   4.43598e-09 DIIS
  Energy and wave function converged.


  ==> Post-Iterations <==

   Electrons on quadrature grid:
      Ntotal   =  101.9999227239 ; deviation = -7.728e-05 

    Orbital Energies [Eh]
    ---------------------

    Doubly Occupied:                                                      

       1A    -19.191489     2A    -19.136249     3A    -10.320937  
       4A    -10.225160     5A    -10.220794     6A    -10.213834  
       7A    -10.211699     8A    -10.205003     9A    -10.204709  
      10A    -10.203465    11A    -10.203139    12A    -10.201695  
      13A    -10.201475    14A    -10.193612    15A    -10.188753  
      16A     -1.101237    17A     -1.011927    18A     -0.888096  
      19A     -0.838078    20A     -0.802860    21A     -0.761421  
      22A     -0.753389    23A     -0.724832    24A     -0.662264  
      25A     -0.640465    26A     -0.626911    27A     -0.595291  
      28A     -0.548879    29A     -0.526572    30A     -0.517919  
      31A     -0.506398    32A     -0.484234    33A     -0.475505  
      34A     -0.463725    35A     -0.454313    36A     -0.436188  
      37A     -0.421024    38A     -0.410341    39A     -0.403913  
      40A     -0.401520    41A     -0.384353    42A     -0.354983  
      43A     -0.353761    44A     -0.346598    45A     -0.321323  
      46A     -0.310789    47A     -0.280525    48A     -0.274818  
      49A     -0.263567    50A     -0.255399    51A     -0.217844  

    Virtual:                                                              

      52A     -0.060611    53A     -0.021027    54A     -0.008815  
      55A      0.019103    56A      0.056439    57A      0.072243  
      58A      0.086452    59A      0.092652    60A      0.109303  
      61A      0.117605    62A      0.122812    63A      0.135794  
      64A      0.166862    65A      0.167467    66A      0.186730  
      67A      0.201972    68A      0.226922    69A      0.247147  
      70A      0.257123    71A      0.269206    72A      0.282117  
      73A      0.303932    74A      0.319655    75A      0.343786  
      76A      0.352021    77A      0.372284    78A      0.404903  
      79A      0.434029    80A      0.459482    81A      0.474937  
      82A      0.492082    83A      0.498830    84A      0.511941  
      85A      0.522337    86A      0.532970    87A      0.534281  
      88A      0.546472    89A      0.552163    90A      0.564979  
      91A      0.572415    92A      0.584326    93A      0.588864  
      94A      0.594224    95A      0.603403    96A      0.607057  
      97A      0.611308    98A      0.616326    99A      0.632784  
     100A      0.641253   101A      0.655838   102A      0.660730  
     103A      0.673169   104A      0.689083   105A      0.719457  
     106A      0.731355   107A      0.743758   108A      0.763789  
     109A      0.777008   110A      0.789912   111A      0.805922  
     112A      0.816002   113A      0.823102   114A      0.837911  
     115A      0.844246   116A      0.851958   117A      0.868011  
     118A      0.877650   119A      0.887920   120A      0.890045  
     121A      0.903793   122A      0.925572   123A      0.945203  
     124A      0.956033   125A      0.982889   126A      0.999912  
     127A      1.014630   128A      1.023223   129A      1.057530  
     130A      1.069888   131A      1.071446   132A      1.082515  
     133A      1.114366   134A      1.139971   135A      1.151343  
     136A      1.172916   137A      1.202383   138A      1.213754  
     139A      1.237027   140A      1.246089   141A      1.254177  
     142A      1.281516   143A      1.310629   144A      1.328960  
     145A      1.374211   146A      1.393874   147A      1.421978  
     148A      1.428441   149A      1.443277   150A      1.455665  
     151A      1.472122   152A      1.479163   153A      1.482778  
     154A      1.494198   155A      1.525060   156A      1.540350  
     157A      1.549414   158A      1.586311   159A      1.609212  
     160A      1.629046   161A      1.697538   162A      1.720987  
     163A      1.740634   164A      1.754375   165A      1.765745  
     166A      1.777357   167A      1.796298   168A      1.809310  
     169A      1.819486   170A      1.841729   171A      1.858297  
     172A      1.867662   173A      1.903543   174A      1.908963  
     175A      1.914781   176A      1.916785   177A      1.929059  
     178A      1.936897   179A      1.960873   180A      1.988035  
     181A      2.005251   182A      2.010377   183A      2.029372  
     184A      2.062794   185A      2.137414   186A      2.143880  
     187A      2.150281   188A      2.156048   189A      2.178482  
     190A      2.185139   191A      2.195880   192A      2.259813  
     193A      2.272901   194A      2.292572   195A      2.306898  
     196A      2.322275   197A      2.336644   198A      2.343888  
     199A      2.402277   200A      2.418249   201A      2.462921  
     202A      2.491650   203A      2.567093   204A      2.583328  
     205A      2.604576   206A      2.621872   207A      2.642628  
     208A      2.645814   209A      2.680671   210A      2.697287  
     211A      2.707607   212A      2.761337   213A      2.775963  
     214A      2.784394   215A      2.819020   216A      2.830068  
     217A      2.861931   218A      2.888971   219A      2.930632  
     220A      2.983556   221A      3.013067   222A      3.094333  
     223A      3.192897   224A      3.310771   225A      3.414037  
     226A      3.518599   227A      3.850967   228A      4.048446  
     229A      4.081835   230A      4.091758   231A      4.104551  
     232A      4.144148   233A      4.157884   234A      4.203041  
     235A      4.283217   236A      4.335454   237A      4.347936  
     238A      4.450031   239A      4.524848   240A      4.685939  
     241A      4.914836  

    Final Occupation by Irrep:
              A 
    DOCC [    51 ]
    NA   [    51 ]
    NB   [    51 ]

  @DF-RKS Final Energy:  -650.59230714433420

   => Energetics <=

    Nuclear Repulsion Energy =            888.6232007418710737
    One-Electron Energy =               -2645.8402776712691775
    Two-Electron Energy =                1179.9371439394683421
    DFT Exchange-Correlation Energy =     -73.3123741544043952
    Empirical Dispersion Energy =           0.0000000000000000
    VV10 Nonlocal Energy =                  0.0000000000000000
    Total Energy =                       -650.5923071443340859

Computation Completed


Properties will be evaluated at   0.000000,   0.000000,   0.000000 [a0]

Properties computed using the SCF density matrix


 Multipole Moments:

 ------------------------------------------------------------------------------------
     Multipole            Electronic (a.u.)      Nuclear  (a.u.)        Total (a.u.)
 ------------------------------------------------------------------------------------

 L = 1.  Multiply by 2.5417464519 to convert [e a0] to [Debye]
 Dipole X            :        -51.9023780           51.1794921           -0.7228859
 Dipole Y            :         -7.0736977            6.9977812           -0.0759165
 Dipole Z            :          3.5454244           -3.9173215           -0.3718971
 Magnitude           :                                                    0.8164770

 ------------------------------------------------------------------------------------

*** tstop() called on ubuntu-32gb-hel1-14 at Tue Sep 29 23:04:03 2026
Module time:
	user time   =     108.87 seconds =       1.81 minutes
	system time =       4.07 seconds =       0.07 minutes
	total time  =          7 seconds =       0.12 minutes
Total time:
	user time   =     731.03 seconds =      12.18 minutes
	system time =      32.37 seconds =       0.54 minutes
	total time  =         51 seconds =       0.85 minutes

*** tstart() called on ubuntu-32gb-hel1-14
*** at Tue Sep 29 23:04:03 2026


         ------------------------------------------------------------
                                   SCF GRAD                          
                          Rob Parrish, Justin Turney,                
                       Andy Simmonett, and Alex Sokolov              
         ------------------------------------------------------------

  ==> Geometry <==

    Molecular point group: c1
    Full point group: C1

    Geometry (in Angstrom), charge = 0, multiplicity = 1:

       Center              X                  Y                   Z               Mass       
    ------------   -----------------  -----------------  -----------------  -----------------
         C            2.548441608008    -2.341959872909    -0.773912007670    12.000000000000
         C            1.459267544440    -1.847225770246    -0.589788753403    12.000000000000
         C            0.134315531749    -1.363949104084    -0.367260020902    12.000000000000
         C           -0.902061606454    -2.277859981907    -0.524851488409    12.000000000000
         C           -2.239937493988    -1.936643276952    -0.250094396693    12.000000000000
         C           -2.540130377311    -0.678051717635     0.208781715088    12.000000000000
         C           -1.524073573570     0.299874770747     0.383008796769    12.000000000000
         C           -1.853195670251     1.591398521617     0.877625924442    12.000000000000
         C           -0.886086224609     2.544990532942     1.067013500494    12.000000000000
         C            0.453468292272     2.250989922169     0.733066082090    12.000000000000
         C            0.815859768036     1.020023009223     0.223075799237    12.000000000000
         C            2.265267946609     0.904731911544    -0.170297725054    12.000000000000
         O            3.199453662457     1.000348466337     0.591848420792    15.994914619570
         O            2.402879985408     0.850598129276    -1.517040465304    15.994914619570
         C           -0.157798675354    -0.017030914111     0.064309978756    12.000000000000
         H            3.517172951445    -2.763594172395    -0.918898545376     1.007825032230
         H           -0.655589510626    -3.282961987626    -0.851605379147     1.007825032230
         H           -3.020270589304    -2.679788772029    -0.385256711612     1.007825032230
         H           -3.562661301437    -0.401364936246     0.452197338435     1.007825032230
         H           -2.894932264422     1.799638561308     1.107858267293     1.007825032230
         H           -1.139252255190     3.526704864388     1.456014221282     1.007825032230
         H            1.217308173067     3.012017068417     0.864648337234     1.007825032230
         H            3.362554089023     0.789114758171    -1.680442868340     1.007825032230

  Nuclear repulsion =  888.623200741871074

  ==> Basis Set <==

  Basis Set: 6-31G*
    Blend: 6-31G*
    Number of shells: 106
    Number of basis functions: 241
    Number of Cartesian functions: 241
    Spherical Harmonics?: false
    Max angular momentum: 2

  ==> DFJKGrad: Density-Fitted SCF Gradients <==

    Gradient:                    1
    J tasked:                  Yes
    K tasked:                  Yes
    wK tasked:                  No
    OpenMP threads:             16
    Integrals threads:          16
    Memory [MiB]:            17166
    Schwarz Cutoff:          1E-12
    Fitting Condition:       1E-10

   => Auxiliary Basis Set <=

  Basis Set: (6-31G* AUX)
    Blend: CC-PVDZ-JKFIT
    Number of shells: 432
    Number of basis functions: 1415
    Number of Cartesian functions: 1415
    Spherical Harmonics?: false
    Max angular momentum: 3

  ==> DFT Potential <==

   => LibXC <=

    Version 7.1.2
    S. Lehtola, C. Steigemann, M. J. T. Oliveira, and M. A. L. Marques,  SoftwareX 7, 1–5 (2018) (10.1016/j.softx.2017.11.002)

   => Composite Functional: B3LYP <= 

    B3LYP Hyb-GGA Exchange-Correlation Functional

    P. J. Stephens, F. J. Devlin, C. F. Chabalowski, and M. J. Frisch,  J. Phys. Chem. 98, 11623 (1994) (10.1021/j100096a001)

    Deriv               =              1
    GGA                 =           TRUE
    Meta                =          FALSE

    Exchange Hybrid     =           TRUE
    MP2 Hybrid          =          FALSE

   => Exchange Functionals <=

    0.0800   Slater exchange
    0.7200         Becke 88

   => Exact (HF) Exchange <=

    0.2000               HF 

   => Correlation Functionals <=

    0.1900   Vosko, Wilk & Nusair (VWN5_RPA)
    0.8100   Lee, Yang & Parr

   => LibXC Density Thresholds  <==

    XC_HYB_GGA_XC_B3LYP:  1.00E-15 

   => Molecular Quadrature <=

    Radial Scheme          =       TREUTLER
    Pruning Scheme         =           NONE
    Nuclear Scheme         =       TREUTLER

    Blocking Scheme        =         OCTREE
    BS radius alpha        =              1
    Pruning alpha          =              1
    Radial Points          =             75
    Spherical Points       =            302
    Total Points           =         473849
    Total Blocks           =           3471
    Max Points             =            256
    Max Functions          =            226
    Weights Tolerance      =       1.00E-15


  -Total Gradient:
     Atom            X                  Y                   Z
    ------   -----------------  -----------------  -----------------
       1        0.000137250892     0.000629246352    -0.000430447001
       2       -0.001141746080    -0.000415115320     0.000362358587
       3        0.000833393574    -0.001947155929    -0.000667540272
       4        0.000440096431     0.000331077536    -0.000165592004
       5       -0.000808527291     0.001323308290     0.000507830266
       6        0.000117704316    -0.002934769611    -0.000917573045
       7       -0.001502762801     0.000416870126     0.000479283490
       8        0.001819044689     0.002417540237     0.000516408732
       9       -0.001782263712    -0.000667669567     0.000495058760
      10        0.000558521237    -0.001671873809    -0.001975025788
      11       -0.001469505380     0.003345839364     0.000040157662
      12        0.005548671650    -0.004558619272     0.001018222769
      13       -0.001945933448     0.001325223153     0.000084486216
      14       -0.000952808765     0.001566829600    -0.001219666514
      15        0.000060662312     0.000535303210     0.001240584385
      16       -0.000041100959    -0.000234221301    -0.000096218159
      17        0.000231362157     0.000060415179    -0.000011292855
      18        0.000182120708    -0.000143905510    -0.000060310620
      19        0.000375321979     0.000573299428     0.000123201922
      20        0.000014796024    -0.000537101643    -0.000290772262
      21        0.000268770606     0.000040892184    -0.000033058497
      22       -0.000027419870     0.000395071159     0.000009519959
      23       -0.000945102756     0.000189988064     0.001002835179


*** tstop() called on ubuntu-32gb-hel1-14 at Tue Sep 29 23:04:06 2026
Module time:
	user time   =      32.32 seconds =       0.54 minutes
	system time =       2.11 seconds =       0.04 minutes
	total time  =          3 seconds =       0.05 minutes
Total time:
	user time   =     763.37 seconds =      12.72 minutes
	system time =      34.48 seconds =       0.57 minutes
	total time  =         54 seconds =       0.90 minutes

    			-----------------------------------------

    			 OPTKING 3.0: for geometry optimizations 

    			     By R.A. King, Bethel University     

    			        with contributions from          

    			    A.V. Copan, J. Cayton, A. Heide      

    			-----------------------------------------

    
	                            ===> Fragment 1 <== 

	 Z (Atomic Numbers)          Masses                          Geom                  
	       6.000000            12.000000          4.81585669 -4.42566276 -1.46248174   
	       6.000000            12.000000          2.75761600 -3.49075080 -1.11453922   
	       6.000000            12.000000          0.25381957 -2.57749026 -0.69402086   
	       6.000000            12.000000         -1.70464938 -4.30453152 -0.99182557   
	       6.000000            12.000000         -4.23286840 -3.65972540 -0.47260992   
	       6.000000            12.000000         -4.80015074 -1.28133205  0.39454026   
	       6.000000            12.000000         -2.88008165  0.56668119  0.72378173   
	       6.000000            12.000000         -3.50203227  3.00730736  1.65847264   
	       6.000000            12.000000         -1.67446029  4.80933510  2.01636329   
	       6.000000            12.000000          0.85693088  4.25375446  1.38529413   
	       6.000000            12.000000          1.54175152  1.92756413  0.42155217   
	       6.000000            12.000000          4.28073602  1.70969553 -0.32181606   
	       8.000000            15.994915          6.04609117  1.89038463  1.11843142   
	       8.000000            15.994915          4.54078508  1.60739751 -2.86679100   
	       6.000000            12.000000         -0.29819628 -0.03218376  0.12152825   
	       1.000000             1.007825          6.64649361 -5.22243611 -1.73646659   
	       1.000000             1.007825         -1.23888463 -6.20389904 -1.60930093   
	       1.000000             1.007825         -5.70748424 -5.06406685 -0.72802967   
	       1.000000             1.007825         -6.73245414 -0.75846981  0.85452912   
	       1.000000             1.007825         -5.47062913  3.40082401  2.09354871   
	       1.000000             1.007825         -2.15287475  6.66450632  2.75146811   
	       1.000000             1.007825          2.30037906  5.69188734  1.63394855   
	       1.000000             1.007825          6.35430631  1.49121077 -3.17557679   

	 - Coordinate -           - BOHR/RAD -       - ANG/DEG -
	 R(1,2)           =         2.287243           1.210357
	 R(1,16)          =         2.015229           1.066413
	 R(2,3)           =         2.698125           1.427786
	 R(3,4)           =         2.628110           1.390736
	 R(3,15)          =         2.729181           1.444220
	 R(4,5)           =         2.660310           1.407776
	 R(4,17)          =         2.050807           1.085240
	 R(5,6)           =         2.594323           1.372857
	 R(5,18)          =         2.052293           1.086027
	 R(6,7)           =         2.685185           1.420939
	 R(6,19)          =         2.053965           1.086911
	 R(7,8)           =         2.686471           1.421619
	 R(7,15)          =         2.717992           1.438299
	 R(8,9)           =         2.591411           1.371315
	 R(8,20)          =         2.054147           1.087008
	 R(9,10)          =         2.667369           1.411511
	 R(9,21)          =         2.052053           1.085899
	 R(10,11)         =         2.609394           1.380832
	 R(10,22)         =         2.052705           1.086245
	 R(11,12)         =         2.846419           1.506260
	 R(11,15)         =         2.704817           1.431327
	 R(12,13)         =         2.285485           1.209426
	 R(12,14)         =         2.560271           1.354837
	 R(14,23)         =         1.843287           0.975426
	 L(1,2,3)         =         3.065802         175.657532
	 l(1,2,3)         =         3.141593         180.000000
	 L(2,1,16)        =         3.118946         178.702433
	 l(2,1,16)        =         3.141593         180.000000
	 B(2,3,4)         =         2.039173         116.836022
	 B(2,3,15)        =         2.153095         123.363270
	 B(3,4,5)         =         2.125634         121.789871
	 B(3,4,17)        =         2.064045         118.261039
	 B(3,15,7)        =         2.053119         117.635080
	 B(3,15,11)       =         2.178863         124.839644
	 B(4,3,15)        =         2.089785         119.735854
	 B(4,5,6)         =         2.088916         119.686094
	 B(4,5,18)        =         2.085985         119.518127
	 B(5,4,17)        =         2.093335         119.939269
	 B(5,6,7)         =         2.112469         121.035558
	 B(5,6,19)        =         2.110569         120.926722
	 B(6,5,18)        =         2.108088         120.784523
	 B(6,7,8)         =         2.097122         120.156264
	 B(6,7,15)        =         2.094909         120.029425
	 B(7,6,19)        =         2.060143         118.037509
	 B(7,8,9)         =         2.113587         121.099598
	 B(7,8,20)        =         2.059637         118.008513
	 B(7,15,11)       =         2.051007         117.514023
	 B(8,7,15)        =         2.091145         119.813781
	 B(8,9,10)        =         2.084924         119.457340
	 B(8,9,21)        =         2.110313         120.912010
	 B(9,8,20)        =         2.109942         120.890764
	 B(9,10,11)       =         2.120140         121.475082
	 B(9,10,22)       =         2.086054         119.522092
	 B(10,9,21)       =         2.087839         119.624345
	 B(10,11,12)      =         2.001189         114.659709
	 B(10,11,15)      =         2.104057         120.553584
	 B(11,10,22)      =         2.076880         118.996482
	 B(11,12,13)      =         2.180519         124.934538
	 B(11,12,14)      =         1.939487         111.124419
	 B(12,11,15)      =         2.177482         124.760546
	 B(12,14,23)      =         1.843117         105.602837
	 B(13,12,14)      =         2.154490         123.443205
	 D(2,3,4,5)       =         3.070697         175.937997
	 D(2,3,4,17)      =        -0.050976          -2.920731
	 D(2,3,15,7)      =        -3.032650        -173.758045
	 D(2,3,15,11)     =         0.087054           4.987823
	 D(3,4,5,6)       =        -0.020335          -1.165097
	 D(3,4,5,18)      =        -3.140797        -179.954407
	 D(3,15,7,6)      =        -0.051306          -2.939596
	 D(3,15,7,8)      =         3.085672         176.795957
	 D(3,15,11,10)    =        -3.060076        -175.329440
	 D(3,15,11,12)    =         0.115767           6.632949
	 D(4,3,15,7)      =         0.056168           3.218167
	 D(4,3,15,11)     =        -3.107314        -178.035965
	 D(4,5,6,7)       =         0.025398           1.455222
	 D(4,5,6,19)      =        -3.113225        -178.374653
	 D(5,4,3,15)      =        -0.021500          -1.231881
	 D(5,6,7,8)       =        -3.125782        -179.094136
	 D(5,6,7,15)      =         0.011179           0.640503
	 D(6,5,4,17)      =         3.101011         177.674868
	 D(6,7,8,9)       =         3.129043         179.280975
	 D(6,7,8,20)      =        -0.005873          -0.336483
	 D(6,7,15,11)     =         3.110543         178.220991
	 D(7,6,5,18)      =         3.145587         180.228885
	 D(7,8,9,10)      =         0.028664           1.642303
	 D(7,8,9,21)      =        -3.128933        -179.274659
	 D(7,15,11,10)    =         0.059652           3.417811
	 D(7,15,11,12)    =        -3.047690        -174.619800
	 D(8,7,6,19)      =         0.012925           0.740522
	 D(8,7,15,11)     =        -0.035665          -2.043456
	 D(8,9,10,11)     =        -0.004339          -0.248589
	 D(8,9,10,22)     =         3.121099         178.825826
	 D(9,8,7,15)      =        -0.007928          -0.454238
	 D(9,10,11,12)    =         3.069708         175.881330
	 D(9,10,11,15)    =        -0.040924          -2.344765
	 D(10,9,8,20)     =        -3.119798        -178.751263
	 D(10,11,12,13)   =         1.097770          62.897598
	 D(10,11,12,14)   =        -1.906210        -109.217760
	 D(11,10,9,21)    =        -3.130136        -179.343577
	 D(11,12,14,23)   =         3.129228         179.291552
	 D(12,11,10,22)   =        -0.055813          -3.197830
	 D(13,12,11,15)   =        -2.076276        -118.961868
	 D(13,12,14,23)   =         0.122821           7.037139
	 D(14,12,11,15)   =         1.202929          68.922774
	 D(15,3,4,17)     =         3.140011         179.909391
	 D(15,7,6,19)     =        -3.133300        -179.524839
	 D(15,7,8,20)     =        -3.142844        -180.071697
	 D(15,11,10,22)   =         3.116740         178.576074
	 D(17,4,5,18)     =        -0.019451          -1.114443
	 D(18,5,6,19)     =         0.006964           0.399010
	 D(20,8,9,21)     =         0.005791           0.331775
	 D(21,9,10,22)    =        -0.004698          -0.269162
	 D(4,3,1,16)      =        -0.828960         -47.495883
	 D(15,3,1,16)     =         2.249863         128.907677


	        --- Internal Coordinate Step in ANG or DEG, aJ/ANG or AJ/DEG ---
	-------------------------------------------------------------------------------
	           Coordinate      Previous         Force          Change          New 
	           ----------      --------        ------          ------        ------
	               R(1,2)       1.21036       -0.00018       -0.00047       1.20988
	              R(1,16)       1.06641       -0.00057       -0.00013       1.06628
	               R(2,3)       1.42779        0.00782        0.00037       1.42816
	               R(3,4)       1.39074        0.00514        0.00002       1.39075
	              R(3,15)       1.44422       -0.01397        0.00088       1.44510
	               R(4,5)       1.40778       -0.00240       -0.00015       1.40762
	              R(4,17)       1.08524       -0.00000        0.00029       1.08553
	               R(5,6)       1.37286        0.00975       -0.00037       1.37248
	              R(5,18)       1.08603        0.00020        0.00002       1.08605
	               R(6,7)       1.42094       -0.00701       -0.00051       1.42043
	              R(6,19)       1.08691        0.00148        0.00047       1.08738
	               R(7,8)       1.42162       -0.00621        0.00042       1.42204
	              R(7,15)       1.43830       -0.00566       -0.00438       1.43392
	               R(8,9)       1.37132        0.01192       -0.00026       1.37105
	              R(8,20)       1.08701        0.00150        0.00058       1.08759
	              R(9,10)       1.41151       -0.00457        0.00027       1.41178
	              R(9,21)       1.08590        0.00032        0.00000       1.08590
	             R(10,11)       1.38083        0.01189        0.00092       1.38175
	             R(10,22)       1.08624       -0.00214       -0.00003       1.08622
	             R(11,12)       1.50626       -0.01262       -0.00290       1.50336
	             R(11,15)       1.43133       -0.00691        0.00078       1.43211
	             R(12,13)       1.20943        0.01108       -0.00082       1.20861
	             R(12,14)       1.35484        0.00035       -0.00143       1.35341
	             R(14,23)       0.97543        0.00913        0.00047       0.97590
	             L(1,2,3)     175.65753       -0.00007       -0.78360     174.87393
	             l(1,2,3)     180.00000       -0.00003        0.41547     180.41547
	            L(2,1,16)     178.70243        0.00014       -0.01700     178.68544
	            l(2,1,16)     180.00000       -0.00004        0.13341     180.13341
	             B(2,3,4)     116.83602        0.00004        0.09400     116.93002
	            B(2,3,15)     123.36327       -0.00005       -0.10487     123.25840
	             B(3,4,5)     121.78987       -0.00002       -0.05576     121.73411
	            B(3,4,17)     118.26104        0.00003        0.22402     118.48506
	            B(3,15,7)     117.63508        0.00002        0.03392     117.66900
	           B(3,15,11)     124.83964       -0.00004       -0.00849     124.83115
	            B(4,3,15)     119.73585        0.00001       -0.06297     119.67289
	             B(4,5,6)     119.68609       -0.00000       -0.01827     119.66782
	            B(4,5,18)     119.51813        0.00002       -0.15993     119.35819
	            B(5,4,17)     119.93927       -0.00001       -0.17336     119.76591
	             B(5,6,7)     121.03556       -0.00004       -0.01280     121.02276
	            B(5,6,19)     120.92672       -0.00003        0.11797     121.04469
	            B(6,5,18)     120.78452       -0.00002        0.16853     120.95305
	             B(6,7,8)     120.15626       -0.00007       -0.12599     120.03028
	            B(6,7,15)     120.02943        0.00003        0.04946     120.07888
	            B(7,6,19)     118.03751        0.00007       -0.10623     117.93128
	             B(7,8,9)     121.09960       -0.00003        0.03124     121.13084
	            B(7,8,20)     118.00851        0.00006       -0.14682     117.86170
	           B(7,15,11)     117.51402        0.00001       -0.04087     117.47315
	            B(8,7,15)     119.81378        0.00003        0.07527     119.88905
	            B(8,9,10)     119.45734        0.00001       -0.06020     119.39714
	            B(8,9,21)     120.91201       -0.00003        0.22106     121.13307
	            B(9,8,20)     120.89076       -0.00003        0.11351     121.00428
	           B(9,10,11)     121.47508       -0.00004       -0.10435     121.37073
	           B(9,10,22)     119.52209        0.00004       -0.15826     119.36383
	           B(10,9,21)     119.62434        0.00002       -0.16334     119.46100
	          B(10,11,12)     114.65971        0.00003       -0.09606     114.56365
	          B(10,11,15)     120.55358        0.00001        0.02704     120.58062
	          B(11,10,22)     118.99648       -0.00000        0.25008     119.24657
	          B(11,12,13)     124.93454        0.00008        0.24629     125.18083
	          B(11,12,14)     111.12442        0.00011       -0.04394     111.08047
	          B(12,11,15)     124.76055       -0.00004        0.01907     124.77962
	          B(12,14,23)     105.60284        0.00012        0.27519     105.87803
	          B(13,12,14)     123.44320       -0.00016       -0.04008     123.40312
	           D(2,3,4,5)     175.93800       -0.00001       -1.42808     174.50992
	          D(2,3,4,17)      -2.92073       -0.00000       -1.16005      -4.08078
	          D(2,3,15,7)    -173.75804        0.00002        2.31456    -171.44348
	         D(2,3,15,11)       4.98782       -0.00000        1.63657       6.62439
	           D(3,4,5,6)      -1.16510       -0.00000       -0.55672      -1.72181
	          D(3,4,5,18)    -179.95441        0.00000       -0.11951    -180.07391
	          D(3,15,7,6)      -2.93960       -0.00002       -1.08151      -4.02111
	          D(3,15,7,8)     176.79596       -0.00003       -1.30290     175.49306
	        D(3,15,11,10)    -175.32944        0.00004        1.92349    -173.40595
	        D(3,15,11,12)       6.63295        0.00006        3.31034       9.94329
	          D(4,3,15,7)       3.21817        0.00003        0.92242       4.14058
	         D(4,3,15,11)    -178.03596        0.00001        0.24442    -177.79155
	           D(4,5,6,7)       1.45522        0.00001        0.39594       1.85116
	          D(4,5,6,19)    -178.37465        0.00001        0.64354    -177.73111
	          D(5,4,3,15)      -1.23188       -0.00002       -0.11693      -1.34881
	           D(5,6,7,8)    -179.09414        0.00001        0.65867    -178.43546
	          D(5,6,7,15)       0.64050        0.00001        0.43751       1.07801
	          D(6,5,4,17)     177.67487       -0.00001       -0.82365     176.85122
	           D(6,7,8,9)     179.28098       -0.00001       -0.36578     178.91520
	          D(6,7,8,20)      -0.33648        0.00000       -0.10491      -0.44139
	         D(6,7,15,11)     178.22099       -0.00001       -0.45459     177.76640
	          D(7,6,5,18)     180.22889        0.00000       -0.05250     180.17638
	          D(7,8,9,10)       1.64230        0.00000        0.42201       2.06432
	          D(7,8,9,21)    -179.27466        0.00000        0.25470    -179.01996
	        D(7,15,11,10)       3.41781        0.00002        1.24755       4.66536
	        D(7,15,11,12)    -174.61980        0.00004        2.63441    -171.98539
	          D(8,7,6,19)       0.74052        0.00001        0.41893       1.15945
	         D(8,7,15,11)      -2.04346       -0.00001       -0.67598      -2.71944
	         D(8,9,10,11)      -0.24859        0.00001        0.15853      -0.09006
	         D(8,9,10,22)     178.82583       -0.00001       -0.50855     178.31728
	          D(9,8,7,15)      -0.45424       -0.00000       -0.14497      -0.59921
	        D(9,10,11,12)     175.88133       -0.00004       -2.26272     173.61861
	        D(9,10,11,15)      -2.34477       -0.00002       -1.01231      -3.35707
	         D(10,9,8,20)    -178.75126       -0.00000        0.15193    -178.59933
	       D(10,11,12,13)      62.89760        0.00006       -6.72765      56.16995
	       D(10,11,12,14)    -109.21776       -0.00011       -8.12719    -117.34495
	        D(11,10,9,21)    -179.34358        0.00001        0.31945    -179.02412
	       D(11,12,14,23)     179.29155        0.00010        0.97523     180.26679
	       D(12,11,10,22)      -3.19783       -0.00002       -1.59273      -4.79056
	       D(13,12,11,15)    -118.96187        0.00005       -8.03832    -127.00019
	       D(13,12,14,23)       7.03714       -0.00009       -0.42161       6.61553
	       D(14,12,11,15)      68.92277       -0.00012       -9.43786      59.48492
	         D(15,3,4,17)     179.90939       -0.00001        0.15110     180.06049
	         D(15,7,6,19)    -179.52484        0.00000        0.19777    -179.32707
	         D(15,7,8,20)    -180.07170        0.00000        0.11590    -179.95579
	       D(15,11,10,22)     178.57607       -0.00001       -0.34231     178.23376
	         D(17,4,5,18)      -1.11444       -0.00000       -0.38644      -1.50088
	         D(18,5,6,19)       0.39901        0.00000        0.19510       0.59411
	         D(20,8,9,21)       0.33178       -0.00000       -0.01538       0.31640
	        D(21,9,10,22)      -0.26916       -0.00001       -0.34762      -0.61679
	          D(4,3,1,16)     -47.49588        0.00010        0.38644     -47.10945
	         D(15,3,1,16)     128.90768       -0.00011       -1.34140     127.56627
	-------------------------------------------------------------------------------

	                                 ==> Convergence Check <==                                  
    
	Measures of convergence in internal coordinates in au.
    
	Criteria marked as inactive (o), active & met (*), and active & unmet ( ).

	----------------------------------------------------------------------------------------------
	   Step    Total Energy     Delta E     Max Force     RMS Force      Max Disp      RMS Disp   
	----------------------------------------------------------------------------------------------
	  Convergence Criteria     1.00e-06 *    3.00e-04 *             o    1.20e-03 *             o
	----------------------------------------------------------------------------------------------
	     5    -650.59230714   -3.72e-04      2.16e-03      6.92e-04 o    1.65e-01      2.93e-02 o  ~
	----------------------------------------------------------------------------------------------

Next Geometry in Ang 
	Fragment 1 (Ang)

	    C   2.5596355730  -2.3563694816  -0.6952157589
	    C   1.4732902599  -1.8418023160  -0.5577715325
	    C   0.1436359223  -1.3523102036  -0.3787511471
	    C  -0.8920210233  -2.2639670206  -0.5533568512
	    C  -2.2319770615  -1.9213574426  -0.2915653530
	    C  -2.5328574475  -0.6687075486   0.1817720726
	    C  -1.5162959915   0.3041815747   0.3759485187
	    C  -1.8471254683   1.5845449660   0.8988471541
	    C  -0.8809496744   2.5327760432   1.1159812087
	    C   0.4588546971   2.2478932925   0.7741051347
	    C   0.8183312830   1.0314138193   0.2262054649
	    C   2.2520288710   0.9452202261  -0.2178521534
	    O   3.2126291927   1.1513916642   0.4860463767
	    O   2.3366586543   0.7426118702  -1.5533286145
	    C  -0.1536726104  -0.0062951059   0.0550336169
	    H   3.5252816698  -2.7969458073  -0.7971115548
	    H  -0.6467196770  -3.2701047301  -0.8787742901
	    H  -3.0105070819  -2.6634304554  -0.4422959842
	    H  -3.5557436395  -0.3923264557   0.4261501408
	    H  -2.8905758420   1.7844627602   1.1314197729
	    H  -1.1313673989   3.5049159517   1.5300031447
	    H   1.2194363351   3.0093937661   0.9207526321
	    H   3.2900304680   0.6948106433  -1.7562419781


    Structure for next step:
    Molecular point group: c1
    Full point group: C1

    Geometry (in Angstrom), charge = 0, multiplicity = 1:

    C            2.559635572982    -2.356369481572    -0.695215758858
    C            1.473290259878    -1.841802316048    -0.557771532495
    C            0.143635922271    -1.352310203603    -0.378751147095
    C           -0.892021023254    -2.263967020584    -0.553356851185
    C           -2.231977061505    -1.921357442554    -0.291565353039
    C           -2.532857447510    -0.668707548610     0.181772072637
    C           -1.516295991480     0.304181574715     0.375948518712
    C           -1.847125468290     1.584544965992     0.898847154053
    C           -0.880949674409     2.532776043200     1.115981208709
    C            0.458854697101     2.247893292538     0.774105134671
    C            0.818331283027     1.031413819318     0.226205464899
    C            2.252028871046     0.945220226123    -0.217852153367
    O            3.212629192664     1.151391664158     0.486046376748
    O            2.336658654306     0.742611870183    -1.553328614493
    C           -0.153672610393    -0.006295105918     0.055033616858
    H            3.525281669766    -2.796945807349    -0.797111554781
    H           -0.646719676952    -3.270104730125    -0.878774290121
    H           -3.010507081906    -2.663430455434    -0.442295984198
    H           -3.555743639517    -0.392326455711     0.426150140764
    H           -2.890575841989     1.784462760163     1.131419772884
    H           -1.131367398882     3.504915951661     1.530003144747
    H            1.219436335065     3.009393766116     0.920752632098
    H            3.290030467983     0.694810643341    -1.756241978146


Scratch directory: /tmp/
gradient() will perform analytic gradient computation.
   => Libint2 <=

    Primary   basis highest AM E, G, H:  7, 6, 3
    Auxiliary basis highest AM E, G, H:  7, 7, 4
    Onebody   basis highest AM E, G, H:  -, -, -
    Solid Harmonics ordering:            Gaussian

*** tstart() called on ubuntu-32gb-hel1-14
*** at Tue Sep 29 23:04:06 2026

   => Loading Basis Set <=

    Name: 6-31G*
    Role: ORBITAL
    Keyword: BASIS
    atoms 1-12, 15 entry C          line   111 file /root/miniforge3/envs/qc/share/psi4/basis/6-31gs.gbs 
    atoms 13-14    entry O          line   145 file /root/miniforge3/envs/qc/share/psi4/basis/6-31gs.gbs 
    atoms 16-23    entry H          line    44 file /root/miniforge3/envs/qc/share/psi4/basis/6-31gs.gbs 


         ---------------------------------------------------------
                                   SCF
               by Justin Turney, Rob Parrish, Andy Simmonett
                          and Daniel G. A. Smith
                              RKS Reference
                       16 Threads,  22888 MiB Core
         ---------------------------------------------------------

  ==> Geometry <==

    Molecular point group: c1
    Full point group: C1

    Geometry (in Angstrom), charge = 0, multiplicity = 1:

       Center              X                  Y                   Z               Mass       
    ------------   -----------------  -----------------  -----------------  -----------------
         C            2.559635572982    -2.356369481572    -0.695215758858    12.000000000000
         C            1.473290259878    -1.841802316048    -0.557771532495    12.000000000000
         C            0.143635922271    -1.352310203603    -0.378751147095    12.000000000000
         C           -0.892021023254    -2.263967020584    -0.553356851185    12.000000000000
         C           -2.231977061505    -1.921357442554    -0.291565353039    12.000000000000
         C           -2.532857447510    -0.668707548610     0.181772072637    12.000000000000
         C           -1.516295991480     0.304181574715     0.375948518712    12.000000000000
         C           -1.847125468290     1.584544965992     0.898847154053    12.000000000000
         C           -0.880949674409     2.532776043200     1.115981208709    12.000000000000
         C            0.458854697101     2.247893292538     0.774105134671    12.000000000000
         C            0.818331283027     1.031413819318     0.226205464899    12.000000000000
         C            2.252028871046     0.945220226123    -0.217852153367    12.000000000000
         O            3.212629192664     1.151391664158     0.486046376748    15.994914619570
         O            2.336658654306     0.742611870183    -1.553328614493    15.994914619570
         C           -0.153672610393    -0.006295105918     0.055033616858    12.000000000000
         H            3.525281669766    -2.796945807349    -0.797111554781     1.007825032230
         H           -0.646719676952    -3.270104730125    -0.878774290121     1.007825032230
         H           -3.010507081906    -2.663430455434    -0.442295984198     1.007825032230
         H           -3.555743639517    -0.392326455711     0.426150140764     1.007825032230
         H           -2.890575841989     1.784462760163     1.131419772884     1.007825032230
         H           -1.131367398882     3.504915951661     1.530003144747     1.007825032230
         H            1.219436335065     3.009393766116     0.920752632098     1.007825032230
         H            3.290030467983     0.694810643341    -1.756241978146     1.007825032230

  Running in c1 symmetry.

  Rotational constants: A =      0.02840  B =      0.02179  C =      0.01310 [cm^-1]
  Rotational constants: A =    851.51909  B =    653.27036  C =    392.71398 [MHz]
  Nuclear repulsion =  889.590844018794883

  Charge       = 0
  Multiplicity = 1
  Electrons    = 102
  Nalpha       = 51
  Nbeta        = 51

  ==> Algorithm <==

  SCF Algorithm Type is DF.
  DIIS enabled.
  MOM disabled.
  Fractional occupation disabled.
  Guess Type is READ.
  Energy threshold   = 1.00e-08
  Density threshold  = 1.00e-08
  Integral threshold = 1.00e-12

  ==> Primary Basis <==

  Basis Set: 6-31G*
    Blend: 6-31G*
    Number of shells: 106
    Number of basis functions: 241
    Number of Cartesian functions: 241
    Spherical Harmonics?: false
    Max angular momentum: 2

  ==> DFT Potential <==

   => LibXC <=

    Version 7.1.2
    S. Lehtola, C. Steigemann, M. J. T. Oliveira, and M. A. L. Marques,  SoftwareX 7, 1–5 (2018) (10.1016/j.softx.2017.11.002)

   => Composite Functional: B3LYP <= 

    B3LYP Hyb-GGA Exchange-Correlation Functional

    P. J. Stephens, F. J. Devlin, C. F. Chabalowski, and M. J. Frisch,  J. Phys. Chem. 98, 11623 (1994) (10.1021/j100096a001)

    Deriv               =              1
    GGA                 =           TRUE
    Meta                =          FALSE

    Exchange Hybrid     =           TRUE
    MP2 Hybrid          =          FALSE

   => Exchange Functionals <=

    0.0800   Slater exchange
    0.7200         Becke 88

   => Exact (HF) Exchange <=

    0.2000               HF 

   => Correlation Functionals <=

    0.1900   Vosko, Wilk & Nusair (VWN5_RPA)
    0.8100   Lee, Yang & Parr

   => LibXC Density Thresholds  <==

    XC_HYB_GGA_XC_B3LYP:  1.00E-15 

   => Molecular Quadrature <=

    Radial Scheme          =       TREUTLER
    Pruning Scheme         =           NONE
    Nuclear Scheme         =       TREUTLER

    Blocking Scheme        =         OCTREE
    BS radius alpha        =              1
    Pruning alpha          =              1
    Radial Points          =             75
    Spherical Points       =            302
    Total Points           =         473863
    Total Blocks           =           3481
    Max Points             =            256
    Max Functions          =            226
    Weights Tolerance      =       1.00E-15

   => Loading Basis Set <=

    Name: (6-31G* AUX)
    Role: JKFIT
    Keyword: DF_BASIS_SCF
    atoms 1-12, 15 entry C          line   121 file /root/miniforge3/envs/qc/share/psi4/basis/cc-pvdz-jkfit.gbs 
    atoms 13-14    entry O          line   221 file /root/miniforge3/envs/qc/share/psi4/basis/cc-pvdz-jkfit.gbs 
    atoms 16-23    entry H          line    51 file /root/miniforge3/envs/qc/share/psi4/basis/cc-pvdz-jkfit.gbs 

   => Loading Basis Set <=

    Name: 6-31G*
    Role: ORBITAL
    Keyword: BASIS
    atoms 1-12, 15 entry C          line   111 file /root/miniforge3/envs/qc/share/psi4/basis/6-31gs.gbs 
    atoms 13-14    entry O          line   145 file /root/miniforge3/envs/qc/share/psi4/basis/6-31gs.gbs 
    atoms 16-23    entry H          line    44 file /root/miniforge3/envs/qc/share/psi4/basis/6-31gs.gbs 

  Reading orbitals from file /tmp/psi4.default.2140910.180.npy, no projection.

  ==> Integral Setup <==

  DFHelper Memory: AOs need 0.579 GiB; user supplied 14.824 GiB. 
  SCF_SUBTYPE=INCORE selected. In-core MEM_DF algorithm will be used.
  Using in-core AOs.

  ==> MemDFJK: Density-Fitted J/K Matrices <==

    J tasked:                   Yes
    K tasked:                   Yes
    wK tasked:                   No
    OpenMP threads:              16
    Memory [MiB]:             15179
    Algorithm:                 Core
    Schwarz Cutoff:           1E-12
    Mask sparsity (%):      11.1293
    Fitting Condition:        1E-10

   => Auxiliary Basis Set <=

  Basis Set: (6-31G* AUX)
    Blend: CC-PVDZ-JKFIT
    Number of shells: 432
    Number of basis functions: 1415
    Number of Cartesian functions: 1415
    Spherical Harmonics?: false
    Max angular momentum: 3

  Cached 100.0% of DFT collocation blocks in 1.940 [GiB].

  Minimum eigenvalue in the overlap matrix is 2.2708430345E-04.
  Reciprocal condition number of the overlap matrix is 2.8685539552E-05.
    Using symmetric orthogonalization.

  ==> Pre-Iterations <==

  SCF Guess: Orbitals guess was supplied from a previous computation.

   -------------------------------------------------------
    Irrep   Nso     Nmo     Nalpha   Nbeta   Ndocc  Nsocc
   -------------------------------------------------------
     A        241     241      51      51      51       0
   -------------------------------------------------------
    Total     241     241      51      51      51       0
   -------------------------------------------------------

  ==> Iterations <==

                           Total Energy        Delta E     RMS |[F,P]|

   @DF-RKS iter   0:  -650.57632469173768   -6.50576e+02   1.24470e-03 
   @DF-RKS iter   1:  -650.59210416132862   -1.57795e-02   1.22908e-04 DIIS/ADIIS
   @DF-RKS iter   2:  -650.59178286263295    3.21299e-04   1.66708e-04 DIIS/ADIIS
   @DF-RKS iter   3:  -650.59261251576413   -8.29653e-04   4.99130e-05 DIIS
   @DF-RKS iter   4:  -650.59268383281130   -7.13170e-05   1.62977e-05 DIIS
   @DF-RKS iter   5:  -650.59268836278773   -4.52998e-06   1.11711e-05 DIIS
   @DF-RKS iter   6:  -650.59269164256489   -3.27978e-06   3.10894e-06 DIIS
   @DF-RKS iter   7:  -650.59269189345332   -2.50888e-07   9.85601e-07 DIIS
   @DF-RKS iter   8:  -650.59269192122940   -2.77761e-08   2.29504e-07 DIIS
   @DF-RKS iter   9:  -650.59269192237377   -1.14437e-09   1.38434e-07 DIIS
   @DF-RKS iter  10:  -650.59269192290071   -5.26938e-10   3.95764e-08 DIIS
   @DF-RKS iter  11:  -650.59269192293561   -3.49019e-11   1.61068e-08 DIIS
   @DF-RKS iter  12:  -650.59269192294141   -5.79803e-12   5.45364e-09 DIIS
  Energy and wave function converged.


  ==> Post-Iterations <==

   Electrons on quadrature grid:
      Ntotal   =  101.9999061851 ; deviation = -9.381e-05 

    Orbital Energies [Eh]
    ---------------------

    Doubly Occupied:                                                      

       1A    -19.190445     2A    -19.135089     3A    -10.319716  
       4A    -10.225113     5A    -10.220558     6A    -10.213429  
       7A    -10.211513     8A    -10.205146     9A    -10.204989  
      10A    -10.203961    11A    -10.203564    12A    -10.201755  
      13A    -10.201656    14A    -10.193055    15A    -10.187696  
      16A     -1.100976    17A     -1.011484    18A     -0.888548  
      19A     -0.838208    20A     -0.802739    21A     -0.761317  
      22A     -0.753852    23A     -0.724372    24A     -0.662701  
      25A     -0.640462    26A     -0.626962    27A     -0.595065  
      28A     -0.549009    29A     -0.526234    30A     -0.517390  
      31A     -0.506676    32A     -0.483979    33A     -0.474859  
      34A     -0.463486    35A     -0.453809    36A     -0.436279  
      37A     -0.422392    38A     -0.410561    39A     -0.404100  
      40A     -0.400812    41A     -0.384333    42A     -0.355478  
      43A     -0.353983    44A     -0.345564    45A     -0.322434  
      46A     -0.309288    47A     -0.280085    48A     -0.273461  
      49A     -0.263452    50A     -0.255788    51A     -0.218088  

    Virtual:                                                              

      52A     -0.061666    53A     -0.021720    54A     -0.011256  
      55A      0.025881    56A      0.056919    57A      0.072463  
      58A      0.087204    59A      0.092764    60A      0.109446  
      61A      0.117641    62A      0.123573    63A      0.136032  
      64A      0.167097    65A      0.168381    66A      0.186295  
      67A      0.201170    68A      0.229870    69A      0.248506  
      70A      0.256615    71A      0.270074    72A      0.281520  
      73A      0.304150    74A      0.316561    75A      0.342946  
      76A      0.353424    77A      0.374076    78A      0.407490  
      79A      0.435518    80A      0.460635    81A      0.475804  
      82A      0.493412    83A      0.498844    84A      0.511533  
      85A      0.523341    86A      0.530285    87A      0.535936  
      88A      0.545662    89A      0.552018    90A      0.564253  
      91A      0.572925    92A      0.584062    93A      0.588701  
      94A      0.594197    95A      0.603967    96A      0.605964  
      97A      0.611049    98A      0.616476    99A      0.633272  
     100A      0.640900   101A      0.657473   102A      0.658737  
     103A      0.676339   104A      0.688663   105A      0.719257  
     106A      0.732912   107A      0.740703   108A      0.763641  
     109A      0.776554   110A      0.791317   111A      0.806679  
     112A      0.815545   113A      0.823013   114A      0.837602  
     115A      0.842491   116A      0.854671   117A      0.867338  
     118A      0.876283   119A      0.888762   120A      0.890884  
     121A      0.906864   122A      0.927338   123A      0.946386  
     124A      0.953986   125A      0.986160   126A      1.000042  
     127A      1.017759   128A      1.032735   129A      1.062136  
     130A      1.067765   131A      1.070279   132A      1.086732  
     133A      1.115227   134A      1.138054   135A      1.149395  
     136A      1.172486   137A      1.197455   138A      1.214820  
     139A      1.234593   140A      1.247446   141A      1.258732  
     142A      1.276520   143A      1.302968   144A      1.321814  
     145A      1.372904   146A      1.387172   147A      1.418623  
     148A      1.429536   149A      1.447676   150A      1.454114  
     151A      1.473059   152A      1.479522   153A      1.487974  
     154A      1.498772   155A      1.522238   156A      1.541842  
     157A      1.555811   158A      1.578188   159A      1.614575  
     160A      1.627083   161A      1.691026   162A      1.724041  
     163A      1.738872   164A      1.755809   165A      1.761837  
     166A      1.770782   167A      1.795266   168A      1.804406  
     169A      1.818814   170A      1.840970   171A      1.858860  
     172A      1.874125   173A      1.903225   174A      1.907850  
     175A      1.913991   176A      1.918498   177A      1.927872  
     178A      1.932908   179A      1.961287   180A      1.989263  
     181A      2.009898   182A      2.013658   183A      2.029603  
     184A      2.058876   185A      2.130944   186A      2.144202  
     187A      2.150565   188A      2.156253   189A      2.172526  
     190A      2.188621   191A      2.197096   192A      2.259892  
     193A      2.273799   194A      2.287941   195A      2.307205  
     196A      2.321305   197A      2.336097   198A      2.346093  
     199A      2.398856   200A      2.425302   201A      2.462748  
     202A      2.486773   203A      2.563306   204A      2.584623  
     205A      2.603590   206A      2.621506   207A      2.640094  
     208A      2.649241   209A      2.677769   210A      2.695884  
     211A      2.712178   212A      2.761424   213A      2.778019  
     214A      2.783818   215A      2.808641   216A      2.829226  
     217A      2.861377   218A      2.891992   219A      2.934568  
     220A      2.987277   221A      3.019330   222A      3.094638  
     223A      3.195252   224A      3.311747   225A      3.414283  
     226A      3.519997   227A      3.853421   228A      4.047357  
     229A      4.081964   230A      4.090137   231A      4.104689  
     232A      4.143650   233A      4.160413   234A      4.201384  
     235A      4.283440   236A      4.333280   237A      4.358471  
     238A      4.450651   239A      4.525513   240A      4.683467  
     241A      4.912901  

    Final Occupation by Irrep:
              A 
    DOCC [    51 ]
    NA   [    51 ]
    NB   [    51 ]

  @DF-RKS Final Energy:  -650.59269192294141

   => Energetics <=

    Nuclear Repulsion Energy =            889.5908440187948827
    One-Electron Energy =               -2647.7884437250845622
    Two-Electron Energy =                1180.9212432665017332
    DFT Exchange-Correlation Energy =     -73.3163354831534235
    Empirical Dispersion Energy =           0.0000000000000000
    VV10 Nonlocal Energy =                  0.0000000000000000
    Total Energy =                       -650.5926919229412988

Computation Completed


Properties will be evaluated at   0.000000,   0.000000,   0.000000 [a0]

Properties computed using the SCF density matrix


 Multipole Moments:

 ------------------------------------------------------------------------------------
     Multipole            Electronic (a.u.)      Nuclear  (a.u.)        Total (a.u.)
 ------------------------------------------------------------------------------------

 L = 1.  Multiply by 2.5417464519 to convert [e a0] to [Debye]
 Dipole X            :        -51.9787818           51.2104472           -0.7683346
 Dipole Y            :         -8.5107375            8.3792890           -0.1314485
 Dipole Z            :          4.9594254           -5.2989315           -0.3395061
 Magnitude           :                                                    0.8502242

 ------------------------------------------------------------------------------------

*** tstop() called on ubuntu-32gb-hel1-14 at Tue Sep 29 23:04:13 2026
Module time:
	user time   =     108.72 seconds =       1.81 minutes
	system time =       4.00 seconds =       0.07 minutes
	total time  =          7 seconds =       0.12 minutes
Total time:
	user time   =     877.40 seconds =      14.62 minutes
	system time =      38.51 seconds =       0.64 minutes
	total time  =         61 seconds =       1.02 minutes

*** tstart() called on ubuntu-32gb-hel1-14
*** at Tue Sep 29 23:04:13 2026


         ------------------------------------------------------------
                                   SCF GRAD                          
                          Rob Parrish, Justin Turney,                
                       Andy Simmonett, and Alex Sokolov              
         ------------------------------------------------------------

  ==> Geometry <==

    Molecular point group: c1
    Full point group: C1

    Geometry (in Angstrom), charge = 0, multiplicity = 1:

       Center              X                  Y                   Z               Mass       
    ------------   -----------------  -----------------  -----------------  -----------------
         C            2.559635572982    -2.356369481572    -0.695215758858    12.000000000000
         C            1.473290259878    -1.841802316048    -0.557771532495    12.000000000000
         C            0.143635922271    -1.352310203603    -0.378751147095    12.000000000000
         C           -0.892021023254    -2.263967020584    -0.553356851185    12.000000000000
         C           -2.231977061505    -1.921357442554    -0.291565353039    12.000000000000
         C           -2.532857447510    -0.668707548610     0.181772072637    12.000000000000
         C           -1.516295991480     0.304181574715     0.375948518712    12.000000000000
         C           -1.847125468290     1.584544965992     0.898847154053    12.000000000000
         C           -0.880949674409     2.532776043200     1.115981208709    12.000000000000
         C            0.458854697101     2.247893292538     0.774105134671    12.000000000000
         C            0.818331283027     1.031413819318     0.226205464899    12.000000000000
         C            2.252028871046     0.945220226123    -0.217852153367    12.000000000000
         O            3.212629192664     1.151391664158     0.486046376748    15.994914619570
         O            2.336658654306     0.742611870183    -1.553328614493    15.994914619570
         C           -0.153672610393    -0.006295105918     0.055033616858    12.000000000000
         H            3.525281669766    -2.796945807349    -0.797111554781     1.007825032230
         H           -0.646719676952    -3.270104730125    -0.878774290121     1.007825032230
         H           -3.010507081906    -2.663430455434    -0.442295984198     1.007825032230
         H           -3.555743639517    -0.392326455711     0.426150140764     1.007825032230
         H           -2.890575841989     1.784462760163     1.131419772884     1.007825032230
         H           -1.131367398882     3.504915951661     1.530003144747     1.007825032230
         H            1.219436335065     3.009393766116     0.920752632098     1.007825032230
         H            3.290030467983     0.694810643341    -1.756241978146     1.007825032230

  Nuclear repulsion =  889.590844018794883

  ==> Basis Set <==

  Basis Set: 6-31G*
    Blend: 6-31G*
    Number of shells: 106
    Number of basis functions: 241
    Number of Cartesian functions: 241
    Spherical Harmonics?: false
    Max angular momentum: 2

  ==> DFJKGrad: Density-Fitted SCF Gradients <==

    Gradient:                    1
    J tasked:                  Yes
    K tasked:                  Yes
    wK tasked:                  No
    OpenMP threads:             16
    Integrals threads:          16
    Memory [MiB]:            17166
    Schwarz Cutoff:          1E-12
    Fitting Condition:       1E-10

   => Auxiliary Basis Set <=

  Basis Set: (6-31G* AUX)
    Blend: CC-PVDZ-JKFIT
    Number of shells: 432
    Number of basis functions: 1415
    Number of Cartesian functions: 1415
    Spherical Harmonics?: false
    Max angular momentum: 3

  ==> DFT Potential <==

   => LibXC <=

    Version 7.1.2
    S. Lehtola, C. Steigemann, M. J. T. Oliveira, and M. A. L. Marques,  SoftwareX 7, 1–5 (2018) (10.1016/j.softx.2017.11.002)

   => Composite Functional: B3LYP <= 

    B3LYP Hyb-GGA Exchange-Correlation Functional

    P. J. Stephens, F. J. Devlin, C. F. Chabalowski, and M. J. Frisch,  J. Phys. Chem. 98, 11623 (1994) (10.1021/j100096a001)

    Deriv               =              1
    GGA                 =           TRUE
    Meta                =          FALSE

    Exchange Hybrid     =           TRUE
    MP2 Hybrid          =          FALSE

   => Exchange Functionals <=

    0.0800   Slater exchange
    0.7200         Becke 88

   => Exact (HF) Exchange <=

    0.2000               HF 

   => Correlation Functionals <=

    0.1900   Vosko, Wilk & Nusair (VWN5_RPA)
    0.8100   Lee, Yang & Parr

   => LibXC Density Thresholds  <==

    XC_HYB_GGA_XC_B3LYP:  1.00E-15 

   => Molecular Quadrature <=

    Radial Scheme          =       TREUTLER
    Pruning Scheme         =           NONE
    Nuclear Scheme         =       TREUTLER

    Blocking Scheme        =         OCTREE
    BS radius alpha        =              1
    Pruning alpha          =              1
    Radial Points          =             75
    Spherical Points       =            302
    Total Points           =         473863
    Total Blocks           =           3481
    Max Points             =            256
    Max Functions          =            226
    Weights Tolerance      =       1.00E-15


  -Total Gradient:
     Atom            X                  Y                   Z
    ------   -----------------  -----------------  -----------------
       1       -0.000756808011     0.001136711729    -0.000541129683
       2        0.000350967410     0.000570453700     0.000323262157
       3        0.000384123535    -0.002548551156    -0.001189590092
       4        0.000281367273     0.000276871722     0.000111812524
       5       -0.000688730656     0.001656461047     0.000614431543
       6        0.001050789190    -0.002872785478    -0.001209543278
       7        0.000563443392    -0.000275727710    -0.000085690949
       8        0.002458988910     0.002274156549     0.000463197999
       9       -0.002308886704    -0.000646267746     0.000098695193
      10        0.001500988331    -0.001445987998    -0.001601368621
      11       -0.002199883529     0.001207803782    -0.000305407190
      12        0.007039698654    -0.000523969223     0.001723602780
      13       -0.003742699843    -0.000480162918    -0.001603480880
      14       -0.001630209227    -0.000439632605     0.000622450628
      15       -0.002140642931     0.001408940961     0.001757751788
      16       -0.000184426860    -0.000334663459     0.000000817000
      17       -0.000152057170    -0.000242697315    -0.000059814592
      18        0.000405776023    -0.000369407113    -0.000159088018
      19        0.000169656580     0.000873116521     0.000323716277
      20       -0.000378947738    -0.000729332652    -0.000172538099
      21        0.000671478632     0.000171550986    -0.000077512506
      22       -0.000478936077     0.000998073942     0.000444031654
      23       -0.000239410346     0.000293886650     0.000498307373


*** tstop() called on ubuntu-32gb-hel1-14 at Tue Sep 29 23:04:16 2026
Module time:
	user time   =      32.37 seconds =       0.54 minutes
	system time =       2.17 seconds =       0.04 minutes
	total time  =          3 seconds =       0.05 minutes
Total time:
	user time   =     909.79 seconds =      15.16 minutes
	system time =      40.68 seconds =       0.68 minutes
	total time  =         64 seconds =       1.07 minutes

    			-----------------------------------------

    			 OPTKING 3.0: for geometry optimizations 

    			     By R.A. King, Bethel University     

    			        with contributions from          

    			    A.V. Copan, J. Cayton, A. Heide      

    			-----------------------------------------

    
	                            ===> Fragment 1 <== 

	 Z (Atomic Numbers)          Masses                          Geom                  
	       6.000000            12.000000          4.83701021 -4.45289297 -1.31376738   
	       6.000000            12.000000          2.78411509 -3.48050195 -1.05403544   
	       6.000000            12.000000          0.27143255 -2.55549592 -0.71573594   
	       6.000000            12.000000         -1.68567543 -4.27827763 -1.04569290   
	       6.000000            12.000000         -4.21782536 -3.63083936 -0.55097866   
	       6.000000            12.000000         -4.78640689 -1.26367412  0.34349943   
	       6.000000            12.000000         -2.86538415  0.57481987  0.71043974   
	       6.000000            12.000000         -3.49056125  2.99435602  1.69857495   
	       6.000000            12.000000         -1.66475361  4.78625306  2.10889885   
	       6.000000            12.000000          0.86710971  4.24790268  1.46284670   
	       6.000000            12.000000          1.54642200  1.94908964  0.42746638   
	       6.000000            12.000000          4.25571779  1.78620736 -0.41168091   
	       8.000000            15.994915          6.07098932  2.17581491  0.91849454   
	       8.000000            15.994915          4.41564491  1.40333305 -2.93536566   
	       6.000000            12.000000         -0.29039915 -0.01189603  0.10399846   
	       1.000000             1.007825          6.66181687 -5.28546156 -1.50632253   
	       1.000000             1.007825         -1.22212307 -6.17960234 -1.66064273   
	       1.000000             1.007825         -5.68903388 -5.03315411 -0.83581828   
	       1.000000             1.007825         -6.71938165 -0.74138955  0.80530705   
	       1.000000             1.007825         -5.46239669  3.37214590  2.13807350   
	       1.000000             1.007825         -2.13797453  6.62333124  2.89128691   
	       1.000000             1.007825          2.30440070  5.68693002  1.73997030   
	       1.000000             1.007825          6.21725653  1.31300182 -3.31881635   

	 - Coordinate -           - BOHR/RAD -       - ANG/DEG -
	 R(1,2)           =         2.286347           1.209883
	 R(1,16)          =         2.014986           1.066285
	 R(2,3)           =         2.698825           1.428157
	 R(3,4)           =         2.628140           1.390752
	 R(3,15)          =         2.730846           1.445101
	 R(4,5)           =         2.660019           1.407622
	 R(4,17)          =         2.051360           1.085533
	 R(5,6)           =         2.593617           1.372483
	 R(5,18)          =         2.052334           1.086048
	 R(6,7)           =         2.684219           1.420428
	 R(6,19)          =         2.054857           1.087384
	 R(7,8)           =         2.687269           1.422041
	 R(7,15)          =         2.709715           1.433919
	 R(8,9)           =         2.590914           1.371053
	 R(8,20)          =         2.055242           1.087587
	 R(9,10)          =         2.667871           1.411777
	 R(9,21)          =         2.052054           1.085900
	 R(10,11)         =         2.611134           1.381752
	 R(10,22)         =         2.052657           1.086220
	 R(11,12)         =         2.840947           1.503365
	 R(11,15)         =         2.706290           1.432107
	 R(12,13)         =         2.283938           1.208608
	 R(12,14)         =         2.557568           1.353407
	 R(14,23)         =         1.844180           0.975898
	 L(1,2,3)         =         3.051829         174.856942
	 l(1,2,3)         =         3.141593         180.000000
	 L(2,1,16)        =         3.118530         178.678592
	 l(2,1,16)        =         3.141593         180.000000
	 B(2,3,4)         =         2.040814         116.930020
	 B(2,3,15)        =         2.151265         123.258397
	 B(3,4,5)         =         2.124661         121.734111
	 B(3,4,17)        =         2.067954         118.485057
	 B(3,15,7)        =         2.053712         117.669002
	 B(3,15,11)       =         2.178715         124.831154
	 B(4,3,15)        =         2.088686         119.672888
	 B(4,5,6)         =         2.088598         119.667824
	 B(4,5,18)        =         2.083193         119.358194
	 B(5,4,17)        =         2.090309         119.765906
	 B(5,6,7)         =         2.112246         121.022762
	 B(5,6,19)        =         2.112628         121.044694
	 B(6,5,18)        =         2.111029         120.953054
	 B(6,7,8)         =         2.094924         120.030277
	 B(6,7,15)        =         2.095772         120.078883
	 B(7,6,19)        =         2.058289         117.931279
	 B(7,8,9)         =         2.114132         121.130839
	 B(7,8,20)        =         2.057075         117.861696
	 B(7,15,11)       =         2.050293         117.473150
	 B(8,7,15)        =         2.092459         119.889054
	 B(8,9,10)        =         2.083873         119.397142
	 B(8,9,21)        =         2.114171         121.133068
	 B(9,8,20)        =         2.111923         121.004275
	 B(9,10,11)       =         2.118319         121.370728
	 B(9,10,22)       =         2.083292         119.363828
	 B(10,9,21)       =         2.084988         119.461003
	 B(10,11,12)      =         1.999513         114.563652
	 B(10,11,15)      =         2.104529         120.580620
	 B(11,10,22)      =         2.081245         119.246565
	 B(11,12,13)      =         2.184818         125.180832
	 B(11,12,14)      =         1.938720         111.080475
	 B(12,11,15)      =         2.177815         124.779619
	 B(12,14,23)      =         1.847920         105.878031
	 B(13,12,14)      =         2.153791         123.403121
	 D(2,3,4,5)       =         3.045773         174.509921
	 D(2,3,4,17)      =        -0.071223          -4.080779
	 D(2,3,15,7)      =        -2.992253        -171.443481
	 D(2,3,15,11)     =         0.115617           6.624390
	 D(3,4,5,6)       =        -0.030051          -1.721812
	 D(3,4,5,18)      =        -3.142883        -180.073913
	 D(3,15,7,6)      =        -0.070182          -4.021107
	 D(3,15,7,8)      =         3.062932         175.493056
	 D(3,15,11,10)    =        -3.026505        -173.405955
	 D(3,15,11,12)    =         0.173543           9.943289
	 D(4,3,15,7)      =         0.072267           4.140583
	 D(4,3,15,11)     =        -3.103048        -177.791546
	 D(4,5,6,7)       =         0.032309           1.851158
	 D(4,5,6,19)      =        -3.101993        -177.731112
	 D(5,4,3,15)      =        -0.023541          -1.348811
	 D(5,6,7,8)       =        -3.114286        -178.435462
	 D(5,6,7,15)      =         0.018815           1.078011
	 D(6,5,4,17)      =         3.086636         176.851219
	 D(6,7,8,9)       =         3.122659         178.915197
	 D(6,7,8,20)      =        -0.007704          -0.441390
	 D(6,7,15,11)     =         3.102609         177.766398
	 D(7,6,5,18)      =         3.144671         180.176383
	 D(7,8,9,10)      =         0.036029           2.064316
	 D(7,8,9,21)      =        -3.124488        -179.019956
	 D(7,15,11,10)    =         0.081426           4.665363
	 D(7,15,11,12)    =        -3.001711        -171.985394
	 D(8,7,6,19)      =         0.020236           1.159454
	 D(8,7,15,11)     =        -0.047463          -2.719438
	 D(8,9,10,11)     =        -0.001572          -0.090060
	 D(8,9,10,22)     =         3.112224         178.317279
	 D(9,8,7,15)      =        -0.010458          -0.599205
	 D(9,10,11,12)    =         3.030216         173.618608
	 D(9,10,11,15)    =        -0.058592          -3.357072
	 D(10,9,8,20)     =        -3.117146        -178.599328
	 D(10,11,12,13)   =         0.980351          56.169951
	 D(10,11,12,14)   =        -2.048056        -117.344946
	 D(11,10,9,21)    =        -3.124560        -179.024124
	 D(11,12,14,23)   =         3.146249         180.266786
	 D(12,11,10,22)   =        -0.083611          -4.790559
	 D(13,12,11,15)   =        -2.216571        -127.000186
	 D(13,12,14,23)   =         0.115463           6.615532
	 D(14,12,11,15)   =         1.038208          59.484916
	 D(15,3,4,17)     =         3.142648         180.060490
	 D(15,7,6,19)     =        -3.129848        -179.327073
	 D(15,7,8,20)     =        -3.140821        -179.955792
	 D(15,11,10,22)   =         3.110766         178.233761
	 D(17,4,5,18)     =        -0.026195          -1.500881
	 D(18,5,6,19)     =         0.010369           0.594112
	 D(20,8,9,21)     =         0.005522           0.316400
	 D(21,9,10,22)    =        -0.010765          -0.616785
	 D(4,3,1,16)      =        -0.822215         -47.109448
	 D(15,3,1,16)     =         2.226451         127.566272


	        --- Internal Coordinate Step in ANG or DEG, aJ/ANG or AJ/DEG ---
	-------------------------------------------------------------------------------
	           Coordinate      Previous         Force          Change          New 
	           ----------      --------        ------          ------        ------
	               R(1,2)       1.20988        0.00911        0.00054       1.21042
	              R(1,16)       1.06628        0.00023       -0.00001       1.06627
	               R(2,3)       1.42816        0.00829        0.00153       1.42968
	               R(3,4)       1.39075        0.00433        0.00032       1.39108
	              R(3,15)       1.44510       -0.00931       -0.00103       1.44407
	               R(4,5)       1.40762        0.00079        0.00057       1.40819
	              R(4,17)       1.08553       -0.00171       -0.00024       1.08530
	               R(5,6)       1.37248        0.00901        0.00082       1.37331
	              R(5,18)       1.08605        0.00015        0.00003       1.08608
	               R(6,7)       1.42043       -0.00222       -0.00024       1.42019
	              R(6,19)       1.08738       -0.00111        0.00002       1.08740
	               R(7,8)       1.42204       -0.00551       -0.00013       1.42191
	              R(7,15)       1.43392        0.01863        0.00040       1.43432
	               R(8,9)       1.37105        0.01080        0.00095       1.37201
	              R(8,20)       1.08759       -0.00159       -0.00002       1.08757
	              R(9,10)       1.41178       -0.00409        0.00020       1.41198
	              R(9,21)       1.08590        0.00024        0.00003       1.08594
	             R(10,11)       1.38175        0.00643        0.00115       1.38290
	             R(10,22)       1.08622       -0.00351       -0.00075       1.08547
	             R(11,12)       1.50336       -0.00875       -0.00358       1.49979
	             R(11,15)       1.43211        0.00243        0.00092       1.43302
	             R(12,13)       1.20861        0.03287        0.00164       1.21025
	             R(12,14)       1.35341        0.00991        0.00012       1.35353
	             R(14,23)       0.97590        0.00290        0.00054       0.97644
	             L(1,2,3)     174.85694       -0.00005       -0.60372     174.25323
	             l(1,2,3)     180.00000       -0.00003        0.04699     180.04699
	            L(2,1,16)     178.67859        0.00017       -0.14554     178.53306
	            l(2,1,16)     180.00000       -0.00005       -0.52874     179.47126
	             B(2,3,4)     116.93002       -0.00009       -0.16851     116.76151
	            B(2,3,15)     123.25840        0.00008        0.15776     123.41616
	             B(3,4,5)     121.73411        0.00003        0.08573     121.81984
	            B(3,4,17)     118.48506       -0.00003       -0.01937     118.46569
	            B(3,15,7)     117.66900       -0.00004       -0.09211     117.57689
	           B(3,15,11)     124.83115        0.00007        0.14748     124.97863
	            B(4,3,15)     119.67289        0.00001       -0.12101     119.55188
	             B(4,5,6)     119.66782       -0.00000       -0.01417     119.65365
	            B(4,5,18)     119.35819        0.00005        0.10213     119.46032
	            B(5,4,17)     119.76591       -0.00000       -0.08081     119.68509
	             B(5,6,7)     121.02276       -0.00005       -0.20795     120.81481
	            B(5,6,19)     121.04469       -0.00005       -0.15590     120.88879
	            B(6,5,18)     120.95305       -0.00004       -0.11290     120.84015
	             B(6,7,8)     120.03028       -0.00008       -0.28137     119.74891
	            B(6,7,15)     120.07888        0.00005        0.15272     120.23160
	            B(7,6,19)     117.93128        0.00010        0.36232     118.29359
	             B(7,8,9)     121.13084       -0.00003       -0.12786     121.00298
	            B(7,8,20)     117.86170        0.00008        0.26114     118.12283
	           B(7,15,11)     117.47315       -0.00003       -0.09783     117.37532
	            B(8,7,15)     119.88905        0.00003        0.12410     120.01315
	            B(8,9,10)     119.39714        0.00002       -0.00095     119.39619
	            B(8,9,21)     121.13307       -0.00006       -0.15105     120.98202
	            B(9,8,20)     121.00428       -0.00005       -0.13884     120.86543
	           B(9,10,11)     121.37073        0.00003        0.04435     121.41508
	           B(9,10,22)     119.36383        0.00007        0.28817     119.65200
	           B(10,9,21)     119.46100        0.00004        0.13571     119.59672
	          B(10,11,12)     114.56365       -0.00005       -0.16545     114.39821
	          B(10,11,15)     120.58062       -0.00002       -0.14370     120.43692
	          B(11,10,22)     119.24657       -0.00010       -0.36618     118.88039
	          B(11,12,13)     125.18083        0.00002        0.21116     125.39199
	          B(11,12,14)     111.08047        0.00013        0.35512     111.43559
	          B(12,11,15)     124.77962        0.00007        0.17752     124.95714
	          B(12,14,23)     105.87803        0.00007        0.48097     106.35900
	          B(13,12,14)     123.40312       -0.00015       -0.49942     122.90370
	           D(2,3,4,5)     174.50992       -0.00002       -2.30362     172.20630
	          D(2,3,4,17)      -4.08078       -0.00001       -1.73439      -5.81517
	          D(2,3,15,7)    -171.44348        0.00005        3.85488    -167.58860
	         D(2,3,15,11)       6.62439        0.00002        2.67432       9.29871
	           D(3,4,5,6)      -1.72181       -0.00001       -0.81630      -2.53812
	          D(3,4,5,18)    -180.07391        0.00001       -0.02197    -180.09588
	          D(3,15,7,6)      -4.02111       -0.00004       -2.13062      -6.15172
	          D(3,15,7,8)     175.49306       -0.00004       -2.56293     172.93013
	        D(3,15,11,10)    -173.40595        0.00006        3.51441    -169.89154
	        D(3,15,11,12)       9.94329        0.00009        5.70395      15.64724
	          D(4,3,15,7)       4.14058        0.00005        2.09829       6.23887
	         D(4,3,15,11)    -177.79155        0.00002        0.91774    -176.87381
	           D(4,5,6,7)       1.85116        0.00001        0.79644       2.64760
	          D(4,5,6,19)    -177.73111        0.00001        0.99808    -176.73303
	          D(5,4,3,15)      -1.34881       -0.00003       -0.67608      -2.02490
	           D(5,6,7,8)    -178.43546        0.00001        1.13334    -177.30212
	          D(5,6,7,15)       1.07801        0.00001        0.70415       1.78216
	          D(6,5,4,17)     176.85122       -0.00002       -1.39143     175.45979
	           D(6,7,8,9)     178.91520       -0.00001       -0.68226     178.23294
	          D(6,7,8,20)      -0.44139       -0.00000       -0.25809      -0.69948
	         D(6,7,15,11)     177.76640       -0.00002       -1.04627     176.72013
	          D(7,6,5,18)     180.17638        0.00000       -0.00544     180.17094
	          D(7,8,9,10)       2.06432        0.00002        1.16853       3.23285
	          D(7,8,9,21)    -179.01996        0.00001        0.42385    -178.59611
	        D(7,15,11,10)       4.66536        0.00004        2.33611       7.00147
	        D(7,15,11,12)    -171.98539        0.00006        4.52565    -167.45975
	          D(8,7,6,19)       1.15945        0.00001        0.93479       2.09424
	         D(8,7,15,11)      -2.71944       -0.00002       -1.47859      -4.19802
	         D(8,9,10,11)      -0.09006       -0.00000       -0.29232      -0.38238
	         D(8,9,10,22)     178.31728       -0.00002       -1.36563     176.95164
	          D(9,8,7,15)      -0.59921       -0.00001       -0.25416      -0.85336
	        D(9,10,11,12)     173.61861       -0.00005       -3.46403     170.15458
	        D(9,10,11,15)      -3.35707       -0.00003       -1.50521      -4.86228
	         D(10,9,8,20)    -178.59933        0.00001        0.73529    -177.86404
	       D(10,11,12,13)      56.16995        0.00003       -4.98291      51.18704
	       D(10,11,12,14)    -117.34495        0.00003       -5.63291    -122.97786
	        D(11,10,9,21)    -179.02412        0.00001        0.44505    -178.57908
	       D(11,12,14,23)     180.26679        0.00002        0.99699     181.26377
	       D(12,11,10,22)      -4.79056       -0.00003       -2.40894      -7.19950
	       D(13,12,11,15)    -127.00019        0.00000       -7.05567    -134.05586
	       D(13,12,14,23)       6.61553        0.00001        0.31336       6.92890
	       D(14,12,11,15)      59.48492        0.00001       -7.70568      51.77924
	         D(15,3,4,17)     180.06049       -0.00002       -0.10685     179.95364
	         D(15,7,6,19)    -179.32707        0.00001        0.50560    -178.82148
	         D(15,7,8,20)    -179.95579        0.00000        0.17001    -179.78579
	       D(15,11,10,22)     178.23376       -0.00001       -0.45012     177.78364
	         D(17,4,5,18)      -1.50088       -0.00001       -0.59709      -2.09797
	         D(18,5,6,19)       0.59411        0.00000        0.19620       0.79031
	         D(20,8,9,21)       0.31640       -0.00000       -0.00940       0.30700
	        D(21,9,10,22)      -0.61679       -0.00001       -0.62827      -1.24506
	          D(4,3,1,16)     -47.10945        0.00010        0.29060     -46.81885
	         D(15,3,1,16)     127.56627       -0.00010       -1.61149     125.95478
	-------------------------------------------------------------------------------

	                                 ==> Convergence Check <==                                  
    
	Measures of convergence in internal coordinates in au.
    
	Criteria marked as inactive (o), active & met (*), and active & unmet ( ).

	----------------------------------------------------------------------------------------------
	   Step    Total Energy     Delta E     Max Force     RMS Force      Max Disp      RMS Disp   
	----------------------------------------------------------------------------------------------
	  Convergence Criteria     1.00e-06 *    3.00e-04 *             o    1.20e-03 *             o
	----------------------------------------------------------------------------------------------
	     6    -650.59269192   -3.85e-04      3.99e-03      7.94e-04 o    1.34e-01      2.95e-02 o  ~
	----------------------------------------------------------------------------------------------

Next Geometry in Ang 
	Fragment 1 (Ang)

	    C   2.5636778029  -2.4112477408  -0.5542022775
	    C   1.4859857064  -1.8646881031  -0.4836358622
	    C   0.1564969636  -1.3492358368  -0.3798696882
	    C  -0.8827089979  -2.2514774773  -0.5826085642
	    C  -2.2264152514  -1.9010755017  -0.3487701764
	    C  -2.5280125395  -0.6542075517   0.1414622088
	    C  -1.5063286786   0.3069687961   0.3633424009
	    C  -1.8364820687   1.5706321535   0.9254661173
	    C  -0.8652341125   2.5045531520   1.1840522322
	    C   0.4723663399   2.2314633094   0.8235916826
	    C   0.8274094398   1.0381579847   0.2216078985
	    C   2.2320208701   1.0027403563  -0.3029605031
	    O   3.2229295822   1.2971541269   0.3264272788
	    O   2.2589614103   0.7175326617  -1.6258272768
	    C  -0.1430242308  -0.0006438762   0.0407708348
	    H   3.5246044623  -2.8709918982  -0.6010268044
	    H  -0.6376036699  -3.2601658416  -0.8993742832
	    H  -3.0077346621  -2.6355016030  -0.5212046610
	    H  -3.5532992110  -0.3807864688   0.3790919215
	    H  -2.8792362089   1.7700386056   1.1614958553
	    H  -1.1148624972   3.4607417420   1.6342122701
	    H   1.2358234290   2.9868945985   0.9807438197
	    H   3.2006661321   0.6931444225  -1.8827844036


    Structure for next step:
    Molecular point group: c1
    Full point group: C1

    Geometry (in Angstrom), charge = 0, multiplicity = 1:

    C            2.563677802909    -2.411247740781    -0.554202277538
    C            1.485985706428    -1.864688103103    -0.483635862200
    C            0.156496963554    -1.349235836768    -0.379869688222
    C           -0.882708997942    -2.251477477334    -0.582608564206
    C           -2.226415251427    -1.901075501728    -0.348770176420
    C           -2.528012539525    -0.654207551701     0.141462208786
    C           -1.506328678580     0.306968796058     0.363342400948
    C           -1.836482068677     1.570632153536     0.925466117330
    C           -0.865234112529     2.504553152044     1.184052232233
    C            0.472366339911     2.231463309370     0.823591682591
    C            0.827409439825     1.038157984739     0.221607898537
    C            2.232020870103     1.002740356316    -0.302960503107
    O            3.222929582204     1.297154126869     0.326427278832
    O            2.258961410330     0.717532661664    -1.625827276764
    C           -0.143024230844    -0.000643876216     0.040770834778
    H            3.524604462328    -2.870991898157    -0.601026804446
    H           -0.637603669917    -3.260165841643    -0.899374283164
    H           -3.007734662114    -2.635501603021    -0.521204660982
    H           -3.553299211018    -0.380786468842     0.379091921549
    H           -2.879236208906     1.770038605630     1.161495855282
    H           -1.114862497212     3.460741742025     1.634212270106
    H            1.235823429015     2.986894598522     0.980743819714
    H            3.200666132084     0.693144422518    -1.882784403636


Scratch directory: /tmp/
gradient() will perform analytic gradient computation.
   => Libint2 <=

    Primary   basis highest AM E, G, H:  7, 6, 3
    Auxiliary basis highest AM E, G, H:  7, 7, 4
    Onebody   basis highest AM E, G, H:  -, -, -
    Solid Harmonics ordering:            Gaussian

*** tstart() called on ubuntu-32gb-hel1-14
*** at Tue Sep 29 23:04:16 2026

   => Loading Basis Set <=

    Name: 6-31G*
    Role: ORBITAL
    Keyword: BASIS
    atoms 1-12, 15 entry C          line   111 file /root/miniforge3/envs/qc/share/psi4/basis/6-31gs.gbs 
    atoms 13-14    entry O          line   145 file /root/miniforge3/envs/qc/share/psi4/basis/6-31gs.gbs 
    atoms 16-23    entry H          line    44 file /root/miniforge3/envs/qc/share/psi4/basis/6-31gs.gbs 


         ---------------------------------------------------------
                                   SCF
               by Justin Turney, Rob Parrish, Andy Simmonett
                          and Daniel G. A. Smith
                              RKS Reference
                       16 Threads,  22888 MiB Core
         ---------------------------------------------------------

  ==> Geometry <==

    Molecular point group: c1
    Full point group: C1

    Geometry (in Angstrom), charge = 0, multiplicity = 1:

       Center              X                  Y                   Z               Mass       
    ------------   -----------------  -----------------  -----------------  -----------------
         C            2.563677802909    -2.411247740781    -0.554202277538    12.000000000000
         C            1.485985706428    -1.864688103103    -0.483635862200    12.000000000000
         C            0.156496963554    -1.349235836768    -0.379869688222    12.000000000000
         C           -0.882708997942    -2.251477477334    -0.582608564206    12.000000000000
         C           -2.226415251427    -1.901075501728    -0.348770176420    12.000000000000
         C           -2.528012539525    -0.654207551701     0.141462208786    12.000000000000
         C           -1.506328678580     0.306968796058     0.363342400948    12.000000000000
         C           -1.836482068677     1.570632153536     0.925466117330    12.000000000000
         C           -0.865234112529     2.504553152044     1.184052232233    12.000000000000
         C            0.472366339911     2.231463309370     0.823591682591    12.000000000000
         C            0.827409439825     1.038157984739     0.221607898537    12.000000000000
         C            2.232020870103     1.002740356316    -0.302960503107    12.000000000000
         O            3.222929582204     1.297154126869     0.326427278832    15.994914619570
         O            2.258961410330     0.717532661664    -1.625827276764    15.994914619570
         C           -0.143024230844    -0.000643876216     0.040770834778    12.000000000000
         H            3.524604462328    -2.870991898157    -0.601026804446     1.007825032230
         H           -0.637603669917    -3.260165841643    -0.899374283164     1.007825032230
         H           -3.007734662114    -2.635501603021    -0.521204660982     1.007825032230
         H           -3.553299211018    -0.380786468842     0.379091921549     1.007825032230
         H           -2.879236208906     1.770038605630     1.161495855282     1.007825032230
         H           -1.114862497212     3.460741742025     1.634212270106     1.007825032230
         H            1.235823429015     2.986894598522     0.980743819714     1.007825032230
         H            3.200666132084     0.693144422518    -1.882784403636     1.007825032230

  Running in c1 symmetry.

  Rotational constants: A =      0.02809  B =      0.02180  C =      0.01312 [cm^-1]
  Rotational constants: A =    842.25550  B =    653.61964  C =    393.38920 [MHz]
  Nuclear repulsion =  888.870242234608213

  Charge       = 0
  Multiplicity = 1
  Electrons    = 102
  Nalpha       = 51
  Nbeta        = 51

  ==> Algorithm <==

  SCF Algorithm Type is DF.
  DIIS enabled.
  MOM disabled.
  Fractional occupation disabled.
  Guess Type is READ.
  Energy threshold   = 1.00e-08
  Density threshold  = 1.00e-08
  Integral threshold = 1.00e-12

  ==> Primary Basis <==

  Basis Set: 6-31G*
    Blend: 6-31G*
    Number of shells: 106
    Number of basis functions: 241
    Number of Cartesian functions: 241
    Spherical Harmonics?: false
    Max angular momentum: 2

  ==> DFT Potential <==

   => LibXC <=

    Version 7.1.2
    S. Lehtola, C. Steigemann, M. J. T. Oliveira, and M. A. L. Marques,  SoftwareX 7, 1–5 (2018) (10.1016/j.softx.2017.11.002)

   => Composite Functional: B3LYP <= 

    B3LYP Hyb-GGA Exchange-Correlation Functional

    P. J. Stephens, F. J. Devlin, C. F. Chabalowski, and M. J. Frisch,  J. Phys. Chem. 98, 11623 (1994) (10.1021/j100096a001)

    Deriv               =              1
    GGA                 =           TRUE
    Meta                =          FALSE

    Exchange Hybrid     =           TRUE
    MP2 Hybrid          =          FALSE

   => Exchange Functionals <=

    0.0800   Slater exchange
    0.7200         Becke 88

   => Exact (HF) Exchange <=

    0.2000               HF 

   => Correlation Functionals <=

    0.1900   Vosko, Wilk & Nusair (VWN5_RPA)
    0.8100   Lee, Yang & Parr

   => LibXC Density Thresholds  <==

    XC_HYB_GGA_XC_B3LYP:  1.00E-15 

   => Molecular Quadrature <=

    Radial Scheme          =       TREUTLER
    Pruning Scheme         =           NONE
    Nuclear Scheme         =       TREUTLER

    Blocking Scheme        =         OCTREE
    BS radius alpha        =              1
    Pruning alpha          =              1
    Radial Points          =             75
    Spherical Points       =            302
    Total Points           =         473983
    Total Blocks           =           3475
    Max Points             =            256
    Max Functions          =            226
    Weights Tolerance      =       1.00E-15

   => Loading Basis Set <=

    Name: (6-31G* AUX)
    Role: JKFIT
    Keyword: DF_BASIS_SCF
    atoms 1-12, 15 entry C          line   121 file /root/miniforge3/envs/qc/share/psi4/basis/cc-pvdz-jkfit.gbs 
    atoms 13-14    entry O          line   221 file /root/miniforge3/envs/qc/share/psi4/basis/cc-pvdz-jkfit.gbs 
    atoms 16-23    entry H          line    51 file /root/miniforge3/envs/qc/share/psi4/basis/cc-pvdz-jkfit.gbs 

   => Loading Basis Set <=

    Name: 6-31G*
    Role: ORBITAL
    Keyword: BASIS
    atoms 1-12, 15 entry C          line   111 file /root/miniforge3/envs/qc/share/psi4/basis/6-31gs.gbs 
    atoms 13-14    entry O          line   145 file /root/miniforge3/envs/qc/share/psi4/basis/6-31gs.gbs 
    atoms 16-23    entry H          line    44 file /root/miniforge3/envs/qc/share/psi4/basis/6-31gs.gbs 

  Reading orbitals from file /tmp/psi4.default.2140910.180.npy, no projection.

  ==> Integral Setup <==

  DFHelper Memory: AOs need 0.579 GiB; user supplied 14.830 GiB. 
  SCF_SUBTYPE=INCORE selected. In-core MEM_DF algorithm will be used.
  Using in-core AOs.

  ==> MemDFJK: Density-Fitted J/K Matrices <==

    J tasked:                   Yes
    K tasked:                   Yes
    wK tasked:                   No
    OpenMP threads:              16
    Memory [MiB]:             15185
    Algorithm:                 Core
    Schwarz Cutoff:           1E-12
    Mask sparsity (%):      11.0811
    Fitting Condition:        1E-10

   => Auxiliary Basis Set <=

  Basis Set: (6-31G* AUX)
    Blend: CC-PVDZ-JKFIT
    Number of shells: 432
    Number of basis functions: 1415
    Number of Cartesian functions: 1415
    Spherical Harmonics?: false
    Max angular momentum: 3

  Cached 100.0% of DFT collocation blocks in 1.934 [GiB].

  Minimum eigenvalue in the overlap matrix is 2.3056882515E-04.
  Reciprocal condition number of the overlap matrix is 2.9123275687E-05.
    Using symmetric orthogonalization.

  ==> Pre-Iterations <==

  SCF Guess: Orbitals guess was supplied from a previous computation.

   -------------------------------------------------------
    Irrep   Nso     Nmo     Nalpha   Nbeta   Ndocc  Nsocc
   -------------------------------------------------------
     A        241     241      51      51      51       0
   -------------------------------------------------------
    Total     241     241      51      51      51       0
   -------------------------------------------------------

  ==> Iterations <==

                           Total Energy        Delta E     RMS |[F,P]|

   @DF-RKS iter   0:  -650.56761732243808   -6.50568e+02   1.18994e-03 
   @DF-RKS iter   1:  -650.59215700372204   -2.45397e-02   1.38507e-04 DIIS/ADIIS
   @DF-RKS iter   2:  -650.59142795618709    7.29048e-04   2.14629e-04 DIIS/ADIIS
   @DF-RKS iter   3:  -650.59273618099837   -1.30822e-03   6.21926e-05 DIIS
   @DF-RKS iter   4:  -650.59283825700754   -1.02076e-04   2.19299e-05 DIIS
   @DF-RKS iter   5:  -650.59284909242297   -1.08354e-05   1.07897e-05 DIIS
   @DF-RKS iter   6:  -650.59285201104012   -2.91862e-06   3.01885e-06 DIIS
   @DF-RKS iter   7:  -650.59285223061306   -2.19573e-07   1.08697e-06 DIIS
   @DF-RKS iter   8:  -650.59285226112729   -3.05142e-08   2.34672e-07 DIIS
   @DF-RKS iter   9:  -650.59285226230213   -1.17484e-09   1.19244e-07 DIIS
   @DF-RKS iter  10:  -650.59285226268912   -3.86990e-10   3.61071e-08 DIIS
   @DF-RKS iter  11:  -650.59285226272289   -3.37650e-11   1.51300e-08 DIIS
   @DF-RKS iter  12:  -650.59285226272993   -7.04858e-12   4.32491e-09 DIIS
  Energy and wave function converged.


  ==> Post-Iterations <==

   Electrons on quadrature grid:
      Ntotal   =  101.9999202755 ; deviation = -7.972e-05 

    Orbital Energies [Eh]
    ---------------------

    Doubly Occupied:                                                      

       1A    -19.190117     2A    -19.133686     3A    -10.319238  
       4A    -10.225267     5A    -10.220902     6A    -10.213510  
       7A    -10.211910     8A    -10.205455     9A    -10.205206  
      10A    -10.204918    11A    -10.203810    12A    -10.202068  
      13A    -10.201908    14A    -10.193214    15A    -10.187646  
      16A     -1.100120    17A     -1.009731    18A     -0.888733  
      19A     -0.838245    20A     -0.802749    21A     -0.761454  
      22A     -0.753789    23A     -0.724189    24A     -0.663161  
      25A     -0.640099    26A     -0.627149    27A     -0.595149  
      28A     -0.549302    29A     -0.526264    30A     -0.517242  
      31A     -0.506228    32A     -0.484127    33A     -0.473807  
      34A     -0.463214    35A     -0.454004    36A     -0.435840  
      37A     -0.422962    38A     -0.410427    39A     -0.404017  
      40A     -0.400140    41A     -0.384458    42A     -0.357102  
      43A     -0.353607    44A     -0.344000    45A     -0.322515  
      46A     -0.308037    47A     -0.279326    48A     -0.274032  
      49A     -0.262890    50A     -0.255783    51A     -0.218287  

    Virtual:                                                              

      52A     -0.062913    53A     -0.023428    54A     -0.012719  
      55A      0.030327    56A      0.056816    57A      0.072763  
      58A      0.087439    59A      0.092425    60A      0.109524  
      61A      0.117116    62A      0.123874    63A      0.136969  
      64A      0.166955    65A      0.169348    66A      0.185185  
      67A      0.198182    68A      0.232332    69A      0.250695  
      70A      0.255323    71A      0.270122    72A      0.281078  
      73A      0.304273    74A      0.313457    75A      0.341239  
      76A      0.354941    77A      0.375190    78A      0.409304  
      79A      0.434925    80A      0.461046    81A      0.476147  
      82A      0.492900    83A      0.498788    84A      0.510042  
      85A      0.522487    86A      0.527197    87A      0.536391  
      88A      0.544004    89A      0.551610    90A      0.564274  
      91A      0.573937    92A      0.583254    93A      0.588535  
      94A      0.594792    95A      0.604548    96A      0.605525  
      97A      0.610357    98A      0.616002    99A      0.632771  
     100A      0.640757   101A      0.657693   102A      0.659810  
     103A      0.676148   104A      0.688387   105A      0.713118  
     106A      0.734031   107A      0.741219   108A      0.762740  
     109A      0.775465   110A      0.792650   111A      0.806751  
     112A      0.814890   113A      0.822889   114A      0.836368  
     115A      0.841109   116A      0.859332   117A      0.867206  
     118A      0.873356   119A      0.885661   120A      0.893064  
     121A      0.909076   122A      0.927649   123A      0.946483  
     124A      0.949812   125A      0.981182   126A      0.998806  
     127A      1.019451   128A      1.040169   129A      1.059952  
     130A      1.064071   131A      1.071035   132A      1.096011  
     133A      1.111399   134A      1.133185   135A      1.146553  
     136A      1.170691   137A      1.187714   138A      1.214437  
     139A      1.231468   140A      1.248682   141A      1.265661  
     142A      1.269171   143A      1.289238   144A      1.308824  
     145A      1.361931   146A      1.383438   147A      1.407043  
     148A      1.427137   149A      1.450076   150A      1.453525  
     151A      1.473950   152A      1.481492   153A      1.495239  
     154A      1.502786   155A      1.514109   156A      1.544906  
     157A      1.561234   158A      1.574040   159A      1.615528  
     160A      1.621169   161A      1.689352   162A      1.720338  
     163A      1.729559   164A      1.752043   165A      1.757162  
     166A      1.764632   167A      1.796456   168A      1.801573  
     169A      1.816540   170A      1.840976   171A      1.855565  
     172A      1.881457   173A      1.899207   174A      1.901640  
     175A      1.912386   176A      1.915915   177A      1.926101  
     178A      1.928907   179A      1.964637   180A      1.989162  
     181A      2.012739   182A      2.015449   183A      2.030640  
     184A      2.053319   185A      2.118477   186A      2.142930  
     187A      2.144168   188A      2.154704   189A      2.170185  
     190A      2.192298   191A      2.198118   192A      2.257278  
     193A      2.272354   194A      2.285328   195A      2.306708  
     196A      2.319937   197A      2.335601   198A      2.349663  
     199A      2.394034   200A      2.424734   201A      2.459736  
     202A      2.483482   203A      2.554494   204A      2.586516  
     205A      2.600619   206A      2.619163   207A      2.632657  
     208A      2.650879   209A      2.672177   210A      2.692148  
     211A      2.714347   212A      2.757649   213A      2.775426  
     214A      2.781016   215A      2.799548   216A      2.825679  
     217A      2.856426   218A      2.892330   219A      2.934248  
     220A      2.989681   221A      3.022495   222A      3.091947  
     223A      3.193056   224A      3.307410   225A      3.410501  
     226A      3.515582   227A      3.852137   228A      4.049669  
     229A      4.081830   230A      4.089232   231A      4.104378  
     232A      4.140495   233A      4.160890   234A      4.196857  
     235A      4.280539   236A      4.334007   237A      4.361081  
     238A      4.450175   239A      4.525574   240A      4.676442  
     241A      4.906986  

    Final Occupation by Irrep:
              A 
    DOCC [    51 ]
    NA   [    51 ]
    NB   [    51 ]

  @DF-RKS Final Energy:  -650.59285226272993

   => Energetics <=

    Nuclear Repulsion Energy =            888.8702422346082130
    One-Electron Energy =               -2646.3595871979509866
    Two-Electron Energy =                1180.2094759213673569
    DFT Exchange-Correlation Energy =     -73.3129832207544894
    Empirical Dispersion Energy =           0.0000000000000000
    VV10 Nonlocal Energy =                  0.0000000000000000
    Total Energy =                       -650.5928522627299344

Computation Completed


Properties will be evaluated at   0.000000,   0.000000,   0.000000 [a0]

Properties computed using the SCF density matrix


 Multipole Moments:

 ------------------------------------------------------------------------------------
     Multipole            Electronic (a.u.)      Nuclear  (a.u.)        Total (a.u.)
 ------------------------------------------------------------------------------------

 L = 1.  Multiply by 2.5417464519 to convert [e a0] to [Debye]
 Dipole X            :        -52.0734174           51.2531391           -0.8202783
 Dipole Y            :        -10.0266220            9.8502085           -0.1764135
 Dipole Z            :          6.9899216           -7.2840787           -0.2941571
 Magnitude           :                                                    0.8891044

 ------------------------------------------------------------------------------------

*** tstop() called on ubuntu-32gb-hel1-14 at Tue Sep 29 23:04:24 2026
Module time:
	user time   =     107.76 seconds =       1.80 minutes
	system time =       4.03 seconds =       0.07 minutes
	total time  =          8 seconds =       0.13 minutes
Total time:
	user time   =    1025.70 seconds =      17.09 minutes
	system time =      44.76 seconds =       0.75 minutes
	total time  =         72 seconds =       1.20 minutes

*** tstart() called on ubuntu-32gb-hel1-14
*** at Tue Sep 29 23:04:24 2026


         ------------------------------------------------------------
                                   SCF GRAD                          
                          Rob Parrish, Justin Turney,                
                       Andy Simmonett, and Alex Sokolov              
         ------------------------------------------------------------

  ==> Geometry <==

    Molecular point group: c1
    Full point group: C1

    Geometry (in Angstrom), charge = 0, multiplicity = 1:

       Center              X                  Y                   Z               Mass       
    ------------   -----------------  -----------------  -----------------  -----------------
         C            2.563677802909    -2.411247740781    -0.554202277538    12.000000000000
         C            1.485985706428    -1.864688103103    -0.483635862200    12.000000000000
         C            0.156496963554    -1.349235836768    -0.379869688222    12.000000000000
         C           -0.882708997942    -2.251477477334    -0.582608564206    12.000000000000
         C           -2.226415251427    -1.901075501728    -0.348770176420    12.000000000000
         C           -2.528012539525    -0.654207551701     0.141462208786    12.000000000000
         C           -1.506328678580     0.306968796058     0.363342400948    12.000000000000
         C           -1.836482068677     1.570632153536     0.925466117330    12.000000000000
         C           -0.865234112529     2.504553152044     1.184052232233    12.000000000000
         C            0.472366339911     2.231463309370     0.823591682591    12.000000000000
         C            0.827409439825     1.038157984739     0.221607898537    12.000000000000
         C            2.232020870103     1.002740356316    -0.302960503107    12.000000000000
         O            3.222929582204     1.297154126869     0.326427278832    15.994914619570
         O            2.258961410330     0.717532661664    -1.625827276764    15.994914619570
         C           -0.143024230844    -0.000643876216     0.040770834778    12.000000000000
         H            3.524604462328    -2.870991898157    -0.601026804446     1.007825032230
         H           -0.637603669917    -3.260165841643    -0.899374283164     1.007825032230
         H           -3.007734662114    -2.635501603021    -0.521204660982     1.007825032230
         H           -3.553299211018    -0.380786468842     0.379091921549     1.007825032230
         H           -2.879236208906     1.770038605630     1.161495855282     1.007825032230
         H           -1.114862497212     3.460741742025     1.634212270106     1.007825032230
         H            1.235823429015     2.986894598522     0.980743819714     1.007825032230
         H            3.200666132084     0.693144422518    -1.882784403636     1.007825032230

  Nuclear repulsion =  888.870242234608213

  ==> Basis Set <==

  Basis Set: 6-31G*
    Blend: 6-31G*
    Number of shells: 106
    Number of basis functions: 241
    Number of Cartesian functions: 241
    Spherical Harmonics?: false
    Max angular momentum: 2

  ==> DFJKGrad: Density-Fitted SCF Gradients <==

    Gradient:                    1
    J tasked:                  Yes
    K tasked:                  Yes
    wK tasked:                  No
    OpenMP threads:             16
    Integrals threads:          16
    Memory [MiB]:            17166
    Schwarz Cutoff:          1E-12
    Fitting Condition:       1E-10

   => Auxiliary Basis Set <=

  Basis Set: (6-31G* AUX)
    Blend: CC-PVDZ-JKFIT
    Number of shells: 432
    Number of basis functions: 1415
    Number of Cartesian functions: 1415
    Spherical Harmonics?: false
    Max angular momentum: 3

  ==> DFT Potential <==

   => LibXC <=

    Version 7.1.2
    S. Lehtola, C. Steigemann, M. J. T. Oliveira, and M. A. L. Marques,  SoftwareX 7, 1–5 (2018) (10.1016/j.softx.2017.11.002)

   => Composite Functional: B3LYP <= 

    B3LYP Hyb-GGA Exchange-Correlation Functional

    P. J. Stephens, F. J. Devlin, C. F. Chabalowski, and M. J. Frisch,  J. Phys. Chem. 98, 11623 (1994) (10.1021/j100096a001)

    Deriv               =              1
    GGA                 =           TRUE
    Meta                =          FALSE

    Exchange Hybrid     =           TRUE
    MP2 Hybrid          =          FALSE

   => Exchange Functionals <=

    0.0800   Slater exchange
    0.7200         Becke 88

   => Exact (HF) Exchange <=

    0.2000               HF 

   => Correlation Functionals <=

    0.1900   Vosko, Wilk & Nusair (VWN5_RPA)
    0.8100   Lee, Yang & Parr

   => LibXC Density Thresholds  <==

    XC_HYB_GGA_XC_B3LYP:  1.00E-15 

   => Molecular Quadrature <=

    Radial Scheme          =       TREUTLER
    Pruning Scheme         =           NONE
    Nuclear Scheme         =       TREUTLER

    Blocking Scheme        =         OCTREE
    BS radius alpha        =              1
    Pruning alpha          =              1
    Radial Points          =             75
    Spherical Points       =            302
    Total Points           =         473983
    Total Blocks           =           3475
    Max Points             =            256
    Max Functions          =            226
    Weights Tolerance      =       1.00E-15


  -Total Gradient:
     Atom            X                  Y                   Z
    ------   -----------------  -----------------  -----------------
       1       -0.000362663456    -0.000402705035    -0.000422423022
       2        0.000242382762    -0.000614250465     0.001803856691
       3        0.000234579310    -0.001620589070    -0.001347109178
       4        0.000962223568     0.000305112881     0.000070843141
       5       -0.000794693462     0.001186332589     0.000485490178
       6        0.000223870752    -0.001129389254    -0.000439624560
       7        0.001688480981    -0.000433694600    -0.000365418622
       8        0.000724504485     0.001047863215     0.000280171797
       9       -0.001897904208    -0.000338271991    -0.000070096503
      10        0.001742500622    -0.001153586169    -0.000394172874
      11       -0.001078955042    -0.000246373666     0.000116133515
      12        0.002535028144     0.002461019139     0.000150270098
      13       -0.002186180065    -0.001152082577    -0.001571815296
      14       -0.000142225505     0.001092972136     0.001698202374
      15       -0.001609100443     0.001246735248     0.000526021076
      16       -0.000160017524    -0.000245617367    -0.000086519112
      17       -0.000225787965    -0.000051998480    -0.000091653201
      18        0.000209600681    -0.000216416363    -0.000018176548
      19       -0.000117425208     0.000416694448     0.000157580518
      20       -0.000337130585    -0.000374336021     0.000057595605
      21        0.000341743841     0.000158804804    -0.000177117394
      22       -0.000487335056     0.000387258796     0.000442998541
      23        0.000467856753    -0.000314985396    -0.000754948245


*** tstop() called on ubuntu-32gb-hel1-14 at Tue Sep 29 23:04:26 2026
Module time:
	user time   =      32.20 seconds =       0.54 minutes
	system time =       2.16 seconds =       0.04 minutes
	total time  =          2 seconds =       0.03 minutes
Total time:
	user time   =    1057.92 seconds =      17.63 minutes
	system time =      46.92 seconds =       0.78 minutes
	total time  =         74 seconds =       1.23 minutes

    			-----------------------------------------

    			 OPTKING 3.0: for geometry optimizations 

    			     By R.A. King, Bethel University     

    			        with contributions from          

    			    A.V. Copan, J. Cayton, A. Heide      

    			-----------------------------------------

    
	                            ===> Fragment 1 <== 

	 Z (Atomic Numbers)          Masses                          Geom                  
	       6.000000            12.000000          4.84464892 -4.55659785 -1.04729052   
	       6.000000            12.000000          2.80810601 -3.52374982 -0.91393932   
	       6.000000            12.000000          0.29573640 -2.54968621 -0.71784967   
	       6.000000            12.000000         -1.66807825 -4.25467581 -1.10097062   
	       6.000000            12.000000         -4.20731507 -3.59251204 -0.65908011   
	       6.000000            12.000000         -4.77725134 -1.23627310  0.26732483   
	       6.000000            12.000000         -2.84654866  0.58008695  0.68661763   
	       6.000000            12.000000         -3.47044814  2.96806461  1.74887750   
	       6.000000            12.000000         -1.63505551  4.73291952  2.23753444   
	       6.000000            12.000000          0.89264301  4.21685451  1.55636272   
	       6.000000            12.000000          1.56357723  1.96183427  0.41877824   
	       6.000000            12.000000          4.21790815  1.89490465 -0.57251238   
	       8.000000            15.994915          6.09045423  2.45126604  0.61685816   
	       8.000000            15.994915          4.26881839  1.35594022 -3.07236828   
	       6.000000            12.000000         -0.27027663 -0.00121675  0.07704571   
	       1.000000             1.007825          6.66053713 -5.42538840 -1.13577605   
	       1.000000             1.007825         -1.20489631 -6.16082056 -1.69957108   
	       1.000000             1.007825         -5.68379477 -4.98037623 -0.98493406   
	       1.000000             1.007825         -6.71476235 -0.71958214  0.71637991   
	       1.000000             1.007825         -5.44096789  3.34488820  2.19490906   
	       1.000000             1.007825         -2.10678479  6.53985408  3.08821362   
	       1.000000             1.007825          2.33536782  5.64441276  1.85333722   
	       1.000000             1.007825          6.04838241  1.30985312 -3.55794688   

	 - Coordinate -           - BOHR/RAD -       - ANG/DEG -
	 R(1,2)           =         2.287371           1.210424
	 R(1,16)          =         2.014963           1.066273
	 R(2,3)           =         2.701713           1.429685
	 R(3,4)           =         2.628752           1.391076
	 R(3,15)          =         2.728906           1.444075
	 R(4,5)           =         2.661100           1.408193
	 R(4,17)          =         2.050914           1.085297
	 R(5,6)           =         2.595172           1.373306
	 R(5,18)          =         2.052399           1.086083
	 R(6,7)           =         2.683763           1.420186
	 R(6,19)          =         2.054889           1.087400
	 R(7,8)           =         2.687021           1.421910
	 R(7,15)          =         2.710474           1.434321
	 R(8,9)           =         2.592714           1.372005
	 R(8,20)          =         2.055210           1.087570
	 R(9,10)          =         2.668254           1.411979
	 R(9,21)          =         2.052120           1.085935
	 R(10,11)         =         2.613306           1.382902
	 R(10,22)         =         2.051237           1.085468
	 R(11,12)         =         2.834186           1.499787
	 R(11,15)         =         2.708020           1.433022
	 R(12,13)         =         2.287044           1.210251
	 R(12,14)         =         2.557803           1.353531
	 R(14,23)         =         1.845199           0.976437
	 L(1,2,3)         =         3.041288         174.252959
	 l(1,2,3)         =         3.141593         180.000000
	 L(2,1,16)        =         3.114390         178.441381
	 l(2,1,16)        =         3.141593         180.000000
	 B(2,3,4)         =         2.037873         116.761514
	 B(2,3,15)        =         2.154018         123.416162
	 B(3,4,5)         =         2.126157         121.819842
	 B(3,4,17)        =         2.067616         118.465692
	 B(3,15,7)        =         2.052104         117.576890
	 B(3,15,11)       =         2.181289         124.978633
	 B(4,3,15)        =         2.086574         119.551882
	 B(4,5,6)         =         2.088350         119.653650
	 B(4,5,18)        =         2.084976         119.460323
	 B(5,4,17)        =         2.088899         119.685093
	 B(5,6,7)         =         2.108616         120.814815
	 B(5,6,19)        =         2.109907         120.888789
	 B(6,5,18)        =         2.109059         120.840152
	 B(6,7,8)         =         2.090013         119.748908
	 B(6,7,15)        =         2.098437         120.231598
	 B(7,6,19)        =         2.064613         118.293594
	 B(7,8,9)         =         2.111900         121.002976
	 B(7,8,20)        =         2.061632         118.122833
	 B(7,15,11)       =         2.048586         117.375321
	 B(8,7,15)        =         2.094625         120.013154
	 B(8,9,10)        =         2.083857         119.396189
	 B(8,9,21)        =         2.111535         120.982017
	 B(9,8,20)        =         2.109500         120.865431
	 B(9,10,11)       =         2.119093         121.415076
	 B(9,10,22)       =         2.088321         119.651996
	 B(10,9,21)       =         2.087356         119.596717
	 B(10,11,12)      =         1.996625         114.398207
	 B(10,11,15)      =         2.102021         120.436916
	 B(11,10,22)      =         2.074854         118.880389
	 B(11,12,13)      =         2.188503         125.391991
	 B(11,12,14)      =         1.944918         111.435591
	 B(12,11,15)      =         2.180913         124.957139
	 B(12,14,23)      =         1.856315         106.359000
	 B(13,12,14)      =         2.145074         122.903696
	 D(2,3,4,5)       =         3.005567         172.206302
	 D(2,3,4,17)      =        -0.101494          -5.815167
	 D(2,3,15,7)      =        -2.924973        -167.588604
	 D(2,3,15,11)     =         0.162293           9.298713
	 D(3,4,5,6)       =        -0.044298          -2.538116
	 D(3,4,5,18)      =        -3.143266        -180.095879
	 D(3,15,7,6)      =        -0.107368          -6.151722
	 D(3,15,7,8)      =         3.018200         172.930129
	 D(3,15,11,10)    =        -2.965167        -169.891541
	 D(3,15,11,12)    =         0.273096          15.647241
	 D(4,3,15,7)      =         0.108889           6.238872
	 D(4,3,15,11)     =        -3.087030        -176.873810
	 D(4,5,6,7)       =         0.046209           2.647602
	 D(4,5,6,19)      =        -3.084573        -176.733028
	 D(5,4,3,15)      =        -0.035341          -2.024895
	 D(5,6,7,8)       =        -3.094506        -177.302121
	 D(5,6,7,15)      =         0.031105           1.782160
	 D(6,5,4,17)      =         3.062351         175.459790
	 D(6,7,8,9)       =         3.110752         178.232941
	 D(6,7,8,20)      =        -0.012208          -0.699481
	 D(6,7,15,11)     =         3.084348         176.720125
	 D(7,6,5,18)      =         3.144576         180.170939
	 D(7,8,9,10)      =         0.056424           3.232848
	 D(7,8,9,21)      =        -3.117090        -178.596108
	 D(7,15,11,10)    =         0.122199           7.001471
	 D(7,15,11,12)    =        -2.922724        -167.459747
	 D(8,7,6,19)      =         0.036551           2.094241
	 D(8,7,15,11)     =        -0.073269          -4.198024
	 D(8,9,10,11)     =        -0.006674          -0.382376
	 D(8,9,10,22)     =         3.088389         176.951644
	 D(9,8,7,15)      =        -0.014894          -0.853363
	 D(9,10,11,12)    =         2.969758         170.154578
	 D(9,10,11,15)    =        -0.084863          -4.862278
	 D(10,9,8,20)     =        -3.104313        -177.864041
	 D(10,11,12,13)   =         0.893382          51.187045
	 D(10,11,12,14)   =        -2.146369        -122.977858
	 D(11,10,9,21)    =        -3.116793        -178.579077
	 D(11,12,14,23)   =         3.163650         181.263774
	 D(12,11,10,22)   =        -0.125655          -7.199501
	 D(13,12,11,15)   =        -2.339716        -134.055859
	 D(13,12,14,23)   =         0.120932           6.928895
	 D(14,12,11,15)   =         0.903718          51.779238
	 D(15,3,4,17)     =         3.140783         179.953636
	 D(15,7,6,19)     =        -3.121024        -178.821477
	 D(15,7,8,20)     =        -3.137854        -179.785785
	 D(15,11,10,22)   =         3.102910         177.783643
	 D(17,4,5,18)     =        -0.036617          -2.097974
	 D(18,5,6,19)     =         0.013793           0.790309
	 D(20,8,9,21)     =         0.005358           0.307002
	 D(21,9,10,22)    =        -0.021730          -1.245058
	 D(4,3,1,16)      =        -0.817143         -46.818846
	 D(15,3,1,16)     =         2.198326         125.954782


	        --- Internal Coordinate Step in ANG or DEG, aJ/ANG or AJ/DEG ---
	-------------------------------------------------------------------------------
	           Coordinate      Previous         Force          Change          New 
	           ----------      --------        ------          ------        ------
	               R(1,2)       1.20988        0.00911        0.00054       1.21042
	              R(1,16)       1.06628        0.00023       -0.00001       1.06627
	               R(2,3)       1.42816        0.00829        0.00153       1.42968
	               R(3,4)       1.39075        0.00433        0.00032       1.39108
	              R(3,15)       1.44510       -0.00931       -0.00103       1.44407
	               R(4,5)       1.40762        0.00079        0.00057       1.40819
	              R(4,17)       1.08553       -0.00171       -0.00024       1.08530
	               R(5,6)       1.37248        0.00901        0.00082       1.37331
	              R(5,18)       1.08605        0.00015        0.00003       1.08608
	               R(6,7)       1.42043       -0.00222       -0.00024       1.42019
	              R(6,19)       1.08738       -0.00111        0.00002       1.08740
	               R(7,8)       1.42204       -0.00551       -0.00013       1.42191
	              R(7,15)       1.43392        0.01863        0.00040       1.43432
	               R(8,9)       1.37105        0.01080        0.00095       1.37201
	              R(8,20)       1.08759       -0.00159       -0.00002       1.08757
	              R(9,10)       1.41178       -0.00409        0.00020       1.41198
	              R(9,21)       1.08590        0.00024        0.00003       1.08594
	             R(10,11)       1.38175        0.00643        0.00115       1.38290
	             R(10,22)       1.08622       -0.00351       -0.00075       1.08547
	             R(11,12)       1.50336       -0.00875       -0.00358       1.49979
	             R(11,15)       1.43211        0.00243        0.00092       1.43302
	             R(12,13)       1.20861        0.03287        0.00164       1.21025
	             R(12,14)       1.35341        0.00991        0.00012       1.35353
	             R(14,23)       0.97590        0.00290        0.00054       0.97644
	             L(1,2,3)     174.85694       -0.00005       -0.60372     174.25323
	             l(1,2,3)     180.00000       -0.00003        0.04699     180.04699
	            L(2,1,16)     178.67859        0.00017       -0.14554     178.53306
	            l(2,1,16)     180.00000       -0.00005       -0.52874     179.47126
	             B(2,3,4)     116.93002       -0.00009       -0.16851     116.76151
	            B(2,3,15)     123.25840        0.00008        0.15776     123.41616
	             B(3,4,5)     121.73411        0.00003        0.08573     121.81984
	            B(3,4,17)     118.48506       -0.00003       -0.01937     118.46569
	            B(3,15,7)     117.66900       -0.00004       -0.09211     117.57689
	           B(3,15,11)     124.83115        0.00007        0.14748     124.97863
	            B(4,3,15)     119.67289        0.00001       -0.12101     119.55188
	             B(4,5,6)     119.66782       -0.00000       -0.01417     119.65365
	            B(4,5,18)     119.35819        0.00005        0.10213     119.46032
	            B(5,4,17)     119.76591       -0.00000       -0.08081     119.68509
	             B(5,6,7)     121.02276       -0.00005       -0.20795     120.81481
	            B(5,6,19)     121.04469       -0.00005       -0.15590     120.88879
	            B(6,5,18)     120.95305       -0.00004       -0.11290     120.84015
	             B(6,7,8)     120.03028       -0.00008       -0.28137     119.74891
	            B(6,7,15)     120.07888        0.00005        0.15272     120.23160
	            B(7,6,19)     117.93128        0.00010        0.36232     118.29359
	             B(7,8,9)     121.13084       -0.00003       -0.12786     121.00298
	            B(7,8,20)     117.86170        0.00008        0.26114     118.12283
	           B(7,15,11)     117.47315       -0.00003       -0.09783     117.37532
	            B(8,7,15)     119.88905        0.00003        0.12410     120.01315
	            B(8,9,10)     119.39714        0.00002       -0.00095     119.39619
	            B(8,9,21)     121.13307       -0.00006       -0.15105     120.98202
	            B(9,8,20)     121.00428       -0.00005       -0.13884     120.86543
	           B(9,10,11)     121.37073        0.00003        0.04435     121.41508
	           B(9,10,22)     119.36383        0.00007        0.28817     119.65200
	           B(10,9,21)     119.46100        0.00004        0.13571     119.59672
	          B(10,11,12)     114.56365       -0.00005       -0.16545     114.39821
	          B(10,11,15)     120.58062       -0.00002       -0.14370     120.43692
	          B(11,10,22)     119.24657       -0.00010       -0.36618     118.88039
	          B(11,12,13)     125.18083        0.00002        0.21116     125.39199
	          B(11,12,14)     111.08047        0.00013        0.35512     111.43559
	          B(12,11,15)     124.77962        0.00007        0.17752     124.95714
	          B(12,14,23)     105.87803        0.00007        0.48097     106.35900
	          B(13,12,14)     123.40312       -0.00015       -0.49942     122.90370
	           D(2,3,4,5)     174.50992       -0.00002       -2.30362     172.20630
	          D(2,3,4,17)      -4.08078       -0.00001       -1.73439      -5.81517
	          D(2,3,15,7)    -171.44348        0.00005        3.85488    -167.58860
	         D(2,3,15,11)       6.62439        0.00002        2.67432       9.29871
	           D(3,4,5,6)      -1.72181       -0.00001       -0.81630      -2.53812
	          D(3,4,5,18)    -180.07391        0.00001       -0.02197    -180.09588
	          D(3,15,7,6)      -4.02111       -0.00004       -2.13062      -6.15172
	          D(3,15,7,8)     175.49306       -0.00004       -2.56293     172.93013
	        D(3,15,11,10)    -173.40595        0.00006        3.51441    -169.89154
	        D(3,15,11,12)       9.94329        0.00009        5.70395      15.64724
	          D(4,3,15,7)       4.14058        0.00005        2.09829       6.23887
	         D(4,3,15,11)    -177.79155        0.00002        0.91774    -176.87381
	           D(4,5,6,7)       1.85116        0.00001        0.79644       2.64760
	          D(4,5,6,19)    -177.73111        0.00001        0.99808    -176.73303
	          D(5,4,3,15)      -1.34881       -0.00003       -0.67608      -2.02490
	           D(5,6,7,8)    -178.43546        0.00001        1.13334    -177.30212
	          D(5,6,7,15)       1.07801        0.00001        0.70415       1.78216
	          D(6,5,4,17)     176.85122       -0.00002       -1.39143     175.45979
	           D(6,7,8,9)     178.91520       -0.00001       -0.68226     178.23294
	          D(6,7,8,20)      -0.44139       -0.00000       -0.25809      -0.69948
	         D(6,7,15,11)     177.76640       -0.00002       -1.04627     176.72013
	          D(7,6,5,18)     180.17638        0.00000       -0.00544     180.17094
	          D(7,8,9,10)       2.06432        0.00002        1.16853       3.23285
	          D(7,8,9,21)    -179.01996        0.00001        0.42385    -178.59611
	        D(7,15,11,10)       4.66536        0.00004        2.33611       7.00147
	        D(7,15,11,12)    -171.98539        0.00006        4.52565    -167.45975
	          D(8,7,6,19)       1.15945        0.00001        0.93479       2.09424
	         D(8,7,15,11)      -2.71944       -0.00002       -1.47859      -4.19802
	         D(8,9,10,11)      -0.09006       -0.00000       -0.29232      -0.38238
	         D(8,9,10,22)     178.31728       -0.00002       -1.36563     176.95164
	          D(9,8,7,15)      -0.59921       -0.00001       -0.25416      -0.85336
	        D(9,10,11,12)     173.61861       -0.00005       -3.46403     170.15458
	        D(9,10,11,15)      -3.35707       -0.00003       -1.50521      -4.86228
	         D(10,9,8,20)    -178.59933        0.00001        0.73529    -177.86404
	       D(10,11,12,13)      56.16995        0.00003       -4.98291      51.18704
	       D(10,11,12,14)    -117.34495        0.00003       -5.63291    -122.97786
	        D(11,10,9,21)    -179.02412        0.00001        0.44505    -178.57908
	       D(11,12,14,23)     180.26679        0.00002        0.99699     181.26377
	       D(12,11,10,22)      -4.79056       -0.00003       -2.40894      -7.19950
	       D(13,12,11,15)    -127.00019        0.00000       -7.05567    -134.05586
	       D(13,12,14,23)       6.61553        0.00001        0.31336       6.92890
	       D(14,12,11,15)      59.48492        0.00001       -7.70568      51.77924
	         D(15,3,4,17)     180.06049       -0.00002       -0.10685     179.95364
	         D(15,7,6,19)    -179.32707        0.00001        0.50560    -178.82148
	         D(15,7,8,20)    -179.95579        0.00000        0.17001    -179.78579
	       D(15,11,10,22)     178.23376       -0.00001       -0.45012     177.78364
	         D(17,4,5,18)      -1.50088       -0.00001       -0.59709      -2.09797
	         D(18,5,6,19)       0.59411        0.00000        0.19620       0.79031
	         D(20,8,9,21)       0.31640       -0.00000       -0.00940       0.30700
	        D(21,9,10,22)      -0.61679       -0.00001       -0.62827      -1.24506
	          D(4,3,1,16)     -47.10945        0.00010        0.29060     -46.81885
	         D(15,3,1,16)     127.56627       -0.00010       -1.61149     125.95478
	-------------------------------------------------------------------------------
Next Geometry in Ang 
	Fragment 1 (Ang)

	    C   2.8073710487  -2.1734049155  -1.0204363006
	    C   1.6780481168  -1.7645962073  -0.6977137469
	    C   0.3310258976  -1.3340906929  -0.3817415765
	    C  -0.8839969676  -2.1697533502  -0.5089023409
	    C  -2.2177634760  -1.8419078793  -0.2135362496
	    C  -2.5519556164  -0.5909755952   0.2125455178
	    C  -1.5654875006   0.3170475737   0.3394940175
	    C  -1.9216058171   1.6238721456   0.7975829936
	    C  -0.9524793757   2.5678947914   1.0801876501
	    C   0.4096428773   2.2315629416   0.8633777977
	    C   0.7523581910   1.0024942547   0.3278137014
	    C   2.1755779212   0.8343646884  -0.1352199279
	    O   3.1965017626   1.0753243029   0.5330257819
	    O   2.2720362113   0.4814673121  -1.4412219495
	    C  -0.1797382123  -0.0078083790   0.0520441223
	    H   3.6857186433  -2.8080024271  -1.0439076788
	    H  -0.6944024056  -3.2207076818  -0.7344761746
	    H  -2.9846015801  -2.6030275815  -0.3380620581
	    H  -3.5839589789  -0.3362491936   0.4434083402
	    H  -2.9735537853   1.8304095788   0.9877420449
	    H  -1.2184146438   3.5528112197   1.4603191288
	    H   1.1898267626   2.9641494526   1.0491542798
	    H   3.2298509372   0.3691256520  -1.6314773525


    Structure for next step:
    Molecular point group: c1
    Full point group: C1

    Geometry (in Angstrom), charge = 0, multiplicity = 1:

    C            2.807371048738    -2.173404915536    -1.020436300578
    C            1.678048116752    -1.764596207334    -0.697713746924
    C            0.331025897553    -1.334090692930    -0.381741576503
    C           -0.883996967633    -2.169753350183    -0.508902340946
    C           -2.217763476018    -1.841907879317    -0.213536249609
    C           -2.551955616411    -0.590975595235     0.212545517779
    C           -1.565487500613     0.317047573724     0.339494017477
    C           -1.921605817066     1.623872145585     0.797582993587
    C           -0.952479375705     2.567894791435     1.080187650094
    C            0.409642877275     2.231562941559     0.863377797746
    C            0.752358190953     1.002494254717     0.327813701387
    C            2.175577921177     0.834364688434    -0.135219927902
    O            3.196501762629     1.075324302939     0.533025781919
    O            2.272036211265     0.481467312115    -1.441221949510
    C           -0.179738212308    -0.007808378977     0.052044122281
    H            3.685718643342    -2.808002427104    -1.043907678833
    H           -0.694402405634    -3.220707681820    -0.734476174556
    H           -2.984601580071    -2.603027581452    -0.338062058149
    H           -3.583958978893    -0.336249193621     0.443408340242
    H           -2.973553785338     1.830409578805     0.987742044924
    H           -1.218414643823     3.552811219662     1.460319128775
    H            1.189826762626     2.964149452556     1.049154279841
    H            3.229850937205     0.369125651979    -1.631477352541


Scratch directory: /tmp/
gradient() will perform analytic gradient computation.
   => Libint2 <=

    Primary   basis highest AM E, G, H:  7, 6, 3
    Auxiliary basis highest AM E, G, H:  7, 7, 4
    Onebody   basis highest AM E, G, H:  -, -, -
    Solid Harmonics ordering:            Gaussian

*** tstart() called on ubuntu-32gb-hel1-14
*** at Tue Sep 29 23:04:26 2026

   => Loading Basis Set <=

    Name: 6-31G*
    Role: ORBITAL
    Keyword: BASIS
    atoms 1-12, 15 entry C          line   111 file /root/miniforge3/envs/qc/share/psi4/basis/6-31gs.gbs 
    atoms 13-14    entry O          line   145 file /root/miniforge3/envs/qc/share/psi4/basis/6-31gs.gbs 
    atoms 16-23    entry H          line    44 file /root/miniforge3/envs/qc/share/psi4/basis/6-31gs.gbs 


         ---------------------------------------------------------
                                   SCF
               by Justin Turney, Rob Parrish, Andy Simmonett
                          and Daniel G. A. Smith
                              RKS Reference
                       16 Threads,  22888 MiB Core
         ---------------------------------------------------------

  ==> Geometry <==

    Molecular point group: c1
    Full point group: C1

    Geometry (in Angstrom), charge = 0, multiplicity = 1:

       Center              X                  Y                   Z               Mass       
    ------------   -----------------  -----------------  -----------------  -----------------
         C            2.807371048738    -2.173404915536    -1.020436300578    12.000000000000
         C            1.678048116752    -1.764596207334    -0.697713746924    12.000000000000
         C            0.331025897553    -1.334090692930    -0.381741576503    12.000000000000
         C           -0.883996967633    -2.169753350183    -0.508902340946    12.000000000000
         C           -2.217763476018    -1.841907879317    -0.213536249609    12.000000000000
         C           -2.551955616411    -0.590975595235     0.212545517779    12.000000000000
         C           -1.565487500613     0.317047573724     0.339494017477    12.000000000000
         C           -1.921605817066     1.623872145585     0.797582993587    12.000000000000
         C           -0.952479375705     2.567894791435     1.080187650094    12.000000000000
         C            0.409642877275     2.231562941559     0.863377797746    12.000000000000
         C            0.752358190953     1.002494254717     0.327813701387    12.000000000000
         C            2.175577921177     0.834364688434    -0.135219927902    12.000000000000
         O            3.196501762629     1.075324302939     0.533025781919    15.994914619570
         O            2.272036211265     0.481467312115    -1.441221949510    15.994914619570
         C           -0.179738212308    -0.007808378977     0.052044122281    12.000000000000
         H            3.685718643342    -2.808002427104    -1.043907678833     1.007825032230
         H           -0.694402405634    -3.220707681820    -0.734476174556     1.007825032230
         H           -2.984601580071    -2.603027581452    -0.338062058149     1.007825032230
         H           -3.583958978893    -0.336249193621     0.443408340242     1.007825032230
         H           -2.973553785338     1.830409578805     0.987742044924     1.007825032230
         H           -1.218414643823     3.552811219662     1.460319128775     1.007825032230
         H            1.189826762626     2.964149452556     1.049154279841     1.007825032230
         H            3.229850937205     0.369125651979    -1.631477352541     1.007825032230

  Running in c1 symmetry.

  Rotational constants: A =      0.02988  B =      0.02150  C =      0.01311 [cm^-1]
  Rotational constants: A =    895.84574  B =    644.41575  C =    392.91737 [MHz]
  Nuclear repulsion =  893.043664151582561

  Charge       = 0
  Multiplicity = 1
  Electrons    = 102
  Nalpha       = 51
  Nbeta        = 51

  ==> Algorithm <==

  SCF Algorithm Type is DF.
  DIIS enabled.
  MOM disabled.
  Fractional occupation disabled.
  Guess Type is READ.
  Energy threshold   = 1.00e-08
  Density threshold  = 1.00e-08
  Integral threshold = 1.00e-12

  ==> Primary Basis <==

  Basis Set: 6-31G*
    Blend: 6-31G*
    Number of shells: 106
    Number of basis functions: 241
    Number of Cartesian functions: 241
    Spherical Harmonics?: false
    Max angular momentum: 2

  ==> DFT Potential <==

   => LibXC <=

    Version 7.1.2
    S. Lehtola, C. Steigemann, M. J. T. Oliveira, and M. A. L. Marques,  SoftwareX 7, 1–5 (2018) (10.1016/j.softx.2017.11.002)

   => Composite Functional: B3LYP <= 

    B3LYP Hyb-GGA Exchange-Correlation Functional

    P. J. Stephens, F. J. Devlin, C. F. Chabalowski, and M. J. Frisch,  J. Phys. Chem. 98, 11623 (1994) (10.1021/j100096a001)

    Deriv               =              1
    GGA                 =           TRUE
    Meta                =          FALSE

    Exchange Hybrid     =           TRUE
    MP2 Hybrid          =          FALSE

   => Exchange Functionals <=

    0.0800   Slater exchange
    0.7200         Becke 88

   => Exact (HF) Exchange <=

    0.2000               HF 

   => Correlation Functionals <=

    0.1900   Vosko, Wilk & Nusair (VWN5_RPA)
    0.8100   Lee, Yang & Parr

   => LibXC Density Thresholds  <==

    XC_HYB_GGA_XC_B3LYP:  1.00E-15 

   => Molecular Quadrature <=

    Radial Scheme          =       TREUTLER
    Pruning Scheme         =           NONE
    Nuclear Scheme         =       TREUTLER

    Blocking Scheme        =         OCTREE
    BS radius alpha        =              1
    Pruning alpha          =              1
    Radial Points          =             75
    Spherical Points       =            302
    Total Points           =         473495
    Total Blocks           =           3462
    Max Points             =            256
    Max Functions          =            226
    Weights Tolerance      =       1.00E-15

   => Loading Basis Set <=

    Name: (6-31G* AUX)
    Role: JKFIT
    Keyword: DF_BASIS_SCF
    atoms 1-12, 15 entry C          line   121 file /root/miniforge3/envs/qc/share/psi4/basis/cc-pvdz-jkfit.gbs 
    atoms 13-14    entry O          line   221 file /root/miniforge3/envs/qc/share/psi4/basis/cc-pvdz-jkfit.gbs 
    atoms 16-23    entry H          line    51 file /root/miniforge3/envs/qc/share/psi4/basis/cc-pvdz-jkfit.gbs 

   => Loading Basis Set <=

    Name: 6-31G*
    Role: ORBITAL
    Keyword: BASIS
    atoms 1-12, 15 entry C          line   111 file /root/miniforge3/envs/qc/share/psi4/basis/6-31gs.gbs 
    atoms 13-14    entry O          line   145 file /root/miniforge3/envs/qc/share/psi4/basis/6-31gs.gbs 
    atoms 16-23    entry H          line    44 file /root/miniforge3/envs/qc/share/psi4/basis/6-31gs.gbs 

  Reading orbitals from file /tmp/psi4.default.2140910.180.npy, no projection.

  ==> Integral Setup <==

  DFHelper Memory: AOs need 0.580 GiB; user supplied 14.814 GiB. 
  SCF_SUBTYPE=INCORE selected. In-core MEM_DF algorithm will be used.
  Using in-core AOs.

  ==> MemDFJK: Density-Fitted J/K Matrices <==

    J tasked:                   Yes
    K tasked:                   Yes
    wK tasked:                   No
    OpenMP threads:              16
    Memory [MiB]:             15169
    Algorithm:                 Core
    Schwarz Cutoff:           1E-12
    Mask sparsity (%):      10.9950
    Fitting Condition:        1E-10

   => Auxiliary Basis Set <=

  Basis Set: (6-31G* AUX)
    Blend: CC-PVDZ-JKFIT
    Number of shells: 432
    Number of basis functions: 1415
    Number of Cartesian functions: 1415
    Spherical Harmonics?: false
    Max angular momentum: 3

  Cached 100.0% of DFT collocation blocks in 1.950 [GiB].

  Minimum eigenvalue in the overlap matrix is 2.4562367291E-04.
  Reciprocal condition number of the overlap matrix is 3.0970721381E-05.
    Using symmetric orthogonalization.

  ==> Pre-Iterations <==

  SCF Guess: Orbitals guess was supplied from a previous computation.

   -------------------------------------------------------
    Irrep   Nso     Nmo     Nalpha   Nbeta   Ndocc  Nsocc
   -------------------------------------------------------
     A        241     241      51      51      51       0
   -------------------------------------------------------
    Total     241     241      51      51      51       0
   -------------------------------------------------------

  ==> Iterations <==

                           Total Energy        Delta E     RMS |[F,P]|

   @DF-RKS iter   0:  -650.38338527053133   -6.50383e+02   2.70585e-03 
   @DF-RKS iter   1:  -650.51293244627254   -1.29547e-01   8.84392e-04 DIIS/ADIIS
   @DF-RKS iter   2:  -650.40551151769989    1.07421e-01   1.98919e-03 DIIS/ADIIS
   @DF-RKS iter   3:  -650.53933967704961   -1.33828e-01   3.31679e-04 DIIS/ADIIS
   @DF-RKS iter   4:  -650.54193427525456   -2.59460e-03   1.43303e-04 DIIS/ADIIS
   @DF-RKS iter   5:  -650.54247423275444   -5.39957e-04   4.41016e-05 DIIS
   @DF-RKS iter   6:  -650.54252645919519   -5.22264e-05   1.77728e-05 DIIS
   @DF-RKS iter   7:  -650.54253586452126   -9.40533e-06   3.98001e-06 DIIS
   @DF-RKS iter   8:  -650.54253632033942   -4.55818e-07   1.78062e-06 DIIS
   @DF-RKS iter   9:  -650.54253641930688   -9.89675e-08   4.74043e-07 DIIS
   @DF-RKS iter  10:  -650.54253642450340   -5.19651e-09   2.80404e-07 DIIS
   @DF-RKS iter  11:  -650.54253642635547   -1.85207e-09   8.15740e-08 DIIS
   @DF-RKS iter  12:  -650.54253642653430   -1.78829e-10   2.86694e-08 DIIS
   @DF-RKS iter  13:  -650.54253642655897   -2.46700e-11   1.09220e-08 DIIS
   @DF-RKS iter  14:  -650.54253642656272   -3.75167e-12   4.54485e-09 DIIS
  Energy and wave function converged.


  ==> Post-Iterations <==

   Electrons on quadrature grid:
      Ntotal   =  101.9999572065 ; deviation = -4.279e-05 

    Orbital Energies [Eh]
    ---------------------

    Doubly Occupied:                                                      

       1A    -19.185950     2A    -19.127869     3A    -10.317477  
       4A    -10.244923     5A    -10.224961     6A    -10.215733  
       7A    -10.215436     8A    -10.211102     9A    -10.210035  
      10A    -10.208021    11A    -10.207383    12A    -10.204752  
      13A    -10.203211    14A    -10.200613    15A    -10.199541  
      16A     -1.091289    17A     -0.990279    18A     -0.891602  
      19A     -0.834644    20A     -0.809589    21A     -0.762187  
      22A     -0.751059    23A     -0.725157    24A     -0.660769  
      25A     -0.647471    26A     -0.624805    27A     -0.594106  
      28A     -0.554408    29A     -0.521481    30A     -0.516907  
      31A     -0.504476    32A     -0.489141    33A     -0.471350  
      34A     -0.463956    35A     -0.459338    36A     -0.427502  
      37A     -0.416001    38A     -0.405426    39A     -0.403657  
      40A     -0.396224    41A     -0.391331    42A     -0.360792  
      43A     -0.345245    44A     -0.338563    45A     -0.331676  
      46A     -0.301881    47A     -0.278650    48A     -0.262019  
      49A     -0.259443    50A     -0.253780    51A     -0.218704  

    Virtual:                                                              

      52A     -0.071845    53A     -0.028284    54A     -0.019471  
      55A      0.007159    56A      0.041828    57A      0.063040  
      58A      0.086989    59A      0.097019    60A      0.100485  
      61A      0.105732    62A      0.128888    63A      0.138794  
      64A      0.167801    65A      0.168470    66A      0.183285  
      67A      0.197017    68A      0.211251    69A      0.238486  
      70A      0.249682    71A      0.272544    72A      0.284914  
      73A      0.298583    74A      0.310628    75A      0.324422  
      76A      0.343366    77A      0.380749    78A      0.394504  
      79A      0.423883    80A      0.453491    81A      0.475612  
      82A      0.485948    83A      0.495902    84A      0.512313  
      85A      0.523926    86A      0.531559    87A      0.535082  
      88A      0.537362    89A      0.556910    90A      0.563000  
      91A      0.571926    92A      0.586635    93A      0.588339  
      94A      0.589249    95A      0.598265    96A      0.609607  
      97A      0.611531    98A      0.621674    99A      0.624347  
     100A      0.633575   101A      0.650070   102A      0.655062  
     103A      0.663965   104A      0.677843   105A      0.694327  
     106A      0.730297   107A      0.739498   108A      0.753823  
     109A      0.785240   110A      0.795477   111A      0.805311  
     112A      0.821094   113A      0.823108   114A      0.841410  
     115A      0.850872   116A      0.860449   117A      0.871047  
     118A      0.879160   119A      0.884180   120A      0.901912  
     121A      0.916062   122A      0.928882   123A      0.946299  
     124A      0.956635   125A      0.985024   126A      1.007962  
     127A      1.021759   128A      1.037521   129A      1.055023  
     130A      1.057462   131A      1.068537   132A      1.073749  
     133A      1.104180   134A      1.121896   135A      1.137621  
     136A      1.151666   137A      1.174390   138A      1.201754  
     139A      1.213824   140A      1.227684   141A      1.239842  
     142A      1.252999   143A      1.293724   144A      1.308214  
     145A      1.358736   146A      1.363173   147A      1.395254  
     148A      1.397214   149A      1.419849   150A      1.436262  
     151A      1.453305   152A      1.462187   153A      1.475529  
     154A      1.498982   155A      1.512617   156A      1.544124  
     157A      1.552575   158A      1.609227   159A      1.635527  
     160A      1.653713   161A      1.690372   162A      1.703898  
     163A      1.713685   164A      1.749764   165A      1.758540  
     166A      1.765965   167A      1.791007   168A      1.813599  
     169A      1.819654   170A      1.837522   171A      1.850625  
     172A      1.866537   173A      1.886691   174A      1.895420  
     175A      1.916731   176A      1.930904   177A      1.947862  
     178A      1.949413   179A      1.968057   180A      1.985172  
     181A      1.997994   182A      2.005049   183A      2.029948  
     184A      2.052722   185A      2.065859   186A      2.111723  
     187A      2.131062   188A      2.137862   189A      2.170304  
     190A      2.179182   191A      2.199327   192A      2.236419  
     193A      2.238061   194A      2.259650   195A      2.276515  
     196A      2.340665   197A      2.342047   198A      2.356455  
     199A      2.383670   200A      2.416014   201A      2.438708  
     202A      2.455628   203A      2.530502   204A      2.559448  
     205A      2.583314   206A      2.606729   207A      2.631353  
     208A      2.642595   209A      2.652704   210A      2.658680  
     211A      2.703649   212A      2.710275   213A      2.770603  
     214A      2.772464   215A      2.791718   216A      2.831759  
     217A      2.861645   218A      2.872063   219A      2.952892  
     220A      2.983655   221A      3.035889   222A      3.072655  
     223A      3.113003   224A      3.277501   225A      3.420673  
     226A      3.439933   227A      3.879498   228A      4.010189  
     229A      4.072842   230A      4.090804   231A      4.105110  
     232A      4.132937   233A      4.153688   234A      4.192485  
     235A      4.239605   236A      4.326441   237A      4.373485  
     238A      4.430440   239A      4.534485   240A      4.665366  
     241A      4.874500  

    Final Occupation by Irrep:
              A 
    DOCC [    51 ]
    NA   [    51 ]
    NB   [    51 ]

  @DF-RKS Final Energy:  -650.54253642656272

   => Energetics <=

    Nuclear Repulsion Energy =            893.0436641515825613
    One-Electron Energy =               -2654.6534119539746825
    Two-Electron Energy =                1184.3095392323771193
    DFT Exchange-Correlation Energy =     -73.2423278565477887
    Empirical Dispersion Energy =           0.0000000000000000
    VV10 Nonlocal Energy =                  0.0000000000000000
    Total Energy =                       -650.5425364265628332

Computation Completed


Properties will be evaluated at   0.000000,   0.000000,   0.000000 [a0]

Properties computed using the SCF density matrix


 Multipole Moments:

 ------------------------------------------------------------------------------------
     Multipole            Electronic (a.u.)      Nuclear  (a.u.)        Total (a.u.)
 ------------------------------------------------------------------------------------

 L = 1.  Multiply by 2.5417464519 to convert [e a0] to [Debye]
 Dipole X            :        -53.3365635           52.3165977           -1.0199657
 Dipole Y            :         -8.5023372            8.2600651           -0.2422722
 Dipole Z            :          5.0044418           -5.2532399           -0.2487982
 Magnitude           :                                                    1.0774630

 ------------------------------------------------------------------------------------

*** tstop() called on ubuntu-32gb-hel1-14 at Tue Sep 29 23:04:35 2026
Module time:
	user time   =     122.21 seconds =       2.04 minutes
	system time =       4.49 seconds =       0.07 minutes
	total time  =          9 seconds =       0.15 minutes
Total time:
	user time   =    1184.30 seconds =      19.74 minutes
	system time =      51.46 seconds =       0.86 minutes
	total time  =         83 seconds =       1.38 minutes

*** tstart() called on ubuntu-32gb-hel1-14
*** at Tue Sep 29 23:04:35 2026


         ------------------------------------------------------------
                                   SCF GRAD                          
                          Rob Parrish, Justin Turney,                
                       Andy Simmonett, and Alex Sokolov              
         ------------------------------------------------------------

  ==> Geometry <==

    Molecular point group: c1
    Full point group: C1

    Geometry (in Angstrom), charge = 0, multiplicity = 1:

       Center              X                  Y                   Z               Mass       
    ------------   -----------------  -----------------  -----------------  -----------------
         C            2.807371048738    -2.173404915536    -1.020436300578    12.000000000000
         C            1.678048116752    -1.764596207334    -0.697713746924    12.000000000000
         C            0.331025897553    -1.334090692930    -0.381741576503    12.000000000000
         C           -0.883996967633    -2.169753350183    -0.508902340946    12.000000000000
         C           -2.217763476018    -1.841907879317    -0.213536249609    12.000000000000
         C           -2.551955616411    -0.590975595235     0.212545517779    12.000000000000
         C           -1.565487500613     0.317047573724     0.339494017477    12.000000000000
         C           -1.921605817066     1.623872145585     0.797582993587    12.000000000000
         C           -0.952479375705     2.567894791435     1.080187650094    12.000000000000
         C            0.409642877275     2.231562941559     0.863377797746    12.000000000000
         C            0.752358190953     1.002494254717     0.327813701387    12.000000000000
         C            2.175577921177     0.834364688434    -0.135219927902    12.000000000000
         O            3.196501762629     1.075324302939     0.533025781919    15.994914619570
         O            2.272036211265     0.481467312115    -1.441221949510    15.994914619570
         C           -0.179738212308    -0.007808378977     0.052044122281    12.000000000000
         H            3.685718643342    -2.808002427104    -1.043907678833     1.007825032230
         H           -0.694402405634    -3.220707681820    -0.734476174556     1.007825032230
         H           -2.984601580071    -2.603027581452    -0.338062058149     1.007825032230
         H           -3.583958978893    -0.336249193621     0.443408340242     1.007825032230
         H           -2.973553785338     1.830409578805     0.987742044924     1.007825032230
         H           -1.218414643823     3.552811219662     1.460319128775     1.007825032230
         H            1.189826762626     2.964149452556     1.049154279841     1.007825032230
         H            3.229850937205     0.369125651979    -1.631477352541     1.007825032230

  Nuclear repulsion =  893.043664151582561

  ==> Basis Set <==

  Basis Set: 6-31G*
    Blend: 6-31G*
    Number of shells: 106
    Number of basis functions: 241
    Number of Cartesian functions: 241
    Spherical Harmonics?: false
    Max angular momentum: 2

  ==> DFJKGrad: Density-Fitted SCF Gradients <==

    Gradient:                    1
    J tasked:                  Yes
    K tasked:                  Yes
    wK tasked:                  No
    OpenMP threads:             16
    Integrals threads:          16
    Memory [MiB]:            17166
    Schwarz Cutoff:          1E-12
    Fitting Condition:       1E-10

   => Auxiliary Basis Set <=

  Basis Set: (6-31G* AUX)
    Blend: CC-PVDZ-JKFIT
    Number of shells: 432
    Number of basis functions: 1415
    Number of Cartesian functions: 1415
    Spherical Harmonics?: false
    Max angular momentum: 3

  ==> DFT Potential <==

   => LibXC <=

    Version 7.1.2
    S. Lehtola, C. Steigemann, M. J. T. Oliveira, and M. A. L. Marques,  SoftwareX 7, 1–5 (2018) (10.1016/j.softx.2017.11.002)

   => Composite Functional: B3LYP <= 

    B3LYP Hyb-GGA Exchange-Correlation Functional

    P. J. Stephens, F. J. Devlin, C. F. Chabalowski, and M. J. Frisch,  J. Phys. Chem. 98, 11623 (1994) (10.1021/j100096a001)

    Deriv               =              1
    GGA                 =           TRUE
    Meta                =          FALSE

    Exchange Hybrid     =           TRUE
    MP2 Hybrid          =          FALSE

   => Exchange Functionals <=

    0.0800   Slater exchange
    0.7200         Becke 88

   => Exact (HF) Exchange <=

    0.2000               HF 

   => Correlation Functionals <=

    0.1900   Vosko, Wilk & Nusair (VWN5_RPA)
    0.8100   Lee, Yang & Parr

   => LibXC Density Thresholds  <==

    XC_HYB_GGA_XC_B3LYP:  1.00E-15 

   => Molecular Quadrature <=

    Radial Scheme          =       TREUTLER
    Pruning Scheme         =           NONE
    Nuclear Scheme         =       TREUTLER

    Blocking Scheme        =         OCTREE
    BS radius alpha        =              1
    Pruning alpha          =              1
    Radial Points          =             75
    Spherical Points       =            302
    Total Points           =         473495
    Total Blocks           =           3462
    Max Points             =            256
    Max Functions          =            226
    Weights Tolerance      =       1.00E-15


  -Total Gradient:
     Atom            X                  Y                   Z
    ------   -----------------  -----------------  -----------------
       1        0.044220187417     0.005712391231    -0.022495513320
       2       -0.016036688458     0.024931721925     0.004214449629
       3        0.092681305865    -0.004256404453     0.001124302500
       4       -0.059338216614     0.018327617318    -0.000379021867
       5       -0.007285953148     0.013436257228     0.006834734720
       6        0.038165602222     0.032752023924     0.007572739018
       7       -0.037470882589    -0.040943569426    -0.007392073031
       8       -0.015153641084    -0.005625807390    -0.005884625169
       9       -0.001047526718     0.007048085150     0.001100553384
      10        0.005175439587    -0.003675849178     0.001590681150
      11       -0.022517756078    -0.015668431558     0.009376609685
      12       -0.043721909436    -0.019063069103    -0.019679716934
      13        0.038202432219     0.006636402151     0.018150733804
      14        0.002814212524    -0.022136769152     0.000189576634
      15       -0.027179966005     0.010850948484    -0.000610669806
      16        0.006514364603    -0.010428153236     0.002843535691
      17        0.001087088773    -0.001821228564     0.005450352287
      18       -0.002968207218     0.001420201930    -0.000089452487
      19       -0.000894985656    -0.000573274074     0.000045605650
      20       -0.001455280496     0.000134005988     0.001916846815
      21       -0.000516248896     0.001986546604     0.000574872986
      22       -0.000025376285     0.000937961892    -0.000479062635
      23        0.006762199415     0.000034831432    -0.004016295916


*** tstop() called on ubuntu-32gb-hel1-14 at Tue Sep 29 23:04:37 2026
Module time:
	user time   =      32.66 seconds =       0.54 minutes
	system time =       2.22 seconds =       0.04 minutes
	total time  =          2 seconds =       0.03 minutes
Total time:
	user time   =    1217.00 seconds =      20.28 minutes
	system time =      53.69 seconds =       0.89 minutes
	total time  =         85 seconds =       1.42 minutes

    			-----------------------------------------

    			 OPTKING 3.0: for geometry optimizations 

    			     By R.A. King, Bethel University     

    			        with contributions from          

    			    A.V. Copan, J. Cayton, A. Heide      

    			-----------------------------------------

    
	                            ===> Fragment 1 <== 

	 Z (Atomic Numbers)          Masses                          Geom                  
	       6.000000            12.000000          5.30516241 -4.10714005 -1.92834514   
	       6.000000            12.000000          3.17105137 -3.33460355 -1.31848790   
	       6.000000            12.000000          0.62554829 -2.52106604 -0.72138703   
	       6.000000            12.000000         -1.67051216 -4.10023959 -0.96168605   
	       6.000000            12.000000         -4.19096558 -3.48070144 -0.40352503   
	       6.000000            12.000000         -4.82249720 -1.11678202  0.40165282   
	       6.000000            12.000000         -2.95834263  0.59913308  0.64155071   
	       6.000000            12.000000         -3.63130872  3.06867362  1.50721342   
	       6.000000            12.000000         -1.79992516  4.85261787  2.04125882   
	       6.000000            12.000000          0.77411285  4.21704279  1.63154758   
	       6.000000            12.000000          1.42175093  1.89443958  0.61947812   
	       6.000000            12.000000          4.11124644  1.57672075 -0.25552863   
	       8.000000            15.994915          6.04051289  2.03206843  1.00727275   
	       8.000000            15.994915          4.29352619  0.90984136 -2.72351477   
	       6.000000            12.000000         -0.33965600 -0.01475570  0.09834914   
	       1.000000             1.007825          6.96499881 -5.30635555 -1.97269961   
	       1.000000             1.007825         -1.31223037 -6.08625545 -1.38795882   
	       1.000000             1.007825         -5.64007958 -4.91900923 -0.63884470   
	       1.000000             1.007825         -6.77270091 -0.63541889  0.83792032   
	       1.000000             1.007825         -5.61920227  3.45897280  1.86656195   
	       1.000000             1.007825         -2.30246998  6.71384018  2.75960321   
	       1.000000             1.007825          2.24844672  5.60143066  1.98261425   
	       1.000000             1.007825          6.10353370  0.69754639 -3.08304538   

	 - Coordinate -           - BOHR/RAD -       - ANG/DEG -


	        --- Internal Coordinate Step in ANG or DEG, aJ/ANG or AJ/DEG ---
	-------------------------------------------------------------------------------
	           Coordinate      Previous         Force          Change          New 
	           ----------      --------        ------          ------        ------
	               R(1,2)       1.24364       -0.43275       -0.02691       1.21673
	              R(1,16)       1.08386       -0.09329       -0.01241       1.07146
	               R(2,3)       1.44901       -0.24534       -0.03197       1.41704
	               R(3,4)       1.48013       -0.42208       -0.05913       1.42100
	              R(3,15)       1.48596        0.07815        0.01171       1.49767
	               R(4,5)       1.40487       -0.13538       -0.01720       1.38767
	              R(4,17)       1.09148       -0.00672       -0.00091       1.09057
	               R(5,6)       1.36311        0.10627        0.00948       1.37259
	              R(5,18)       1.08759       -0.00914       -0.00123       1.08636
	               R(6,7)       1.34675        0.53074        0.05067       1.39743
	              R(6,19)       1.08776       -0.00598       -0.00080       1.08696
	               R(7,8)       1.42984       -0.01948       -0.00267       1.42717
	              R(7,15)       1.45205        0.00277        0.00457       1.45662
	               R(8,9)       1.38212       -0.12252       -0.01441       1.36771
	              R(8,20)       1.08877       -0.01455       -0.00197       1.08680
	              R(9,10)       1.41968       -0.11777       -0.01533       1.40435
	              R(9,21)       1.08871       -0.01750       -0.00235       1.08635
	             R(10,11)       1.38380       -0.01163       -0.00125       1.38255
	             R(10,22)       1.08622       -0.00439       -0.00058       1.08565
	             R(11,12)       1.50606       -0.07689       -0.01107       1.49499
	             R(11,15)       1.40199        0.45225        0.05178       1.45376
	             R(12,13)       1.24374       -0.34929       -0.02287       1.22088
	             R(12,14)       1.35628       -0.08333       -0.00787       1.34841
	             R(14,23)       0.98297       -0.06065       -0.00615       0.97681
	             L(1,2,3)     176.76833       -0.00179        1.36861     178.13693
	             l(1,2,3)     180.00000       -0.00003        6.68365     186.68365
	            B(2,1,16)     159.06340        0.00087        2.27777     161.34117
	             B(2,3,4)     125.21424       -0.00591      -11.56903     113.64521
	            B(2,3,15)     130.41854        0.00107        2.60623     133.02476
	             B(3,4,5)     129.01520       -0.00090       -2.35494     126.66026
	            B(3,4,17)     114.75805        0.00050        1.40297     116.16101
	            B(3,15,7)     125.83846       -0.00387       -7.56871     118.26975
	           B(3,15,11)     118.16967        0.00502        9.53515     127.70482
	            B(4,3,15)     104.29039        0.00481        9.03792     113.32831
	             B(4,5,6)     120.83976       -0.00050       -1.29165     119.54811
	            B(4,5,18)     118.81675        0.00002        0.05133     118.86807
	            B(5,4,17)     115.66201        0.00039        0.98973     116.65174
	             B(5,6,7)     117.94541        0.00067        1.91188     119.85729
	            B(5,6,19)     120.92058       -0.00027       -0.79805     120.12253
	            B(6,5,18)     120.34179        0.00048        1.23803     121.57982
	             B(6,7,8)     117.64490       -0.00013       -0.86403     116.78086
	            B(6,7,15)     121.97383       -0.00025        0.17330     122.14713
	            B(7,6,19)     121.13398       -0.00039       -1.11595     120.01802
	             B(7,8,9)     121.00612        0.00065        1.07907     122.08518
	            B(7,8,20)     118.03243       -0.00036       -0.62497     117.40746
	           B(7,15,11)     115.74230       -0.00118       -2.08615     113.65615
	            B(8,7,15)     120.37009        0.00038        0.68253     121.05262
	            B(8,9,10)     118.66711        0.00014       -0.20686     118.46025
	            B(8,9,21)     121.19997       -0.00007        0.09802     121.29799
	            B(9,8,20)     120.81022       -0.00029       -0.46402     120.34620
	           B(9,10,11)     120.47375        0.00054        0.99771     121.47146
	           B(9,10,22)     120.21423       -0.00025       -0.47313     119.74109
	           B(10,9,21)     120.13286       -0.00007        0.09977     120.23263
	          B(10,11,12)     116.88381       -0.00368       -7.65093     109.23288
	          B(10,11,15)     123.47123       -0.00053       -0.56964     122.90159
	          B(11,10,22)     119.16530       -0.00030       -0.59053     118.57477
	          B(11,12,13)     126.07766       -0.00020       -0.59275     125.48492
	          B(11,12,14)     113.09803       -0.00070       -1.67039     111.42765
	          B(12,11,15)     119.16647        0.00419        8.09544     127.26191
	          B(12,14,23)     106.58365       -0.00033       -0.84036     105.74329
	          B(13,12,14)     120.62394        0.00079        1.34518     121.96912
	           D(2,3,4,5)     179.22719       -0.00017       -3.07662     176.15057
	          D(2,3,4,17)       8.31843       -0.00014       -3.51174       4.80669
	          D(2,3,15,7)     179.73280        0.00006        4.76164     184.49444
	         D(2,3,15,11)      -6.27057       -0.00026        3.30673      -2.96384
	           D(3,4,5,6)       2.57705       -0.00004       -1.22952       1.34753
	          D(3,4,5,18)    -177.89567        0.00013       -0.04112    -177.93679
	          D(3,15,7,6)      -1.05547       -0.00056       -2.35471      -3.41017
	          D(3,15,7,8)     177.69893       -0.00049       -2.76292     174.93601
	        D(3,15,11,10)    -173.40365        0.00111        4.77736    -168.62628
	        D(3,15,11,12)      14.78858        0.00154        6.47436      21.26295
	          D(4,3,15,7)       2.85500        0.00080        2.15862       5.01362
	         D(4,3,15,11)     176.85163        0.00048        0.70371     177.55534
	           D(4,5,6,7)       0.05304        0.00028        0.83603       0.88906
	          D(4,5,6,19)    -179.88328        0.00018        1.30621    -178.57708
	          D(5,4,3,15)      -3.68207       -0.00060       -0.58170      -4.26377
	           D(5,6,7,8)    -179.48828       -0.00004        1.36361    -178.12468
	          D(5,6,7,15)      -0.70145        0.00003        0.98974       0.28829
	          D(6,5,4,17)     173.41745       -0.00006       -0.76321     172.65423
	           D(6,7,8,9)     173.49977        0.00010       -0.31887     173.18090
	          D(6,7,8,20)      -2.06542        0.00008       -0.15131      -2.21673
	         D(6,7,15,11)    -175.18053       -0.00058       -1.79217    -176.97270
	          D(7,6,5,18)    -179.46705        0.00011       -0.37958    -179.84663
	          D(7,8,9,10)       2.12722        0.00024        1.28765       3.41487
	          D(7,8,9,21)    -177.96324        0.00005        0.28063    -177.68261
	        D(7,15,11,10)       1.19527        0.00061        3.00867       4.20393
	        D(7,15,11,12)    -170.61250        0.00104        4.70567    -165.90684
	          D(8,7,6,19)       0.44789        0.00006        0.89413       1.34202
	         D(8,7,15,11)       3.57387       -0.00051       -2.20039       1.37348
	         D(8,9,10,11)       2.63219       -0.00007       -0.38292       2.24927
	         D(8,9,10,22)     178.19275       -0.00018       -1.31859     176.87416
	          D(9,8,7,15)      -5.30743        0.00004        0.05682      -5.25062
	        D(9,10,11,12)     167.59066       -0.00017       -2.16743     165.42323
	        D(9,10,11,15)      -4.39017       -0.00034       -1.86282      -6.25300
	         D(10,9,8,20)     177.56920        0.00026        1.11092     178.68012
	       D(10,11,12,13)      52.08131        0.00040        2.33773      54.41904
	       D(10,11,12,14)    -122.76440        0.00161        9.14423    -113.62017
	        D(11,10,9,21)    -177.27835        0.00011        0.61301    -176.66534
	       D(11,12,14,23)    -178.13778       -0.00049       -2.76955    -180.90733
	       D(12,11,10,22)      -8.01609       -0.00006       -1.24644      -9.26253
	       D(13,12,11,15)    -135.57708        0.00020        1.21149    -134.36559
	       D(13,12,14,23)       6.70242        0.00070        3.86408      10.56650
	       D(14,12,11,15)      49.57721        0.00141        8.01799      57.59520
	         D(15,3,4,17)    -174.59082       -0.00057       -1.01682    -175.60765
	         D(15,7,6,19)     179.23472        0.00013        0.52027     179.75499
	         D(15,7,8,20)     179.12737        0.00002        0.22439     179.35176
	       D(15,11,10,22)    -179.99692       -0.00024       -0.94184    -180.93876
	         D(17,4,5,18)      -7.05527        0.00011        0.42519      -6.63008
	         D(18,5,6,19)       0.59663        0.00001        0.09060       0.68723
	         D(20,8,9,21)      -2.52126        0.00008        0.10390      -2.41736
	        D(21,9,10,22)      -1.71779        0.00000       -0.32266      -2.04045
	          D(4,3,1,16)     -50.67969        0.00276        3.52939     -47.15030
	         D(15,3,1,16)     134.39746       -0.00281       -3.79458     130.60287
	-------------------------------------------------------------------------------

	                                 ==> Convergence Check <==                                  
    
	Measures of convergence in internal coordinates in au.
    
	Criteria marked as inactive (o), active & met (*), and active & unmet ( ).

	----------------------------------------------------------------------------------------------~
	   Step    Total Energy     Delta E     Max Force     RMS Force      Max Disp      RMS Disp   ~
	----------------------------------------------------------------------------------------------~
	  Convergence Criteria     1.00e-06 *    3.00e-04 *             o    1.20e-03 *             o~
	----------------------------------------------------------------------------------------------~
	     1    -650.54253643   -6.51e+02      7.77e-02      2.02e-02 o    2.02e-01      5.52e-02 o  ~
	----------------------------------------------------------------------------------------------

Next Geometry in Ang 
	Fragment 1 (Ang)

	    C   2.4848650295  -2.7662870811  -0.8495421392
	    C   1.4921588764  -2.0844226721  -0.6762514765
	    C   0.2678781209  -1.4280641868  -0.3963525306
	    C  -0.8719919123  -2.2654564922  -0.5331359339
	    C  -2.1881959702  -1.9252625162  -0.2547453708
	    C  -2.4825896058  -0.6557313226   0.1760936999
	    C  -1.4602611401   0.2871133390   0.3128089145
	    C  -1.8336751647   1.5737971381   0.8045754665
	    C  -0.9066797269   2.5320087114   1.1097570583
	    C   0.4477089464   2.2561142884   0.8613211128
	    C   0.8471933929   1.0675125057   0.2790168506
	    C   2.2637237169   1.1962775820  -0.1812608210
	    O   3.2071524276   1.5358311541   0.5152956528
	    O   2.3515503040   1.1433917879  -1.5257674247
	    C  -0.0711944861  -0.0257696549   0.0056612268
	    H   3.1893511707  -3.5703680727  -0.7776025686
	    H  -0.6738792670  -3.3153159244  -0.7519961747
	    H  -2.9611494245  -2.6793609585  -0.3733110626
	    H  -3.5071508493  -0.3859648097   0.4189553929
	    H  -2.8879682349   1.7464945356   1.0040188487
	    H  -1.2029402162   3.4940157563   1.5183319068
	    H   1.1960217013   3.0202112596   1.0479062611
	    H   3.3000723214   1.2492356432  -1.7337768693


    Structure for next step:
    Molecular point group: c1
    Full point group: C1

    Geometry (in Angstrom), charge = 0, multiplicity = 1:

    C            2.484865029549    -2.766287081118    -0.849542139153
    C            1.492158876402    -2.084422672149    -0.676251476548
    C            0.267878120887    -1.428064186787    -0.396352530577
    C           -0.871991912300    -2.265456492182    -0.533135933903
    C           -2.188195970247    -1.925262516157    -0.254745370791
    C           -2.482589605762    -0.655731322587     0.176093699924
    C           -1.460261140064     0.287113338976     0.312808914505
    C           -1.833675164726     1.573797138074     0.804575466537
    C           -0.906679726908     2.532008711367     1.109757058252
    C            0.447708946436     2.256114288435     0.861321112797
    C            0.847193392932     1.067512505707     0.279016850637
    C            2.263723716859     1.196277581981    -0.181260820967
    O            3.207152427629     1.535831154141     0.515295652836
    O            2.351550304020     1.143391787920    -1.525767424730
    C           -0.071194486100    -0.025769654907     0.005661226796
    H            3.189351170701    -3.570368072710    -0.777602568593
    H           -0.673879267027    -3.315315924395    -0.751996174654
    H           -2.961149424502    -2.679360958542    -0.373311062635
    H           -3.507150849335    -0.385964809659     0.418955392924
    H           -2.887968234937     1.746494535572     1.004018848721
    H           -1.202940216180     3.494015756279     1.518331906756
    H            1.196021701316     3.020211259560     1.047906261123
    H            3.300072321360     1.249235643181    -1.733776869256


Scratch directory: /tmp/
gradient() will perform analytic gradient computation.
   => Libint2 <=

    Primary   basis highest AM E, G, H:  7, 6, 3
    Auxiliary basis highest AM E, G, H:  7, 7, 4
    Onebody   basis highest AM E, G, H:  -, -, -
    Solid Harmonics ordering:            Gaussian

*** tstart() called on ubuntu-32gb-hel1-14
*** at Tue Sep 29 23:04:38 2026

   => Loading Basis Set <=

    Name: 6-31G*
    Role: ORBITAL
    Keyword: BASIS
    atoms 1-12, 15 entry C          line   111 file /root/miniforge3/envs/qc/share/psi4/basis/6-31gs.gbs 
    atoms 13-14    entry O          line   145 file /root/miniforge3/envs/qc/share/psi4/basis/6-31gs.gbs 
    atoms 16-23    entry H          line    44 file /root/miniforge3/envs/qc/share/psi4/basis/6-31gs.gbs 


         ---------------------------------------------------------
                                   SCF
               by Justin Turney, Rob Parrish, Andy Simmonett
                          and Daniel G. A. Smith
                              RKS Reference
                       16 Threads,  22888 MiB Core
         ---------------------------------------------------------

  ==> Geometry <==

    Molecular point group: c1
    Full point group: C1

    Geometry (in Angstrom), charge = 0, multiplicity = 1:

       Center              X                  Y                   Z               Mass       
    ------------   -----------------  -----------------  -----------------  -----------------
         C            2.484865029549    -2.766287081118    -0.849542139153    12.000000000000
         C            1.492158876402    -2.084422672149    -0.676251476548    12.000000000000
         C            0.267878120887    -1.428064186787    -0.396352530577    12.000000000000
         C           -0.871991912300    -2.265456492182    -0.533135933903    12.000000000000
         C           -2.188195970247    -1.925262516157    -0.254745370791    12.000000000000
         C           -2.482589605762    -0.655731322587     0.176093699924    12.000000000000
         C           -1.460261140064     0.287113338976     0.312808914505    12.000000000000
         C           -1.833675164726     1.573797138074     0.804575466537    12.000000000000
         C           -0.906679726908     2.532008711367     1.109757058252    12.000000000000
         C            0.447708946436     2.256114288435     0.861321112797    12.000000000000
         C            0.847193392932     1.067512505707     0.279016850637    12.000000000000
         C            2.263723716859     1.196277581981    -0.181260820967    12.000000000000
         O            3.207152427629     1.535831154141     0.515295652836    15.994914619570
         O            2.351550304020     1.143391787920    -1.525767424730    15.994914619570
         C           -0.071194486100    -0.025769654907     0.005661226796    12.000000000000
         H            3.189351170701    -3.570368072710    -0.777602568593     1.007825032230
         H           -0.673879267027    -3.315315924395    -0.751996174654     1.007825032230
         H           -2.961149424502    -2.679360958542    -0.373311062635     1.007825032230
         H           -3.507150849335    -0.385964809659     0.418955392924     1.007825032230
         H           -2.887968234937     1.746494535572     1.004018848721     1.007825032230
         H           -1.202940216180     3.494015756279     1.518331906756     1.007825032230
         H            1.196021701316     3.020211259560     1.047906261123     1.007825032230
         H            3.300072321360     1.249235643181    -1.733776869256     1.007825032230

  Running in c1 symmetry.

  Rotational constants: A =      0.02567  B =      0.02151  C =      0.01243 [cm^-1]
  Rotational constants: A =    769.48044  B =    644.95965  C =    372.72933 [MHz]
  Nuclear repulsion =  875.957845719187276

  Charge       = 0
  Multiplicity = 1
  Electrons    = 102
  Nalpha       = 51
  Nbeta        = 51

  ==> Algorithm <==

  SCF Algorithm Type is DF.
  DIIS enabled.
  MOM disabled.
  Fractional occupation disabled.
  Guess Type is READ.
  Energy threshold   = 1.00e-08
  Density threshold  = 1.00e-08
  Integral threshold = 1.00e-12

  ==> Primary Basis <==

  Basis Set: 6-31G*
    Blend: 6-31G*
    Number of shells: 106
    Number of basis functions: 241
    Number of Cartesian functions: 241
    Spherical Harmonics?: false
    Max angular momentum: 2

  ==> DFT Potential <==

   => LibXC <=

    Version 7.1.2
    S. Lehtola, C. Steigemann, M. J. T. Oliveira, and M. A. L. Marques,  SoftwareX 7, 1–5 (2018) (10.1016/j.softx.2017.11.002)

   => Composite Functional: B3LYP <= 

    B3LYP Hyb-GGA Exchange-Correlation Functional

    P. J. Stephens, F. J. Devlin, C. F. Chabalowski, and M. J. Frisch,  J. Phys. Chem. 98, 11623 (1994) (10.1021/j100096a001)

    Deriv               =              1
    GGA                 =           TRUE
    Meta                =          FALSE

    Exchange Hybrid     =           TRUE
    MP2 Hybrid          =          FALSE

   => Exchange Functionals <=

    0.0800   Slater exchange
    0.7200         Becke 88

   => Exact (HF) Exchange <=

    0.2000               HF 

   => Correlation Functionals <=

    0.1900   Vosko, Wilk & Nusair (VWN5_RPA)
    0.8100   Lee, Yang & Parr

   => LibXC Density Thresholds  <==

    XC_HYB_GGA_XC_B3LYP:  1.00E-15 

   => Molecular Quadrature <=

    Radial Scheme          =       TREUTLER
    Pruning Scheme         =           NONE
    Nuclear Scheme         =       TREUTLER

    Blocking Scheme        =         OCTREE
    BS radius alpha        =              1
    Pruning alpha          =              1
    Radial Points          =             75
    Spherical Points       =            302
    Total Points           =         474859
    Total Blocks           =           3475
    Max Points             =            256
    Max Functions          =            223
    Weights Tolerance      =       1.00E-15

   => Loading Basis Set <=

    Name: (6-31G* AUX)
    Role: JKFIT
    Keyword: DF_BASIS_SCF
    atoms 1-12, 15 entry C          line   121 file /root/miniforge3/envs/qc/share/psi4/basis/cc-pvdz-jkfit.gbs 
    atoms 13-14    entry O          line   221 file /root/miniforge3/envs/qc/share/psi4/basis/cc-pvdz-jkfit.gbs 
    atoms 16-23    entry H          line    51 file /root/miniforge3/envs/qc/share/psi4/basis/cc-pvdz-jkfit.gbs 

   => Loading Basis Set <=

    Name: 6-31G*
    Role: ORBITAL
    Keyword: BASIS
    atoms 1-12, 15 entry C          line   111 file /root/miniforge3/envs/qc/share/psi4/basis/6-31gs.gbs 
    atoms 13-14    entry O          line   145 file /root/miniforge3/envs/qc/share/psi4/basis/6-31gs.gbs 
    atoms 16-23    entry H          line    44 file /root/miniforge3/envs/qc/share/psi4/basis/6-31gs.gbs 

  Reading orbitals from file /tmp/psi4.default.2140910.180.npy, no projection.

  ==> Integral Setup <==

  DFHelper Memory: AOs need 0.574 GiB; user supplied 14.872 GiB. 
  SCF_SUBTYPE=INCORE selected. In-core MEM_DF algorithm will be used.
  Using in-core AOs.

  ==> MemDFJK: Density-Fitted J/K Matrices <==

    J tasked:                   Yes
    K tasked:                   Yes
    wK tasked:                   No
    OpenMP threads:              16
    Memory [MiB]:             15228
    Algorithm:                 Core
    Schwarz Cutoff:           1E-12
    Mask sparsity (%):      11.9006
    Fitting Condition:        1E-10

   => Auxiliary Basis Set <=

  Basis Set: (6-31G* AUX)
    Blend: CC-PVDZ-JKFIT
    Number of shells: 432
    Number of basis functions: 1415
    Number of Cartesian functions: 1415
    Spherical Harmonics?: false
    Max angular momentum: 3

  Cached 100.0% of DFT collocation blocks in 1.892 [GiB].

  Minimum eigenvalue in the overlap matrix is 2.5930312290E-04.
  Reciprocal condition number of the overlap matrix is 3.3079104156E-05.
    Using symmetric orthogonalization.

  ==> Pre-Iterations <==

  SCF Guess: Orbitals guess was supplied from a previous computation.

   -------------------------------------------------------
    Irrep   Nso     Nmo     Nalpha   Nbeta   Ndocc  Nsocc
   -------------------------------------------------------
     A        241     241      51      51      51       0
   -------------------------------------------------------
    Total     241     241      51      51      51       0
   -------------------------------------------------------

  ==> Iterations <==

                           Total Energy        Delta E     RMS |[F,P]|

   @DF-RKS iter   0:  -650.61297274497826   -6.50613e+02   3.26796e-03 
   @DF-RKS iter   1:  -650.54342932092413    6.95434e-02   7.87755e-04 DIIS/ADIIS
   @DF-RKS iter   2:  -650.47926787918948    6.41614e-02   1.56641e-03 DIIS/ADIIS
   @DF-RKS iter   3:  -650.56977854955858   -9.05107e-02   2.15132e-04 DIIS/ADIIS
   @DF-RKS iter   4:  -650.57085972141999   -1.08117e-03   1.19140e-04 DIIS/ADIIS
   @DF-RKS iter   5:  -650.57122057728589   -3.60856e-04   5.46400e-05 DIIS
   @DF-RKS iter   6:  -650.57130167880757   -8.11015e-05   1.63148e-05 DIIS
   @DF-RKS iter   7:  -650.57130931649453   -7.63769e-06   5.03974e-06 DIIS
   @DF-RKS iter   8:  -650.57131009418549   -7.77691e-07   1.45156e-06 DIIS
   @DF-RKS iter   9:  -650.57131015097036   -5.67849e-08   6.99758e-07 DIIS
   @DF-RKS iter  10:  -650.57131016359665   -1.26263e-08   2.87039e-07 DIIS
   @DF-RKS iter  11:  -650.57131016566507   -2.06842e-09   9.37164e-08 DIIS
   @DF-RKS iter  12:  -650.57131016587687   -2.11799e-10   3.39945e-08 DIIS
   @DF-RKS iter  13:  -650.57131016590813   -3.12639e-11   1.08547e-08 DIIS
   @DF-RKS iter  14:  -650.57131016591188   -3.75167e-12   5.52119e-09 DIIS
  Energy and wave function converged.


  ==> Post-Iterations <==

   Electrons on quadrature grid:
      Ntotal   =  102.0000481970 ; deviation = 4.820e-05 

    Orbital Energies [Eh]
    ---------------------

    Doubly Occupied:                                                      

       1A    -19.193408     2A    -19.132542     3A    -10.320110  
       4A    -10.236759     5A    -10.234790     6A    -10.216752  
       7A    -10.214753     8A    -10.206501     9A    -10.205439  
      10A    -10.205257    11A    -10.204259    12A    -10.201222  
      13A    -10.200681    14A    -10.200111    15A    -10.191476  
      16A     -1.102282    17A     -1.005961    18A     -0.886021  
      19A     -0.839833    20A     -0.803851    21A     -0.766026  
      22A     -0.754081    23A     -0.725357    24A     -0.662677  
      25A     -0.646978    26A     -0.623418    27A     -0.595159  
      28A     -0.550763    29A     -0.523581    30A     -0.516258  
      31A     -0.506219    32A     -0.485586    33A     -0.475317  
      34A     -0.464807    35A     -0.457929    36A     -0.435396  
      37A     -0.418252    38A     -0.409167    39A     -0.401650  
      40A     -0.399510    41A     -0.385776    42A     -0.357998  
      43A     -0.350956    44A     -0.346930    45A     -0.321574  
      46A     -0.310337    47A     -0.280349    48A     -0.276597  
      49A     -0.262070    50A     -0.257228    51A     -0.217569  

    Virtual:                                                              

      52A     -0.066604    53A     -0.028376    54A     -0.012519  
      55A      0.017548    56A      0.043517    57A      0.068959  
      58A      0.086690    59A      0.087982    60A      0.103461  
      61A      0.110434    62A      0.133761    63A      0.142989  
      64A      0.168218    65A      0.170501    66A      0.184479  
      67A      0.192614    68A      0.221164    69A      0.238543  
      70A      0.248681    71A      0.271637    72A      0.284313  
      73A      0.303832    74A      0.317356    75A      0.330323  
      76A      0.354219    77A      0.367901    78A      0.406993  
      79A      0.427803    80A      0.450610    81A      0.469794  
      82A      0.491253    83A      0.493439    84A      0.498314  
      85A      0.521178    86A      0.528411    87A      0.528583  
      88A      0.538592    89A      0.548629    90A      0.561308  
      91A      0.566876    92A      0.581069    93A      0.586766  
      94A      0.590152    95A      0.598445    96A      0.606208  
      97A      0.611690    98A      0.614718    99A      0.629148  
     100A      0.642690   101A      0.648607   102A      0.653074  
     103A      0.666110   104A      0.682224   105A      0.696576  
     106A      0.716548   107A      0.729891   108A      0.750490  
     109A      0.778249   110A      0.792858   111A      0.801775  
     112A      0.810118   113A      0.820655   114A      0.839973  
     115A      0.840542   116A      0.856716   117A      0.864541  
     118A      0.870851   119A      0.884573   120A      0.886778  
     121A      0.899724   122A      0.928050   123A      0.938013  
     124A      0.955823   125A      0.977558   126A      0.997626  
     127A      0.999867   128A      1.010588   129A      1.053934  
     130A      1.058296   131A      1.069704   132A      1.077016  
     133A      1.102676   134A      1.120800   135A      1.145197  
     136A      1.158495   137A      1.184146   138A      1.194167  
     139A      1.199152   140A      1.212738   141A      1.231176  
     142A      1.254059   143A      1.286540   144A      1.303756  
     145A      1.346448   146A      1.368565   147A      1.374705  
     148A      1.413414   149A      1.417783   150A      1.441345  
     151A      1.459368   152A      1.474962   153A      1.480913  
     154A      1.491304   155A      1.519144   156A      1.547450  
     157A      1.554360   158A      1.562773   159A      1.593801  
     160A      1.603494   161A      1.673992   162A      1.711102  
     163A      1.717786   164A      1.724946   165A      1.739774  
     166A      1.768996   167A      1.783174   168A      1.798961  
     169A      1.818570   170A      1.832993   171A      1.853325  
     172A      1.877947   173A      1.880269   174A      1.897008  
     175A      1.909048   176A      1.912305   177A      1.923198  
     178A      1.931191   179A      1.965538   180A      1.985525  
     181A      1.990986   182A      2.011554   183A      2.031377  
     184A      2.047607   185A      2.103250   186A      2.137389  
     187A      2.148844   188A      2.151726   189A      2.157122  
     190A      2.190016   191A      2.199540   192A      2.225280  
     193A      2.239827   194A      2.252625   195A      2.292548  
     196A      2.326896   197A      2.334826   198A      2.352211  
     199A      2.383143   200A      2.411967   201A      2.452357  
     202A      2.467134   203A      2.544647   204A      2.578698  
     205A      2.598821   206A      2.619524   207A      2.635375  
     208A      2.646239   209A      2.657621   210A      2.670817  
     211A      2.683033   212A      2.735333   213A      2.759036  
     214A      2.793335   215A      2.803786   216A      2.815057  
     217A      2.855393   218A      2.905644   219A      2.915518  
     220A      2.983727   221A      3.022144   222A      3.086143  
     223A      3.166341   224A      3.285769   225A      3.403088  
     226A      3.471126   227A      3.832086   228A      4.024502  
     229A      4.075463   230A      4.085004   231A      4.096799  
     232A      4.117823   233A      4.140586   234A      4.172607  
     235A      4.267434   236A      4.338208   237A      4.351788  
     238A      4.440752   239A      4.527499   240A      4.663632  
     241A      4.891705  

    Final Occupation by Irrep:
              A 
    DOCC [    51 ]
    NA   [    51 ]
    NB   [    51 ]

  @DF-RKS Final Energy:  -650.57131016591188

   => Energetics <=

    Nuclear Repulsion Energy =            875.9578457191872758
    One-Electron Energy =               -2620.4035437491115772
    Two-Electron Energy =                1167.1506627905678215
    DFT Exchange-Correlation Energy =     -73.2762749265554163
    Empirical Dispersion Energy =           0.0000000000000000
    VV10 Nonlocal Energy =                  0.0000000000000000
    Total Energy =                       -650.5713101659117683

Computation Completed


Properties will be evaluated at   0.000000,   0.000000,   0.000000 [a0]

Properties computed using the SCF density matrix


 Multipole Moments:

 ------------------------------------------------------------------------------------
     Multipole            Electronic (a.u.)      Nuclear  (a.u.)        Total (a.u.)
 ------------------------------------------------------------------------------------

 L = 1.  Multiply by 2.5417464519 to convert [e a0] to [Debye]
 Dipole X            :        -55.4930771           54.5292181           -0.9638590
 Dipole Y            :        -14.5342494           14.2933381           -0.2409113
 Dipole Z            :          6.9286593           -7.1499150           -0.2212557
 Magnitude           :                                                    1.0178490

 ------------------------------------------------------------------------------------

*** tstop() called on ubuntu-32gb-hel1-14 at Tue Sep 29 23:04:46 2026
Module time:
	user time   =     120.83 seconds =       2.01 minutes
	system time =       4.60 seconds =       0.08 minutes
	total time  =          8 seconds =       0.13 minutes
Total time:
	user time   =    1342.78 seconds =      22.38 minutes
	system time =      58.34 seconds =       0.97 minutes
	total time  =         94 seconds =       1.57 minutes

*** tstart() called on ubuntu-32gb-hel1-14
*** at Tue Sep 29 23:04:46 2026


         ------------------------------------------------------------
                                   SCF GRAD                          
                          Rob Parrish, Justin Turney,                
                       Andy Simmonett, and Alex Sokolov              
         ------------------------------------------------------------

  ==> Geometry <==

    Molecular point group: c1
    Full point group: C1

    Geometry (in Angstrom), charge = 0, multiplicity = 1:

       Center              X                  Y                   Z               Mass       
    ------------   -----------------  -----------------  -----------------  -----------------
         C            2.484865029549    -2.766287081118    -0.849542139153    12.000000000000
         C            1.492158876402    -2.084422672149    -0.676251476548    12.000000000000
         C            0.267878120887    -1.428064186787    -0.396352530577    12.000000000000
         C           -0.871991912300    -2.265456492182    -0.533135933903    12.000000000000
         C           -2.188195970247    -1.925262516157    -0.254745370791    12.000000000000
         C           -2.482589605762    -0.655731322587     0.176093699924    12.000000000000
         C           -1.460261140064     0.287113338976     0.312808914505    12.000000000000
         C           -1.833675164726     1.573797138074     0.804575466537    12.000000000000
         C           -0.906679726908     2.532008711367     1.109757058252    12.000000000000
         C            0.447708946436     2.256114288435     0.861321112797    12.000000000000
         C            0.847193392932     1.067512505707     0.279016850637    12.000000000000
         C            2.263723716859     1.196277581981    -0.181260820967    12.000000000000
         O            3.207152427629     1.535831154141     0.515295652836    15.994914619570
         O            2.351550304020     1.143391787920    -1.525767424730    15.994914619570
         C           -0.071194486100    -0.025769654907     0.005661226796    12.000000000000
         H            3.189351170701    -3.570368072710    -0.777602568593     1.007825032230
         H           -0.673879267027    -3.315315924395    -0.751996174654     1.007825032230
         H           -2.961149424502    -2.679360958542    -0.373311062635     1.007825032230
         H           -3.507150849335    -0.385964809659     0.418955392924     1.007825032230
         H           -2.887968234937     1.746494535572     1.004018848721     1.007825032230
         H           -1.202940216180     3.494015756279     1.518331906756     1.007825032230
         H            1.196021701316     3.020211259560     1.047906261123     1.007825032230
         H            3.300072321360     1.249235643181    -1.733776869256     1.007825032230

  Nuclear repulsion =  875.957845719187276

  ==> Basis Set <==

  Basis Set: 6-31G*
    Blend: 6-31G*
    Number of shells: 106
    Number of basis functions: 241
    Number of Cartesian functions: 241
    Spherical Harmonics?: false
    Max angular momentum: 2

  ==> DFJKGrad: Density-Fitted SCF Gradients <==

    Gradient:                    1
    J tasked:                  Yes
    K tasked:                  Yes
    wK tasked:                  No
    OpenMP threads:             16
    Integrals threads:          16
    Memory [MiB]:            17166
    Schwarz Cutoff:          1E-12
    Fitting Condition:       1E-10

   => Auxiliary Basis Set <=

  Basis Set: (6-31G* AUX)
    Blend: CC-PVDZ-JKFIT
    Number of shells: 432
    Number of basis functions: 1415
    Number of Cartesian functions: 1415
    Spherical Harmonics?: false
    Max angular momentum: 3

  ==> DFT Potential <==

   => LibXC <=

    Version 7.1.2
    S. Lehtola, C. Steigemann, M. J. T. Oliveira, and M. A. L. Marques,  SoftwareX 7, 1–5 (2018) (10.1016/j.softx.2017.11.002)

   => Composite Functional: B3LYP <= 

    B3LYP Hyb-GGA Exchange-Correlation Functional

    P. J. Stephens, F. J. Devlin, C. F. Chabalowski, and M. J. Frisch,  J. Phys. Chem. 98, 11623 (1994) (10.1021/j100096a001)

    Deriv               =              1
    GGA                 =           TRUE
    Meta                =          FALSE

    Exchange Hybrid     =           TRUE
    MP2 Hybrid          =          FALSE

   => Exchange Functionals <=

    0.0800   Slater exchange
    0.7200         Becke 88

   => Exact (HF) Exchange <=

    0.2000               HF 

   => Correlation Functionals <=

    0.1900   Vosko, Wilk & Nusair (VWN5_RPA)
    0.8100   Lee, Yang & Parr

   => LibXC Density Thresholds  <==

    XC_HYB_GGA_XC_B3LYP:  1.00E-15 

   => Molecular Quadrature <=

    Radial Scheme          =       TREUTLER
    Pruning Scheme         =           NONE
    Nuclear Scheme         =       TREUTLER

    Blocking Scheme        =         OCTREE
    BS radius alpha        =              1
    Pruning alpha          =              1
    Radial Points          =             75
    Spherical Points       =            302
    Total Points           =         474859
    Total Blocks           =           3475
    Max Points             =            256
    Max Functions          =            223
    Weights Tolerance      =       1.00E-15


  -Total Gradient:
     Atom            X                  Y                   Z
    ------   -----------------  -----------------  -----------------
       1        0.009409311814     0.002968792264    -0.005683186436
       2       -0.014822879431    -0.008102615728    -0.007166670556
       3        0.050232433683    -0.025508033746     0.001918886679
       4       -0.029333180299     0.013663753600    -0.003592063112
       5        0.007799412950    -0.003667387530    -0.000296023317
       6        0.009054871385     0.012673012471     0.005327419881
       7       -0.013438243459    -0.009177838138    -0.001468536864
       8       -0.000444117874     0.002617646548    -0.003705601430
       9        0.001556658088    -0.000943125233    -0.001482417182
      10        0.003982119611    -0.001879226112     0.001624103122
      11       -0.002444690237     0.010458807860     0.006713654802
      12       -0.011076381843    -0.005756704901    -0.007206754471
      13        0.008157655085     0.008542979644     0.004995041222
      14       -0.002129519121     0.010749133987     0.005394427296
      15       -0.012684754915     0.005348952321    -0.005128495794
      16       -0.003486511850    -0.006516787710     0.005098020277
      17       -0.000848332730    -0.003223456209     0.004696549798
      18        0.000358443064    -0.000672583824    -0.000817248376
      19       -0.000792689182    -0.001921367502    -0.000373066533
      20        0.000378760086    -0.000331693555     0.001502423095
      21        0.000191782236     0.000547672278    -0.000287234199
      22       -0.000103672607     0.001335447074    -0.000515289413
      23        0.000431647135    -0.001237684712     0.000384221211


*** tstop() called on ubuntu-32gb-hel1-14 at Tue Sep 29 23:04:48 2026
Module time:
	user time   =      33.17 seconds =       0.55 minutes
	system time =       2.16 seconds =       0.04 minutes
	total time  =          2 seconds =       0.03 minutes
Total time:
	user time   =    1375.97 seconds =      22.93 minutes
	system time =      60.50 seconds =       1.01 minutes
	total time  =         96 seconds =       1.60 minutes

    			-----------------------------------------

    			 OPTKING 3.0: for geometry optimizations 

    			     By R.A. King, Bethel University     

    			        with contributions from          

    			    A.V. Copan, J. Cayton, A. Heide      

    			-----------------------------------------

    
	                            ===> Fragment 1 <== 

	 Z (Atomic Numbers)          Masses                          Geom                  
	       6.000000            12.000000          4.69571436 -5.22752497 -1.60540198   
	       6.000000            12.000000          2.81977161 -3.93898798 -1.27793008   
	       6.000000            12.000000          0.50621628 -2.69865020 -0.74899773   
	       6.000000            12.000000         -1.64782590 -4.28109232 -1.00748090   
	       6.000000            12.000000         -4.13509109 -3.63821888 -0.48139898   
	       6.000000            12.000000         -4.69141444 -1.23915261  0.33276887   
	       6.000000            12.000000         -2.75949363  0.54256558  0.59112318   
	       6.000000            12.000000         -3.46514386  2.97404557  1.52042728   
	       6.000000            12.000000         -1.71337637  4.78480301  2.09713691   
	       6.000000            12.000000          0.84604729  4.26343811  1.62766101   
	       6.000000            12.000000          1.60096349  2.01730627  0.52726543   
	       6.000000            12.000000          4.27781785  2.26063700 -0.34253331   
	       8.000000            15.994915          6.06063973  2.90230026  0.97376766   
	       8.000000            15.994915          4.44378604  2.16069733 -2.88328256   
	       6.000000            12.000000         -0.13453808 -0.04869759  0.01069817   
	       1.000000             1.007825          6.02700023 -6.74701782 -1.46945589   
	       1.000000             1.007825         -1.27344726 -6.26503912 -1.42106682   
	       1.000000             1.007825         -5.59576143 -5.06325840 -0.70545567   
	       1.000000             1.007825         -6.62755459 -0.72936778  0.79171095   
	       1.000000             1.007825         -5.45746902  3.30039635  1.89732065   
	       1.000000             1.007825         -2.27322755  6.60273286  2.86923147   
	       1.000000             1.007825          2.26015346  5.70737212  1.98025584   
	       1.000000             1.007825          6.23623288  2.36071323 -3.27636345   

	 - Coordinate -           - BOHR/RAD -       - ANG/DEG -
	 R(1,2)           =         2.299288           1.216731
	 R(1,16)          =         2.024762           1.071458
	 R(2,3)           =         2.677825           1.417044
	 R(3,4)           =         2.685300           1.420999
	 R(3,15)          =         2.830186           1.497670
	 R(4,5)           =         2.622315           1.387669
	 R(4,17)          =         2.060888           1.090575
	 R(5,6)           =         2.593816           1.372589
	 R(5,18)          =         2.052924           1.086361
	 R(6,7)           =         2.640755           1.397427
	 R(6,19)          =         2.054056           1.086960
	 R(7,8)           =         2.696969           1.427175
	 R(7,15)          =         2.752613           1.456620
	 R(8,9)           =         2.584594           1.367708
	 R(8,20)          =         2.053756           1.086801
	 R(9,10)          =         2.653842           1.404353
	 R(9,21)          =         2.052908           1.086352
	 R(10,11)         =         2.612638           1.382548
	 R(10,22)         =         2.051576           1.085647
	 R(11,12)         =         2.825121           1.494990
	 R(11,15)         =         2.747213           1.453763
	 R(12,13)         =         2.307127           1.220879
	 R(12,14)         =         2.548125           1.348410
	 R(14,23)         =         1.845910           0.976814
	 L(1,2,3)         =         3.019863         173.025384
	 l(1,2,3)         =         3.141593         180.000000
	 B(2,1,16)        =         2.815935         161.341174
	 B(2,3,4)         =         1.983483         113.645208
	 B(2,3,15)        =         2.321720         133.024762
	 B(3,4,5)         =         2.210638         126.660256
	 B(3,4,17)        =         2.027392         116.161014
	 B(3,15,7)        =         2.064197         118.269749
	 B(3,15,11)       =         2.228870         127.704822
	 B(4,3,15)        =         1.977952         113.328306
	 B(4,5,6)         =         2.086508         119.548113
	 B(4,5,18)        =         2.074639         118.868072
	 B(5,4,17)        =         2.035957         116.651741
	 B(5,6,7)         =         2.091904         119.857295
	 B(5,6,19)        =         2.096534         120.122526
	 B(6,5,18)        =         2.121968         121.579817
	 B(6,7,8)         =         2.038211         116.780861
	 B(6,7,15)        =         2.131870         122.147129
	 B(7,6,19)        =         2.094710         120.018025
	 B(7,8,9)         =         2.130788         122.085182
	 B(7,8,20)        =         2.049147         117.407464
	 B(7,15,11)       =         1.983674         113.656147
	 B(8,7,15)        =         2.112767         121.052616
	 B(8,9,10)        =         2.067521         118.460245
	 B(8,9,21)        =         2.117049         121.297991
	 B(9,8,20)        =         2.100437         120.346201
	 B(9,10,11)       =         2.120077         121.471462
	 B(9,10,22)       =         2.089876         119.741094
	 B(10,9,21)       =         2.098455         120.232625
	 B(10,11,12)      =         1.906473         109.232880
	 B(10,11,15)      =         2.145037         122.901589
	 B(11,10,22)      =         2.069520         118.574771
	 B(11,12,13)      =         2.190125         125.484917
	 B(11,12,14)      =         1.944779         111.427648
	 B(12,11,15)      =         2.221139         127.261911
	 B(12,14,23)      =         1.845569         105.743288
	 B(13,12,14)      =         2.128763         121.969117
	 D(2,3,4,5)       =         3.074407         176.150568
	 D(2,3,4,17)      =         0.083892           4.806686
	 D(2,3,15,7)      =         3.220035         184.494440
	 D(2,3,15,11)     =        -0.051729          -2.963841
	 D(3,4,5,6)       =         0.023519           1.347529
	 D(3,4,5,18)      =        -3.105583        -177.936790
	 D(3,15,7,6)      =        -0.059519          -3.410174
	 D(3,15,7,8)      =         3.053209         174.936007
	 D(3,15,11,10)    =        -2.943084        -168.626285
	 D(3,15,11,12)    =         0.371108          21.262946
	 D(4,3,15,7)      =         0.087504           5.013621
	 D(4,3,15,11)     =         3.098925         177.555340
	 D(4,5,6,7)       =         0.015517           0.889062
	 D(4,5,6,19)      =        -3.116758        -178.577075
	 D(5,4,3,15)      =        -0.074417          -4.263767
	 D(5,6,7,8)       =        -3.108862        -178.124676
	 D(5,6,7,15)      =         0.005032           0.288292
	 D(6,5,4,17)      =         3.013385         172.654234
	 D(6,7,8,9)       =         3.022577         173.180900
	 D(6,7,8,20)      =        -0.038689          -2.216728
	 D(6,7,15,11)     =        -3.088756        -176.972702
	 D(7,6,5,18)      =        -3.138916        -179.846634
	 D(7,8,9,10)      =         0.059601           3.414868
	 D(7,8,9,21)      =        -3.101147        -177.682606
	 D(7,15,11,10)    =         0.073372           4.203934
	 D(7,15,11,12)    =        -2.895621        -165.906836
	 D(8,7,6,19)      =         0.023423           1.342024
	 D(8,7,15,11)     =         0.023972           1.373479
	 D(8,9,10,11)     =         0.039257           2.249273
	 D(8,9,10,22)     =         3.087036         176.874155
	 D(9,8,7,15)      =        -0.091641          -5.250615
	 D(9,10,11,12)    =         2.887180         165.423232
	 D(9,10,11,15)    =        -0.109135          -6.252999
	 D(10,9,8,20)     =         3.118556         178.680115
	 D(10,11,12,13)   =         0.949791          54.419040
	 D(10,11,12,14)   =        -1.983046        -113.620170
	 D(11,10,9,21)    =        -3.083392        -176.665336
	 D(11,12,14,23)   =        -3.157429        -180.907333
	 D(12,11,10,22)   =        -0.161662          -9.262529
	 D(13,12,11,15)   =        -2.345122        -134.365592
	 D(13,12,14,23)   =         0.184420          10.566498
	 D(14,12,11,15)   =         1.005226          57.595199
	 D(15,3,4,17)     =        -3.064932        -175.607649
	 D(15,7,6,19)     =         3.137316         179.754992
	 D(15,7,8,20)     =         3.130279         179.351757
	 D(15,11,10,22)   =        -3.157977        -180.938760
	 D(17,4,5,18)     =        -0.115717          -6.630084
	 D(18,5,6,19)     =         0.011994           0.687229
	 D(20,8,9,21)     =        -0.042191          -2.417359
	 D(21,9,10,22)    =        -0.035613          -2.040454
	 D(4,3,1,16)      =        -0.822928         -47.150303
	 D(15,3,1,16)     =         2.279450         130.602873


	        --- Internal Coordinate Step in ANG or DEG, aJ/ANG or AJ/DEG ---
	-------------------------------------------------------------------------------
	           Coordinate      Previous         Force          Change          New 
	           ----------      --------        ------          ------        ------
	               R(1,2)       1.21673       -0.05662       -0.01088       1.20585
	              R(1,16)       1.07146       -0.02424       -0.00712       1.06434
	               R(2,3)       1.41704        0.00603       -0.00843       1.40861
	               R(3,4)       1.42100       -0.13788       -0.03749       1.38351
	              R(3,15)       1.49767       -0.34376       -0.05037       1.44730
	               R(4,5)       1.38767        0.10088        0.00801       1.39568
	              R(4,17)       1.09057       -0.01652       -0.00273       1.08784
	               R(5,6)       1.37259        0.05452        0.00869       1.38128
	              R(5,18)       1.08636       -0.00246       -0.00072       1.08564
	               R(6,7)       1.39743        0.14138        0.02721       1.42464
	              R(6,19)       1.08696       -0.00153       -0.00046       1.08650
	               R(7,8)       1.42717       -0.01051       -0.00210       1.42507
	              R(7,15)       1.45662       -0.11961       -0.01740       1.43922
	               R(8,9)       1.36771        0.04371        0.00155       1.36925
	              R(8,20)       1.08680        0.00120       -0.00039       1.08641
	              R(9,10)       1.40435        0.06224        0.00433       1.40868
	              R(9,21)       1.08635       -0.00269       -0.00108       1.08527
	             R(10,11)       1.38255        0.02465        0.00237       1.38492
	             R(10,22)       1.08565       -0.00645       -0.00112       1.08453
	             R(11,12)       1.49499        0.03631        0.00265       1.49764
	             R(11,15)       1.45376       -0.18553       -0.00778       1.44599
	             R(12,13)       1.22088       -0.09503       -0.01229       1.20859
	             R(12,14)       1.34841        0.05153        0.00288       1.35129
	             R(14,23)       0.97681       -0.00170       -0.00191       0.97490
	             L(1,2,3)     173.02538        0.00116        0.59316     173.61855
	             l(1,2,3)     180.00000       -0.00020        0.78058     180.78058
	            B(2,1,16)     161.34117        0.00131        5.28553     166.62671
	             B(2,3,4)     113.64521        0.00113       -0.60996     113.03525
	            B(2,3,15)     133.02476       -0.00290       -5.90431     127.12045
	             B(3,4,5)     126.66026       -0.00121       -3.71106     122.94919
	            B(3,4,17)     116.16101        0.00048        1.61719     117.77821
	            B(3,15,7)     118.26975        0.00034       -1.59461     116.67514
	           B(3,15,11)     127.70482       -0.00184       -1.06555     126.63928
	            B(4,3,15)     113.32831        0.00177        6.49959     119.82790
	             B(4,5,6)     119.54811       -0.00022       -0.50670     119.04142
	            B(4,5,18)     118.86807        0.00019        0.31973     119.18781
	            B(5,4,17)     116.65174        0.00075        2.48862     119.14037
	             B(5,6,7)     119.85729       -0.00006        0.76922     120.62651
	            B(5,6,19)     120.12253        0.00019        0.23489     120.35741
	            B(6,5,18)     121.57982        0.00004        0.18387     121.76369
	             B(6,7,8)     116.78086        0.00110        2.52238     119.30324
	            B(6,7,15)     122.14713       -0.00062       -1.41936     120.72777
	            B(7,6,19)     120.01802       -0.00014       -1.00978     119.00824
	             B(7,8,9)     122.08518       -0.00030       -0.25105     121.83413
	            B(7,8,20)     117.40746        0.00013        0.06460     117.47207
	           B(7,15,11)     113.65615        0.00151        2.77190     116.42804
	            B(8,7,15)     121.05262       -0.00049       -1.10154     119.95107
	            B(8,9,10)     118.46025        0.00010        0.57005     119.03029
	            B(8,9,21)     121.29799       -0.00008       -0.37848     120.91951
	            B(9,8,20)     120.34620        0.00017        0.28592     120.63212
	           B(9,10,11)     121.47146       -0.00020       -0.06668     121.40478
	           B(9,10,22)     119.74109        0.00017        0.33780     120.07889
	           B(10,9,21)     120.23263       -0.00003       -0.19515     120.03747
	          B(10,11,12)     109.23288        0.00205        2.76906     112.00194
	          B(10,11,15)     122.90159       -0.00061       -1.79387     121.10772
	          B(11,10,22)     118.57477        0.00005       -0.13142     118.44336
	          B(11,12,13)     125.48492       -0.00005        0.03828     125.52319
	          B(11,12,14)     111.42765        0.00007        0.01982     111.44747
	          B(12,11,15)     127.26191       -0.00143       -0.76648     126.49543
	          B(12,14,23)     105.74329        0.00005       -0.07992     105.66336
	          B(13,12,14)     121.96912        0.00013        1.05969     123.02881
	           D(2,3,4,5)     176.15057        0.00013       -0.07557     176.07500
	          D(2,3,4,17)       4.80669       -0.00018       -4.50999       0.29669
	          D(2,3,15,7)     184.49444        0.00002        1.65414     186.14858
	         D(2,3,15,11)      -2.96384        0.00025        3.04178       0.07794
	           D(3,4,5,6)       1.34753       -0.00012       -1.65763      -0.31010
	          D(3,4,5,18)    -177.93679       -0.00013       -1.42213    -179.35892
	          D(3,15,7,6)      -3.41017        0.00003       -0.57210      -3.98227
	          D(3,15,7,8)     174.93601       -0.00001       -0.46867     174.46734
	        D(3,15,11,10)    -168.62628       -0.00028       -1.08517    -169.71146
	        D(3,15,11,12)      21.26295       -0.00057       -3.16620      18.09675
	          D(4,3,15,7)       5.01362       -0.00005       -0.44628       4.56734
	         D(4,3,15,11)     177.55534        0.00018        0.94136     178.49670
	           D(4,5,6,7)       0.88906       -0.00009        0.05815       0.94722
	          D(4,5,6,19)    -178.57708        0.00001        0.55255    -178.02453
	          D(5,4,3,15)      -4.26377        0.00017        1.70880      -2.55497
	           D(5,6,7,8)    -178.12468        0.00015        0.96547    -177.15920
	          D(5,6,7,15)       0.28829        0.00009        1.01206       1.30035
	          D(6,5,4,17)     172.65423        0.00017        2.75911     175.41335
	           D(6,7,8,9)     173.18090        0.00000        1.63053     174.81143
	          D(6,7,8,20)      -2.21673       -0.00008       -0.13142      -2.34815
	         D(6,7,15,11)    -176.97270        0.00006       -1.57197    -178.54468
	          D(7,6,5,18)    -179.84663       -0.00007       -0.18284    -180.02947
	          D(7,8,9,10)       3.41487       -0.00005       -0.18042       3.23445
	          D(7,8,9,21)    -177.68261       -0.00002       -0.38011    -178.06271
	        D(7,15,11,10)       4.20393       -0.00012        0.02708       4.23102
	        D(7,15,11,12)    -165.90684       -0.00041       -2.05394    -167.96078
	          D(8,7,6,19)       1.34202        0.00005        0.48423       1.82625
	         D(8,7,15,11)       1.37348        0.00002       -1.46854      -0.09506
	         D(8,9,10,11)       2.24927       -0.00005       -1.22142       1.02785
	         D(8,9,10,22)     176.87416        0.00009        0.99861     177.87276
	          D(9,8,7,15)      -5.25062        0.00007        1.59032      -3.66030
	        D(9,10,11,12)     165.42323        0.00016        2.97016     168.39339
	        D(9,10,11,15)      -6.25300        0.00018        1.41127      -4.84173
	         D(10,9,8,20)     178.68012        0.00004        1.62544     180.30555
	       D(10,11,12,13)      54.41904        0.00013        3.27452      57.69356
	       D(10,11,12,14)    -113.62017       -0.00067       -8.42768    -122.04785
	        D(11,10,9,21)    -176.66534       -0.00008       -1.02136    -177.68669
	       D(11,12,14,23)    -180.90733        0.00028        4.37793    -176.52940
	       D(12,11,10,22)      -9.26253        0.00001        0.76089      -8.50164
	       D(13,12,11,15)    -134.36559        0.00021        4.85197    -129.51363
	       D(13,12,14,23)      10.56650       -0.00046       -6.84488       3.72162
	       D(14,12,11,15)      57.59520       -0.00059       -6.85024      50.74496
	         D(15,3,4,17)    -175.60765       -0.00014       -2.72563    -178.33327
	         D(15,7,6,19)     179.75499       -0.00001        0.53081     180.28580
	         D(15,7,8,20)     179.35176       -0.00002       -0.17163     179.18012
	       D(15,11,10,22)    -180.93876        0.00003       -0.79800    -181.73676
	         D(17,4,5,18)      -6.63008        0.00016        2.99461      -3.63547
	         D(18,5,6,19)       0.68723        0.00002        0.31155       0.99878
	         D(20,8,9,21)      -2.41736        0.00007        1.42575      -0.99161
	        D(21,9,10,22)      -2.04045        0.00007        1.19867      -0.84178
	          D(4,3,1,16)     -47.15030       -0.00027        0.35206     -46.79824
	         D(15,3,1,16)     130.60287        0.00023       -1.42797     129.17490
	-------------------------------------------------------------------------------

	                                 ==> Convergence Check <==                                  
    
	Measures of convergence in internal coordinates in au.
    
	Criteria marked as inactive (o), active & met (*), and active & unmet ( ).

	----------------------------------------------------------------------------------------------
	   Step    Total Energy     Delta E     Max Force     RMS Force      Max Disp      RMS Disp   
	----------------------------------------------------------------------------------------------
	  Convergence Criteria     1.00e-06 *    3.00e-04 *             o    1.20e-03 *             o
	----------------------------------------------------------------------------------------------
	     2    -650.57131017   -2.88e-02      4.17e-02      9.23e-03 o    1.47e-01      3.91e-02 o  ~
	----------------------------------------------------------------------------------------------

Next Geometry in Ang 
	Fragment 1 (Ang)

	    C   2.4923562223  -2.4847585565  -0.7733193985
	    C   1.4452926223  -1.9021194704  -0.6381539619
	    C   0.1747361403  -1.3450495821  -0.3941148083
	    C  -0.8550550712  -2.2551620249  -0.5532617230
	    C  -2.1895502796  -1.9458455359  -0.2861301709
	    C  -2.5071538351  -0.6790862359   0.1637373348
	    C  -1.4923593300   0.3061579993   0.3342846960
	    C  -1.8423514979   1.5845718562   0.8577267463
	    C  -0.8960235498   2.5328294415   1.1407956639
	    C   0.4539452783   2.2613958505   0.8436566359
	    C   0.8373608767   1.0682139838   0.2543194469
	    C   2.2573554155   1.1075575162  -0.2200031265
	    O   3.2223094664   1.3369180670   0.4706049381
	    O   2.3428382828   0.8564038976  -1.5449906978
	    C  -0.1202192476   0.0114202791   0.0153488564
	    H   3.3112241944  -3.1638629198  -0.7404022257
	    H  -0.5933107036  -3.2727547242  -0.8350417430
	    H  -2.9478116003  -2.7107840608  -0.4222491654
	    H  -3.5347096253  -0.4249916859   0.4087921761
	    H  -2.8915232253   1.7684777820   1.0715146875
	    H  -1.1763269671   3.4901980595   1.5682193285
	    H   1.2131081443   3.0134640917   1.0287857830
	    H   3.2958682996   0.8468059819  -1.7501192524


    Structure for next step:
    Molecular point group: c1
    Full point group: C1

    Geometry (in Angstrom), charge = 0, multiplicity = 1:

    C            2.492356222261    -2.484758556482    -0.773319398521
    C            1.445292622343    -1.902119470382    -0.638153961883
    C            0.174736140298    -1.345049582117    -0.394114808332
    C           -0.855055071196    -2.255162024898    -0.553261723002
    C           -2.189550279580    -1.945845535874    -0.286130170881
    C           -2.507153835102    -0.679086235941     0.163737334809
    C           -1.492359330047     0.306157999349     0.334284696004
    C           -1.842351497852     1.584571856193     0.857726746342
    C           -0.896023549839     2.532829441458     1.140795663903
    C            0.453945278337     2.261395850506     0.843656635865
    C            0.837360876700     1.068213983751     0.254319446862
    C            2.257355415470     1.107557516187    -0.220003126540
    O            3.222309466369     1.336918066990     0.470604938093
    O            2.342838282831     0.856403897605    -1.544990697755
    C           -0.120219247579     0.011420279124     0.015348856380
    H            3.311224194353    -3.163862919785    -0.740402225699
    H           -0.593310703635    -3.272754724177    -0.835041742955
    H           -2.947811600293    -2.710784060819    -0.422249165390
    H           -3.534709625344    -0.424991685871     0.408792176145
    H           -2.891523225256     1.768477782035     1.071514687525
    H           -1.176326967081     3.490198059528     1.568219328481
    H            1.213108144275     3.013464091689     1.028785782953
    H            3.295868299568     0.846805981929    -1.750119252403


Scratch directory: /tmp/
gradient() will perform analytic gradient computation.
   => Libint2 <=

    Primary   basis highest AM E, G, H:  7, 6, 3
    Auxiliary basis highest AM E, G, H:  7, 7, 4
    Onebody   basis highest AM E, G, H:  -, -, -
    Solid Harmonics ordering:            Gaussian

*** tstart() called on ubuntu-32gb-hel1-14
*** at Tue Sep 29 23:04:49 2026

   => Loading Basis Set <=

    Name: 6-31G*
    Role: ORBITAL
    Keyword: BASIS
    atoms 1-12, 15 entry C          line   111 file /root/miniforge3/envs/qc/share/psi4/basis/6-31gs.gbs 
    atoms 13-14    entry O          line   145 file /root/miniforge3/envs/qc/share/psi4/basis/6-31gs.gbs 
    atoms 16-23    entry H          line    44 file /root/miniforge3/envs/qc/share/psi4/basis/6-31gs.gbs 


         ---------------------------------------------------------
                                   SCF
               by Justin Turney, Rob Parrish, Andy Simmonett
                          and Daniel G. A. Smith
                              RKS Reference
                       16 Threads,  22888 MiB Core
         ---------------------------------------------------------

  ==> Geometry <==

    Molecular point group: c1
    Full point group: C1

    Geometry (in Angstrom), charge = 0, multiplicity = 1:

       Center              X                  Y                   Z               Mass       
    ------------   -----------------  -----------------  -----------------  -----------------
         C            2.492356222261    -2.484758556482    -0.773319398521    12.000000000000
         C            1.445292622343    -1.902119470382    -0.638153961883    12.000000000000
         C            0.174736140298    -1.345049582117    -0.394114808332    12.000000000000
         C           -0.855055071196    -2.255162024898    -0.553261723002    12.000000000000
         C           -2.189550279580    -1.945845535874    -0.286130170881    12.000000000000
         C           -2.507153835102    -0.679086235941     0.163737334809    12.000000000000
         C           -1.492359330047     0.306157999349     0.334284696004    12.000000000000
         C           -1.842351497852     1.584571856193     0.857726746342    12.000000000000
         C           -0.896023549839     2.532829441458     1.140795663903    12.000000000000
         C            0.453945278337     2.261395850506     0.843656635865    12.000000000000
         C            0.837360876700     1.068213983751     0.254319446862    12.000000000000
         C            2.257355415470     1.107557516187    -0.220003126540    12.000000000000
         O            3.222309466369     1.336918066990     0.470604938093    15.994914619570
         O            2.342838282831     0.856403897605    -1.544990697755    15.994914619570
         C           -0.120219247579     0.011420279124     0.015348856380    12.000000000000
         H            3.311224194353    -3.163862919785    -0.740402225699     1.007825032230
         H           -0.593310703635    -3.272754724177    -0.835041742955     1.007825032230
         H           -2.947811600293    -2.710784060819    -0.422249165390     1.007825032230
         H           -3.534709625344    -0.424991685871     0.408792176145     1.007825032230
         H           -2.891523225256     1.768477782035     1.071514687525     1.007825032230
         H           -1.176326967081     3.490198059528     1.568219328481     1.007825032230
         H            1.213108144275     3.013464091689     1.028785782953     1.007825032230
         H            3.295868299568     0.846805981929    -1.750119252403     1.007825032230

  Running in c1 symmetry.

  Rotational constants: A =      0.02729  B =      0.02187  C =      0.01287 [cm^-1]
  Rotational constants: A =    818.12031  B =    655.71098  C =    385.96961 [MHz]
  Nuclear repulsion =  885.661039609336740

  Charge       = 0
  Multiplicity = 1
  Electrons    = 102
  Nalpha       = 51
  Nbeta        = 51

  ==> Algorithm <==

  SCF Algorithm Type is DF.
  DIIS enabled.
  MOM disabled.
  Fractional occupation disabled.
  Guess Type is READ.
  Energy threshold   = 1.00e-08
  Density threshold  = 1.00e-08
  Integral threshold = 1.00e-12

  ==> Primary Basis <==

  Basis Set: 6-31G*
    Blend: 6-31G*
    Number of shells: 106
    Number of basis functions: 241
    Number of Cartesian functions: 241
    Spherical Harmonics?: false
    Max angular momentum: 2

  ==> DFT Potential <==

   => LibXC <=

    Version 7.1.2
    S. Lehtola, C. Steigemann, M. J. T. Oliveira, and M. A. L. Marques,  SoftwareX 7, 1–5 (2018) (10.1016/j.softx.2017.11.002)

   => Composite Functional: B3LYP <= 

    B3LYP Hyb-GGA Exchange-Correlation Functional

    P. J. Stephens, F. J. Devlin, C. F. Chabalowski, and M. J. Frisch,  J. Phys. Chem. 98, 11623 (1994) (10.1021/j100096a001)

    Deriv               =              1
    GGA                 =           TRUE
    Meta                =          FALSE

    Exchange Hybrid     =           TRUE
    MP2 Hybrid          =          FALSE

   => Exchange Functionals <=

    0.0800   Slater exchange
    0.7200         Becke 88

   => Exact (HF) Exchange <=

    0.2000               HF 

   => Correlation Functionals <=

    0.1900   Vosko, Wilk & Nusair (VWN5_RPA)
    0.8100   Lee, Yang & Parr

   => LibXC Density Thresholds  <==

    XC_HYB_GGA_XC_B3LYP:  1.00E-15 

   => Molecular Quadrature <=

    Radial Scheme          =       TREUTLER
    Pruning Scheme         =           NONE
    Nuclear Scheme         =       TREUTLER

    Blocking Scheme        =         OCTREE
    BS radius alpha        =              1
    Pruning alpha          =              1
    Radial Points          =             75
    Spherical Points       =            302
    Total Points           =         474158
    Total Blocks           =           3494
    Max Points             =            256
    Max Functions          =            225
    Weights Tolerance      =       1.00E-15

   => Loading Basis Set <=

    Name: (6-31G* AUX)
    Role: JKFIT
    Keyword: DF_BASIS_SCF
    atoms 1-12, 15 entry C          line   121 file /root/miniforge3/envs/qc/share/psi4/basis/cc-pvdz-jkfit.gbs 
    atoms 13-14    entry O          line   221 file /root/miniforge3/envs/qc/share/psi4/basis/cc-pvdz-jkfit.gbs 
    atoms 16-23    entry H          line    51 file /root/miniforge3/envs/qc/share/psi4/basis/cc-pvdz-jkfit.gbs 

   => Loading Basis Set <=

    Name: 6-31G*
    Role: ORBITAL
    Keyword: BASIS
    atoms 1-12, 15 entry C          line   111 file /root/miniforge3/envs/qc/share/psi4/basis/6-31gs.gbs 
    atoms 13-14    entry O          line   145 file /root/miniforge3/envs/qc/share/psi4/basis/6-31gs.gbs 
    atoms 16-23    entry H          line    44 file /root/miniforge3/envs/qc/share/psi4/basis/6-31gs.gbs 

  Reading orbitals from file /tmp/psi4.default.2140910.180.npy, no projection.

  ==> Integral Setup <==

  DFHelper Memory: AOs need 0.578 GiB; user supplied 14.840 GiB. 
  SCF_SUBTYPE=INCORE selected. In-core MEM_DF algorithm will be used.
  Using in-core AOs.

  ==> MemDFJK: Density-Fitted J/K Matrices <==

    J tasked:                   Yes
    K tasked:                   Yes
    wK tasked:                   No
    OpenMP threads:              16
    Memory [MiB]:             15195
    Algorithm:                 Core
    Schwarz Cutoff:           1E-12
    Mask sparsity (%):      11.3221
    Fitting Condition:        1E-10

   => Auxiliary Basis Set <=

  Basis Set: (6-31G* AUX)
    Blend: CC-PVDZ-JKFIT
    Number of shells: 432
    Number of basis functions: 1415
    Number of Cartesian functions: 1415
    Spherical Harmonics?: false
    Max angular momentum: 3

  Cached 100.0% of DFT collocation blocks in 1.924 [GiB].

  Minimum eigenvalue in the overlap matrix is 2.4406121397E-04.
  Reciprocal condition number of the overlap matrix is 3.0916634098E-05.
    Using symmetric orthogonalization.

  ==> Pre-Iterations <==

  SCF Guess: Orbitals guess was supplied from a previous computation.

   -------------------------------------------------------
    Irrep   Nso     Nmo     Nalpha   Nbeta   Ndocc  Nsocc
   -------------------------------------------------------
     A        241     241      51      51      51       0
   -------------------------------------------------------
    Total     241     241      51      51      51       0
   -------------------------------------------------------

  ==> Iterations <==

                           Total Energy        Delta E     RMS |[F,P]|

   @DF-RKS iter   0:  -650.59385486490282   -6.50594e+02   1.61489e-03 
   @DF-RKS iter   1:  -650.58288554031253    1.09693e-02   3.49947e-04 DIIS/ADIIS
   @DF-RKS iter   2:  -650.57324239754246    9.64314e-03   6.64234e-04 DIIS/ADIIS
   @DF-RKS iter   3:  -650.58652731346990   -1.32849e-02   1.34041e-04 DIIS/ADIIS
   @DF-RKS iter   4:  -650.58701852724425   -4.91214e-04   3.86072e-05 DIIS
   @DF-RKS iter   5:  -650.58705301552186   -3.44883e-05   1.72240e-05 DIIS
   @DF-RKS iter   6:  -650.58706049584714   -7.48033e-06   5.94951e-06 DIIS
   @DF-RKS iter   7:  -650.58706126026243   -7.64415e-07   2.25409e-06 DIIS
   @DF-RKS iter   8:  -650.58706139618641   -1.35924e-07   6.33239e-07 DIIS
   @DF-RKS iter   9:  -650.58706140654112   -1.03547e-08   2.56575e-07 DIIS
   @DF-RKS iter  10:  -650.58706140844868   -1.90755e-09   9.16616e-08 DIIS
   @DF-RKS iter  11:  -650.58706140868708   -2.38401e-10   3.86200e-08 DIIS
   @DF-RKS iter  12:  -650.58706140872982   -4.27463e-11   1.19048e-08 DIIS
   @DF-RKS iter  13:  -650.58706140873494   -5.11591e-12   5.25107e-09 DIIS
  Energy and wave function converged.


  ==> Post-Iterations <==

   Electrons on quadrature grid:
      Ntotal   =  101.9999861524 ; deviation = -1.385e-05 

    Orbital Energies [Eh]
    ---------------------

    Doubly Occupied:                                                      

       1A    -19.191277     2A    -19.134371     3A    -10.319279  
       4A    -10.225075     5A    -10.223631     6A    -10.215430  
       7A    -10.214019     8A    -10.205926     9A    -10.205680  
      10A    -10.205005    11A    -10.202856    12A    -10.202018  
      13A    -10.201677    14A    -10.190503    15A    -10.183973  
      16A     -1.102419    17A     -1.011443    18A     -0.888514  
      19A     -0.841124    20A     -0.802798    21A     -0.763841  
      22A     -0.755393    23A     -0.723920    24A     -0.663281  
      25A     -0.642751    26A     -0.626682    27A     -0.595071  
      28A     -0.549677    29A     -0.527087    30A     -0.515522  
      31A     -0.506605    32A     -0.484022    33A     -0.475091  
      34A     -0.464312    35A     -0.454716    36A     -0.437714  
      37A     -0.422260    38A     -0.410928    39A     -0.404169  
      40A     -0.400541    41A     -0.384883    42A     -0.357239  
      43A     -0.353888    44A     -0.347078    45A     -0.321872  
      46A     -0.309982    47A     -0.280325    48A     -0.273366  
      49A     -0.262574    50A     -0.257439    51A     -0.217556  

    Virtual:                                                              

      52A     -0.063383    53A     -0.025022    54A     -0.011488  
      55A      0.029499    56A      0.054054    57A      0.071440  
      58A      0.086895    59A      0.091967    60A      0.107651  
      61A      0.112576    62A      0.135391    63A      0.142386  
      64A      0.167536    65A      0.168671    66A      0.185311  
      67A      0.198990    68A      0.228751    69A      0.249890  
      70A      0.253393    71A      0.272540    72A      0.278147  
      73A      0.303839    74A      0.317112    75A      0.343062  
      76A      0.359300    77A      0.371842    78A      0.413322  
      79A      0.435733    80A      0.455041    81A      0.474544  
      82A      0.492030    83A      0.497582    84A      0.508828  
      85A      0.521337    86A      0.528667    87A      0.534224  
      88A      0.543506    89A      0.548701    90A      0.564118  
      91A      0.575030    92A      0.584691    93A      0.588494  
      94A      0.592902    95A      0.599023    96A      0.604316  
      97A      0.610170    98A      0.614323    99A      0.633685  
     100A      0.644366   101A      0.654752   102A      0.658114  
     103A      0.672909   104A      0.684245   105A      0.698111  
     106A      0.729829   107A      0.735834   108A      0.760072  
     109A      0.779572   110A      0.798846   111A      0.808459  
     112A      0.813143   113A      0.822086   114A      0.838475  
     115A      0.841255   116A      0.854993   117A      0.865805  
     118A      0.876546   119A      0.887032   120A      0.896047  
     121A      0.909987   122A      0.931693   123A      0.950094  
     124A      0.960098   125A      0.984019   126A      0.997951  
     127A      1.009740   128A      1.025742   129A      1.056748  
     130A      1.063523   131A      1.072564   132A      1.085537  
     133A      1.116771   134A      1.138523   135A      1.141459  
     136A      1.164313   137A      1.192210   138A      1.205341  
     139A      1.226767   140A      1.233251   141A      1.243000  
     142A      1.261685   143A      1.300039   144A      1.325889  
     145A      1.349309   146A      1.378139   147A      1.396693  
     148A      1.416658   149A      1.435389   150A      1.455363  
     151A      1.466555   152A      1.482589   153A      1.488266  
     154A      1.499902   155A      1.516884   156A      1.521254  
     157A      1.552465   158A      1.555591   159A      1.605681  
     160A      1.606388   161A      1.685169   162A      1.722613  
     163A      1.731261   164A      1.747894   165A      1.751711  
     166A      1.775739   167A      1.791959   168A      1.806507  
     169A      1.825348   170A      1.841044   171A      1.854208  
     172A      1.891193   173A      1.897143   174A      1.904123  
     175A      1.913698   176A      1.913792   177A      1.926790  
     178A      1.935312   179A      1.959639   180A      1.989137  
     181A      2.007263   182A      2.017129   183A      2.038028  
     184A      2.051657   185A      2.134255   186A      2.143409  
     187A      2.152591   188A      2.155190   189A      2.167328  
     190A      2.191007   191A      2.198628   192A      2.245741  
     193A      2.259081   194A      2.273703   195A      2.304920  
     196A      2.318661   197A      2.331276   198A      2.352625  
     199A      2.396399   200A      2.425035   201A      2.459802  
     202A      2.487926   203A      2.565889   204A      2.584103  
     205A      2.605326   206A      2.621528   207A      2.637768  
     208A      2.647737   209A      2.681887   210A      2.686399  
     211A      2.712943   212A      2.764093   213A      2.774442  
     214A      2.792262   215A      2.807455   216A      2.818678  
     217A      2.862215   218A      2.905687   219A      2.925950  
     220A      2.988975   221A      3.025801   222A      3.098066  
     223A      3.207146   224A      3.301448   225A      3.420471  
     226A      3.522006   227A      3.851082   228A      4.050791  
     229A      4.082638   230A      4.089052   231A      4.104620  
     232A      4.136633   233A      4.167740   234A      4.190584  
     235A      4.271865   236A      4.334389   237A      4.356348  
     238A      4.445053   239A      4.526811   240A      4.675421  
     241A      4.918243  

    Final Occupation by Irrep:
              A 
    DOCC [    51 ]
    NA   [    51 ]
    NB   [    51 ]

  @DF-RKS Final Energy:  -650.58706140873494

   => Energetics <=

    Nuclear Repulsion Energy =            885.6610396093367399
    One-Electron Energy =               -2639.8704982580666183
    Two-Electron Energy =                1176.9462307484263874
    DFT Exchange-Correlation Energy =     -73.3238335084314770
    Empirical Dispersion Energy =           0.0000000000000000
    VV10 Nonlocal Energy =                  0.0000000000000000
    Total Energy =                       -650.5870614087349395

Computation Completed


Properties will be evaluated at   0.000000,   0.000000,   0.000000 [a0]

Properties computed using the SCF density matrix


 Multipole Moments:

 ------------------------------------------------------------------------------------
     Multipole            Electronic (a.u.)      Nuclear  (a.u.)        Total (a.u.)
 ------------------------------------------------------------------------------------

 L = 1.  Multiply by 2.5417464519 to convert [e a0] to [Debye]
 Dipole X            :        -53.3155170           52.4355592           -0.8799577
 Dipole Y            :        -12.7691438           12.5740135           -0.1951304
 Dipole Z            :          6.9302926           -7.1739094           -0.2436168
 Magnitude           :                                                    0.9336759

 ------------------------------------------------------------------------------------

*** tstop() called on ubuntu-32gb-hel1-14 at Tue Sep 29 23:04:56 2026
Module time:
	user time   =     114.74 seconds =       1.91 minutes
	system time =       4.24 seconds =       0.07 minutes
	total time  =          7 seconds =       0.12 minutes
Total time:
	user time   =    1495.51 seconds =      24.93 minutes
	system time =      64.77 seconds =       1.08 minutes
	total time  =        104 seconds =       1.73 minutes

*** tstart() called on ubuntu-32gb-hel1-14
*** at Tue Sep 29 23:04:56 2026


         ------------------------------------------------------------
                                   SCF GRAD                          
                          Rob Parrish, Justin Turney,                
                       Andy Simmonett, and Alex Sokolov              
         ------------------------------------------------------------

  ==> Geometry <==

    Molecular point group: c1
    Full point group: C1

    Geometry (in Angstrom), charge = 0, multiplicity = 1:

       Center              X                  Y                   Z               Mass       
    ------------   -----------------  -----------------  -----------------  -----------------
         C            2.492356222261    -2.484758556482    -0.773319398521    12.000000000000
         C            1.445292622343    -1.902119470382    -0.638153961883    12.000000000000
         C            0.174736140298    -1.345049582117    -0.394114808332    12.000000000000
         C           -0.855055071196    -2.255162024898    -0.553261723002    12.000000000000
         C           -2.189550279580    -1.945845535874    -0.286130170881    12.000000000000
         C           -2.507153835102    -0.679086235941     0.163737334809    12.000000000000
         C           -1.492359330047     0.306157999349     0.334284696004    12.000000000000
         C           -1.842351497852     1.584571856193     0.857726746342    12.000000000000
         C           -0.896023549839     2.532829441458     1.140795663903    12.000000000000
         C            0.453945278337     2.261395850506     0.843656635865    12.000000000000
         C            0.837360876700     1.068213983751     0.254319446862    12.000000000000
         C            2.257355415470     1.107557516187    -0.220003126540    12.000000000000
         O            3.222309466369     1.336918066990     0.470604938093    15.994914619570
         O            2.342838282831     0.856403897605    -1.544990697755    15.994914619570
         C           -0.120219247579     0.011420279124     0.015348856380    12.000000000000
         H            3.311224194353    -3.163862919785    -0.740402225699     1.007825032230
         H           -0.593310703635    -3.272754724177    -0.835041742955     1.007825032230
         H           -2.947811600293    -2.710784060819    -0.422249165390     1.007825032230
         H           -3.534709625344    -0.424991685871     0.408792176145     1.007825032230
         H           -2.891523225256     1.768477782035     1.071514687525     1.007825032230
         H           -1.176326967081     3.490198059528     1.568219328481     1.007825032230
         H            1.213108144275     3.013464091689     1.028785782953     1.007825032230
         H            3.295868299568     0.846805981929    -1.750119252403     1.007825032230

  Nuclear repulsion =  885.661039609336740

  ==> Basis Set <==

  Basis Set: 6-31G*
    Blend: 6-31G*
    Number of shells: 106
    Number of basis functions: 241
    Number of Cartesian functions: 241
    Spherical Harmonics?: false
    Max angular momentum: 2

  ==> DFJKGrad: Density-Fitted SCF Gradients <==

    Gradient:                    1
    J tasked:                  Yes
    K tasked:                  Yes
    wK tasked:                  No
    OpenMP threads:             16
    Integrals threads:          16
    Memory [MiB]:            17166
    Schwarz Cutoff:          1E-12
    Fitting Condition:       1E-10

   => Auxiliary Basis Set <=

  Basis Set: (6-31G* AUX)
    Blend: CC-PVDZ-JKFIT
    Number of shells: 432
    Number of basis functions: 1415
    Number of Cartesian functions: 1415
    Spherical Harmonics?: false
    Max angular momentum: 3

  ==> DFT Potential <==

   => LibXC <=

    Version 7.1.2
    S. Lehtola, C. Steigemann, M. J. T. Oliveira, and M. A. L. Marques,  SoftwareX 7, 1–5 (2018) (10.1016/j.softx.2017.11.002)

   => Composite Functional: B3LYP <= 

    B3LYP Hyb-GGA Exchange-Correlation Functional

    P. J. Stephens, F. J. Devlin, C. F. Chabalowski, and M. J. Frisch,  J. Phys. Chem. 98, 11623 (1994) (10.1021/j100096a001)

    Deriv               =              1
    GGA                 =           TRUE
    Meta                =          FALSE

    Exchange Hybrid     =           TRUE
    MP2 Hybrid          =          FALSE

   => Exchange Functionals <=

    0.0800   Slater exchange
    0.7200         Becke 88

   => Exact (HF) Exchange <=

    0.2000               HF 

   => Correlation Functionals <=

    0.1900   Vosko, Wilk & Nusair (VWN5_RPA)
    0.8100   Lee, Yang & Parr

   => LibXC Density Thresholds  <==

    XC_HYB_GGA_XC_B3LYP:  1.00E-15 

   => Molecular Quadrature <=

    Radial Scheme          =       TREUTLER
    Pruning Scheme         =           NONE
    Nuclear Scheme         =       TREUTLER

    Blocking Scheme        =         OCTREE
    BS radius alpha        =              1
    Pruning alpha          =              1
    Radial Points          =             75
    Spherical Points       =            302
    Total Points           =         474158
    Total Blocks           =           3494
    Max Points             =            256
    Max Functions          =            225
    Weights Tolerance      =       1.00E-15


  -Total Gradient:
     Atom            X                  Y                   Z
    ------   -----------------  -----------------  -----------------
       1       -0.005702073886     0.009442058704    -0.001182613890
       2       -0.010158278609    -0.008308777913    -0.005974590337
       3        0.007368626891    -0.013425838439     0.005636728149
       4        0.003211371618     0.011031985116    -0.000965246535
       5        0.006409054365    -0.008470845901    -0.002410577753
       6       -0.002983834948     0.003496569398     0.002547447952
       7        0.001646896967    -0.000061024066    -0.000784629140
       8        0.003733671662     0.004641079084    -0.001101491848
       9       -0.000973733446    -0.000528178212    -0.000512781246
      10        0.002551578646     0.002332017557     0.001075858187
      11        0.002181472868    -0.003155914673     0.004578330719
      12        0.004056632166     0.020710266323    -0.000815085537
      13       -0.004160608338    -0.006614845437    -0.002296565929
      14        0.000004155147    -0.001148322465     0.002492607492
      15       -0.003518687302    -0.001512569255    -0.004950460432
      16       -0.004902805730    -0.002601310279     0.003425070301
      17        0.000482707885    -0.002051237341     0.001565187688
      18        0.001545315026    -0.001146769720    -0.000915754424
      19       -0.000109551206    -0.001211877405    -0.000216082049
      20        0.000629772312    -0.000977651239     0.000214429823
      21        0.000255186426    -0.000232772380    -0.000432969166
      22       -0.000388827287    -0.000389257708    -0.000047453288
      23       -0.001179497912     0.000201701762     0.001096088808


*** tstop() called on ubuntu-32gb-hel1-14 at Tue Sep 29 23:04:59 2026
Module time:
	user time   =      33.11 seconds =       0.55 minutes
	system time =       2.20 seconds =       0.04 minutes
	total time  =          3 seconds =       0.05 minutes
Total time:
	user time   =    1528.64 seconds =      25.48 minutes
	system time =      66.97 seconds =       1.12 minutes
	total time  =        107 seconds =       1.78 minutes

    			-----------------------------------------

    			 OPTKING 3.0: for geometry optimizations 

    			     By R.A. King, Bethel University     

    			        with contributions from          

    			    A.V. Copan, J. Cayton, A. Heide      

    			-----------------------------------------

    
	                            ===> Fragment 1 <== 

	 Z (Atomic Numbers)          Masses                          Geom                  
	       6.000000            12.000000          4.70987067 -4.69551316 -1.46136187   
	       6.000000            12.000000          2.73120723 -3.59448486 -1.20593621   
	       6.000000            12.000000          0.33020345 -2.54177534 -0.74476905   
	       6.000000            12.000000         -1.61581991 -4.26163860 -1.04551313   
	       6.000000            12.000000         -4.13765037 -3.67711515 -0.54070766   
	       6.000000            12.000000         -4.73783410 -1.28328700  0.30941872   
	       6.000000            12.000000         -2.82015041  0.57855477  0.63170652   
	       6.000000            12.000000         -3.48153976  2.99440683  1.62086864   
	       6.000000            12.000000         -1.69323911  4.78635397  2.15579137   
	       6.000000            12.000000          0.85783225  4.27341882  1.59427999   
	       6.000000            12.000000          1.58238273  2.01863187  0.48059410   
	       6.000000            12.000000          4.26578350  2.09298037 -0.41574566   
	       8.000000            15.994915          6.08928238  2.52640900  0.88931445   
	       8.000000            15.994915          4.42732271  1.61836882 -2.91960929   
	       6.000000            12.000000         -0.22718145  0.02158120  0.02900513   
	       1.000000             1.007825          6.25730687 -5.97883442 -1.39915743   
	       1.000000             1.007825         -1.12119474 -6.18461010 -1.57800020   
	       1.000000             1.007825         -5.57055659 -5.12263946 -0.79793528   
	       1.000000             1.007825         -6.67963312 -0.80311789  0.77250526   
	       1.000000             1.007825         -5.46418698  3.34193867  2.02486930   
	       1.000000             1.007825         -2.22293580  6.59551846  2.96350504   
	       1.000000             1.007825          2.29244215  5.69462182  1.94412337   
	       1.000000             1.007825          6.22828843  1.60023139 -3.30724607   

	 - Coordinate -           - BOHR/RAD -       - ANG/DEG -
	 R(1,2)           =         2.278731           1.205852
	 R(1,16)          =         2.011303           1.064336
	 R(2,3)           =         2.661896           1.408615
	 R(3,4)           =         2.614457           1.383511
	 R(3,15)          =         2.734996           1.447297
	 R(4,5)           =         2.637447           1.395677
	 R(4,17)          =         2.055728           1.087844
	 R(5,6)           =         2.610239           1.381279
	 R(5,18)          =         2.051567           1.085642
	 R(6,7)           =         2.692180           1.424640
	 R(6,19)          =         2.053191           1.086502
	 R(7,8)           =         2.692994           1.425071
	 R(7,15)          =         2.719735           1.439222
	 R(8,9)           =         2.587515           1.369254
	 R(8,20)          =         2.053018           1.086411
	 R(9,10)          =         2.662022           1.408682
	 R(9,21)          =         2.050867           1.085272
	 R(10,11)         =         2.617123           1.384922
	 R(10,22)         =         2.049467           1.084531
	 R(11,12)         =         2.830122           1.497636
	 R(11,15)         =         2.732520           1.445987
	 R(12,13)         =         2.283898           1.208587
	 R(12,14)         =         2.553563           1.351287
	 R(14,23)         =         1.842300           0.974903
	 L(1,2,3)         =         3.029437         173.573973
	 l(1,2,3)         =         3.141593         180.000000
	 B(2,1,16)        =         2.908185         166.626705
	 B(2,3,4)         =         1.972837         113.035249
	 B(2,3,15)        =         2.218670         127.120453
	 B(3,4,5)         =         2.145868         122.949192
	 B(3,4,17)        =         2.055618         117.778209
	 B(3,15,7)        =         2.036365         116.675136
	 B(3,15,11)       =         2.210272         126.639275
	 B(4,3,15)        =         2.091391         119.827897
	 B(4,5,6)         =         2.077665         119.041416
	 B(4,5,18)        =         2.080220         119.187806
	 B(5,4,17)        =         2.079392         119.140366
	 B(5,6,7)         =         2.105330         120.626513
	 B(5,6,19)        =         2.100633         120.357413
	 B(6,5,18)        =         2.125177         121.763689
	 B(6,7,8)         =         2.082234         119.303243
	 B(6,7,15)        =         2.107097         120.727768
	 B(7,6,19)        =         2.077086         119.008240
	 B(7,8,9)         =         2.126407         121.834127
	 B(7,8,20)        =         2.050274         117.472066
	 B(7,15,11)       =         2.032053         116.428042
	 B(8,7,15)        =         2.093541         119.951072
	 B(8,9,10)        =         2.077470         119.030291
	 B(8,9,21)        =         2.110444         120.919514
	 B(9,8,20)        =         2.105428         120.632122
	 B(9,10,11)       =         2.118913         121.404778
	 B(9,10,22)       =         2.095772         120.078893
	 B(10,9,21)       =         2.095049         120.037471
	 B(10,11,12)      =         1.954803         112.001936
	 B(10,11,15)      =         2.113728         121.107720
	 B(11,10,22)      =         2.067227         118.443355
	 B(11,12,13)      =         2.190793         125.523193
	 B(11,12,14)      =         1.945125         111.447470
	 B(12,11,15)      =         2.207762         126.495428
	 B(12,14,23)      =         1.844174         105.663365
	 B(13,12,14)      =         2.147258         123.028810
	 D(2,3,4,5)       =         3.073088         176.074998
	 D(2,3,4,17)      =         0.005178           0.296694
	 D(2,3,15,7)      =         3.248906         186.148582
	 D(2,3,15,11)     =         0.001360           0.077938
	 D(3,4,5,6)       =        -0.005412          -0.310100
	 D(3,4,5,18)      =        -3.130404        -179.358919
	 D(3,15,7,6)      =        -0.069504          -3.982272
	 D(3,15,7,8)      =         3.045030         174.467341
	 D(3,15,11,10)    =        -2.962024        -169.711457
	 D(3,15,11,12)    =         0.315848          18.096748
	 D(4,3,15,7)      =         0.079715           4.567341
	 D(4,3,15,11)     =         3.115355         178.496697
	 D(4,5,6,7)       =         0.016532           0.947216
	 D(4,5,6,19)      =        -3.107114        -178.024529
	 D(5,4,3,15)      =        -0.044593          -2.554969
	 D(5,6,7,8)       =        -3.092011        -177.159205
	 D(5,6,7,15)      =         0.022695           1.300349
	 D(6,5,4,17)      =         3.061540         175.413345
	 D(6,7,8,9)       =         3.051035         174.811431
	 D(6,7,8,20)      =        -0.040983          -2.348148
	 D(6,7,15,11)     =        -3.116192        -178.544677
	 D(7,6,5,18)      =        -3.142107        -180.029475
	 D(7,8,9,10)      =         0.056452           3.234449
	 D(7,8,9,21)      =        -3.107781        -178.062712
	 D(7,15,11,10)    =         0.073845           4.231016
	 D(7,15,11,12)    =        -2.931469        -167.960779
	 D(8,7,6,19)      =         0.031874           1.826251
	 D(8,7,15,11)     =        -0.001659          -0.095064
	 D(8,9,10,11)     =         0.017939           1.027848
	 D(8,9,10,22)     =         3.104465         177.872762
	 D(9,8,7,15)      =        -0.063884          -3.660299
	 D(9,10,11,12)    =         2.939019         168.393392
	 D(9,10,11,15)    =        -0.084504          -4.841728
	 D(10,9,8,20)     =         3.146926         180.305552
	 D(10,11,12,13)   =         1.006943          57.693565
	 D(10,11,12,14)   =        -2.130137        -122.047851
	 D(11,10,9,21)    =        -3.101218        -177.686693
	 D(11,12,14,23)   =        -3.081019        -176.529402
	 D(12,11,10,22)   =        -0.148382          -8.501635
	 D(13,12,11,15)   =        -2.260439        -129.513626
	 D(13,12,14,23)   =         0.064955           3.721621
	 D(14,12,11,15)   =         0.885667          50.744958
	 D(15,3,4,17)     =        -3.112503        -178.333274
	 D(15,7,6,19)     =         3.146581         180.285805
	 D(15,7,8,20)     =         3.127283         179.180122
	 D(15,11,10,22)   =        -3.171905        -181.736756
	 D(17,4,5,18)     =        -0.063451          -3.635473
	 D(18,5,6,19)     =         0.017432           0.998780
	 D(20,8,9,21)     =        -0.017307          -0.991609
	 D(21,9,10,22)    =        -0.014692          -0.841779
	 D(4,3,1,16)      =        -0.816783         -46.798241
	 D(15,3,1,16)     =         2.254527         129.174900


	        --- Internal Coordinate Step in ANG or DEG, aJ/ANG or AJ/DEG ---
	-------------------------------------------------------------------------------
	           Coordinate      Previous         Force          Change          New 
	           ----------      --------        ------          ------        ------
	               R(1,2)       1.20585        0.10597       -0.00300       1.20285
	              R(1,16)       1.06434        0.01653       -0.00385       1.06049
	               R(2,3)       1.40861        0.14347        0.01343       1.42205
	               R(3,4)       1.38351        0.09696       -0.01631       1.36720
	              R(3,15)       1.44730       -0.08285       -0.04824       1.39905
	               R(4,5)       1.39568        0.08268        0.01566       1.41134
	              R(4,17)       1.08784       -0.01343       -0.00448       1.08337
	               R(5,6)       1.38128       -0.03587        0.00321       1.38449
	              R(5,18)       1.08564        0.00128       -0.00045       1.08519
	               R(6,7)       1.42464       -0.03544        0.02132       1.44596
	              R(6,19)       1.08650        0.00189       -0.00010       1.08640
	               R(7,8)       1.42507       -0.01729       -0.00462       1.42045
	              R(7,15)       1.43922       -0.01417       -0.01534       1.42388
	               R(8,9)       1.36925        0.02608        0.00300       1.37225
	              R(8,20)       1.08641        0.00603        0.00053       1.08694
	              R(9,10)       1.40868        0.02604        0.00544       1.41413
	              R(9,21)       1.08527        0.00365       -0.00044       1.08483
	             R(10,11)       1.38492       -0.00203        0.00146       1.38638
	             R(10,22)       1.08453        0.00454       -0.00003       1.08450
	             R(11,12)       1.49764        0.00838        0.00163       1.49926
	             R(11,15)       1.44599       -0.11277       -0.01461       1.43137
	             R(12,13)       1.20859        0.04853       -0.00775       1.20084
	             R(12,14)       1.35129        0.02813        0.00426       1.35555
	             R(14,23)       0.97490        0.01141       -0.00072       0.97418
	             L(1,2,3)     173.57397        0.00062        4.53222     178.10620
	             l(1,2,3)     180.00000        0.00004       -2.79615     177.20385
	            B(2,1,16)     166.62671        0.00095        8.06471     174.69141
	             B(2,3,4)     113.03525        0.00149        1.49324     114.52848
	            B(2,3,15)     127.12045       -0.00121       -7.35234     119.76811
	             B(3,4,5)     122.94919       -0.00036       -4.03216     118.91703
	            B(3,4,17)     117.77821        0.00018        1.78190     119.56011
	            B(3,15,7)     116.67514        0.00056       -0.92261     115.75253
	           B(3,15,11)     126.63928       -0.00106       -1.85912     124.78016
	            B(4,3,15)     119.82790       -0.00029        5.67103     125.49893
	             B(4,5,6)     119.04142        0.00013       -0.14486     118.89656
	            B(4,5,18)     119.18781        0.00010        0.68121     119.86902
	            B(5,4,17)     119.14037        0.00019        2.38052     121.52089
	             B(5,6,7)     120.62651        0.00003        0.73184     121.35836
	            B(5,6,19)     120.35741        0.00008        0.47599     120.83340
	            B(6,5,18)     121.76369       -0.00023       -0.55812     121.20557
	             B(6,7,8)     119.30324        0.00013        2.23487     121.53811
	            B(6,7,15)     120.72777       -0.00006       -1.45183     119.27594
	            B(7,6,19)     119.00824       -0.00011       -1.21375     117.79449
	             B(7,8,9)     121.83413       -0.00028       -0.80791     121.02621
	            B(7,8,20)     117.47207        0.00019        0.56654     118.03861
	           B(7,15,11)     116.42804        0.00051        2.86322     119.29126
	            B(8,7,15)     119.95107       -0.00007       -0.78219     119.16888
	            B(8,9,10)     119.03029        0.00004        0.61611     119.64640
	            B(8,9,21)     120.91951       -0.00003       -0.43830     120.48122
	            B(9,8,20)     120.63212        0.00009        0.29255     120.92467
	           B(9,10,11)     121.40478       -0.00003        0.08765     121.49243
	           B(9,10,22)     120.07889        0.00002        0.15808     120.23697
	           B(10,9,21)     120.03747       -0.00000       -0.19572     119.84175
	          B(10,11,12)     112.00194        0.00108        3.75812     115.76006
	          B(10,11,15)     121.10772       -0.00016       -2.01988     119.08784
	          B(11,10,22)     118.44336        0.00001       -0.19521     118.24814
	          B(11,12,13)     125.52319       -0.00004       -1.60031     123.92288
	          B(11,12,14)     111.44747        0.00007       -1.52563     109.92184
	          B(12,11,15)     126.49543       -0.00091       -1.56456     124.93086
	          B(12,14,23)     105.66336        0.00012        0.27052     105.93388
	          B(13,12,14)     123.02881       -0.00003       -0.67312     122.35569
	           D(2,3,4,5)     176.07500       -0.00012       -2.85726     173.21774
	          D(2,3,4,17)       0.29669       -0.00026       -6.57643      -6.27973
	          D(2,3,15,7)     186.14858        0.00018        5.02796     191.17654
	         D(2,3,15,11)       0.07794        0.00030        6.22233       6.30027
	           D(3,4,5,6)      -0.31010       -0.00009       -2.03092      -2.34102
	          D(3,4,5,18)    -179.35892       -0.00008       -1.05211    -180.41103
	          D(3,15,7,6)      -3.98227        0.00003       -1.95447      -5.93674
	          D(3,15,7,8)     174.46734        0.00001       -1.88329     172.58405
	        D(3,15,11,10)    -169.71146       -0.00017        0.62129    -169.09017
	        D(3,15,11,12)      18.09675       -0.00033       -1.54200      16.55475
	          D(4,3,15,7)       4.56734       -0.00017        1.11717       5.68451
	         D(4,3,15,11)     178.49670       -0.00005        2.31155     180.80824
	           D(4,5,6,7)       0.94722       -0.00004        0.81673       1.76395
	          D(4,5,6,19)    -178.02453        0.00001        1.16734    -176.85719
	          D(5,4,3,15)      -2.55497        0.00022        1.01220      -1.54277
	           D(5,6,7,8)    -177.15920        0.00007        1.20810    -175.95111
	          D(5,6,7,15)       1.30035        0.00005        1.23307       2.53342
	          D(6,5,4,17)     175.41335        0.00004        1.73285     177.14620
	           D(6,7,8,9)     174.81143        0.00002        1.72758     176.53901
	          D(6,7,8,20)      -2.34815       -0.00003        0.05605      -2.29210
	         D(6,7,15,11)    -178.54468        0.00002       -2.80044    -181.34512
	          D(7,6,5,18)    -180.02947       -0.00006       -0.16333    -180.19280
	          D(7,8,9,10)       3.23445       -0.00003        0.38300       3.61745
	          D(7,8,9,21)    -178.06271       -0.00002       -0.33594    -178.39865
	        D(7,15,11,10)       4.23102       -0.00005        1.64260       5.87362
	        D(7,15,11,12)    -167.96078       -0.00021       -0.52069    -168.48147
	          D(8,7,6,19)       1.82625        0.00002        0.88425       2.71050
	         D(8,7,15,11)      -0.09506       -0.00000       -2.72926      -2.82432
	         D(8,9,10,11)       1.02785       -0.00003       -1.46526      -0.43741
	         D(8,9,10,22)     177.87276        0.00002       -0.06419     177.80857
	          D(9,8,7,15)      -3.66030        0.00004        1.71320      -1.94709
	        D(9,10,11,12)     168.39339        0.00009        2.15749     170.55088
	        D(9,10,11,15)      -4.84173        0.00008        0.52979      -4.31194
	         D(10,9,8,20)     180.30555        0.00002        2.10923     182.41478
	       D(10,11,12,13)      57.69356       -0.00035       -9.52194      48.17163
	       D(10,11,12,14)    -122.04785        0.00001       11.82312    -110.22473
	        D(11,10,9,21)    -177.68669       -0.00004       -0.74766    -178.43435
	       D(11,12,14,23)    -176.52940       -0.00017       -9.93684    -186.46625
	       D(12,11,10,22)      -8.50164        0.00003        0.77275      -7.72888
	       D(13,12,11,15)    -129.51363       -0.00027       -7.79150    -137.30513
	       D(13,12,14,23)       3.72162        0.00018       11.01471      14.73633
	       D(14,12,11,15)      50.74496        0.00009       13.55355      64.29851
	         D(15,3,4,17)    -178.33327        0.00008       -2.70697    -181.04024
	         D(15,7,6,19)     180.28580       -0.00000        0.90922     181.19503
	         D(15,7,8,20)     179.18012       -0.00000        0.04167     179.22179
	       D(15,11,10,22)    -181.73676        0.00002       -0.85494    -182.59170
	         D(17,4,5,18)      -3.63547        0.00006        2.71167      -0.92381
	         D(18,5,6,19)       0.99878       -0.00000        0.18728       1.18606
	         D(20,8,9,21)      -0.99161        0.00003        1.39029       0.39868
	        D(21,9,10,22)      -0.84178        0.00002        0.65342      -0.18836
	          D(4,3,1,16)     -46.79824       -0.00072       -0.11327     -46.91151
	         D(15,3,1,16)     129.17490        0.00071       -0.75238     128.42252
	-------------------------------------------------------------------------------

	                                 ==> Convergence Check <==                                  
    
	Measures of convergence in internal coordinates in au.
    
	Criteria marked as inactive (o), active & met (*), and active & unmet ( ).

	----------------------------------------------------------------------------------------------
	   Step    Total Energy     Delta E     Max Force     RMS Force      Max Disp      RMS Disp   
	----------------------------------------------------------------------------------------------
	  Convergence Criteria     1.00e-06 *    3.00e-04 *             o    1.20e-03 *             o
	----------------------------------------------------------------------------------------------
	     3    -650.58706141   -1.58e-02      1.96e-02      5.18e-03 o    2.37e-01      5.70e-02 o  ~
	----------------------------------------------------------------------------------------------

Next Geometry in Ang 
	Fragment 1 (Ang)

	    C   2.5163168611  -2.2760144892  -0.5619395305
	    C   1.4116587546  -1.8128494480  -0.4521418193
	    C   0.0753179297  -1.3364253310  -0.3550093157
	    C  -0.8833272972  -2.2892429234  -0.5608617931
	    C  -2.2369327440  -1.9533358072  -0.3445290513
	    C  -2.5460912213  -0.6848641750   0.1161412248
	    C  -1.5168792946   0.3055113609   0.3412529208
	    C  -1.8191095956   1.5788415998   0.8934954221
	    C  -0.8255012971   2.4846012233   1.1681061654
	    C   0.5127290763   2.1794988246   0.8278052124
	    C   0.8511094421   0.9764997316   0.2275245689
	    C   2.2591716249   0.8733880321  -0.2769699358
	    O   3.2258140801   1.1779627886   0.3671219328
	    O   2.2645283197   0.8626559121  -1.6324620903
	    C  -0.1640635154  -0.0134877718   0.0321352239
	    H   3.4696475715  -2.7401758107  -0.5805854564
	    H  -0.5899065311  -3.2830964982  -0.8768369835
	    H  -3.0110491598  -2.6957057062  -0.5096772952
	    H  -3.5724442054  -0.4091542141   0.3416600924
	    H  -2.8592637587   1.8078207309   1.1104700368
	    H  -1.0637455666   3.4445233214   1.6137979603
	    H   1.3005364493   2.9026983946   1.0080104665
	    H   3.2014840875   0.9003502649  -1.8965079357


    Structure for next step:
    Molecular point group: c1
    Full point group: C1

    Geometry (in Angstrom), charge = 0, multiplicity = 1:

    C            2.516316861081    -2.276014489219    -0.561939530509
    C            1.411658754634    -1.812849448043    -0.452141819288
    C            0.075317929733    -1.336425331024    -0.355009315710
    C           -0.883327297239    -2.289242923450    -0.560861793077
    C           -2.236932743954    -1.953335807152    -0.344529051317
    C           -2.546091221317    -0.684864175048     0.116141224814
    C           -1.516879294578     0.305511360861     0.341252920769
    C           -1.819109595634     1.578841599832     0.893495422094
    C           -0.825501297073     2.484601223313     1.168106165433
    C            0.512729076275     2.179498824619     0.827805212430
    C            0.851109442089     0.976499731603     0.227524568855
    C            2.259171624863     0.873388032117    -0.276969935771
    O            3.225814080067     1.177962788609     0.367121932779
    O            2.264528319715     0.862655912060    -1.632462090329
    C           -0.164063515430    -0.013487771772     0.032135223873
    H            3.469647571478    -2.740175810696    -0.580585456440
    H           -0.589906531068    -3.283096498241    -0.876836983501
    H           -3.011049159839    -2.695705706154    -0.509677295219
    H           -3.572444205371    -0.409154214071     0.341660092371
    H           -2.859263758728     1.807820730918     1.110470036758
    H           -1.063745566563     3.444523321446     1.613797960257
    H            1.300536449341     2.902698394601     1.008010466456
    H            3.201484087518     0.900350264888    -1.896507935726


Scratch directory: /tmp/
gradient() will perform analytic gradient computation.
   => Libint2 <=

    Primary   basis highest AM E, G, H:  7, 6, 3
    Auxiliary basis highest AM E, G, H:  7, 7, 4
    Onebody   basis highest AM E, G, H:  -, -, -
    Solid Harmonics ordering:            Gaussian

*** tstart() called on ubuntu-32gb-hel1-14
*** at Tue Sep 29 23:04:59 2026

   => Loading Basis Set <=

    Name: 6-31G*
    Role: ORBITAL
    Keyword: BASIS
    atoms 1-12, 15 entry C          line   111 file /root/miniforge3/envs/qc/share/psi4/basis/6-31gs.gbs 
    atoms 13-14    entry O          line   145 file /root/miniforge3/envs/qc/share/psi4/basis/6-31gs.gbs 
    atoms 16-23    entry H          line    44 file /root/miniforge3/envs/qc/share/psi4/basis/6-31gs.gbs 


         ---------------------------------------------------------
                                   SCF
               by Justin Turney, Rob Parrish, Andy Simmonett
                          and Daniel G. A. Smith
                              RKS Reference
                       16 Threads,  22888 MiB Core
         ---------------------------------------------------------

  ==> Geometry <==

    Molecular point group: c1
    Full point group: C1

    Geometry (in Angstrom), charge = 0, multiplicity = 1:

       Center              X                  Y                   Z               Mass       
    ------------   -----------------  -----------------  -----------------  -----------------
         C            2.516316861081    -2.276014489219    -0.561939530509    12.000000000000
         C            1.411658754634    -1.812849448043    -0.452141819288    12.000000000000
         C            0.075317929733    -1.336425331024    -0.355009315710    12.000000000000
         C           -0.883327297239    -2.289242923450    -0.560861793077    12.000000000000
         C           -2.236932743954    -1.953335807152    -0.344529051317    12.000000000000
         C           -2.546091221317    -0.684864175048     0.116141224814    12.000000000000
         C           -1.516879294578     0.305511360861     0.341252920769    12.000000000000
         C           -1.819109595634     1.578841599832     0.893495422094    12.000000000000
         C           -0.825501297073     2.484601223313     1.168106165433    12.000000000000
         C            0.512729076275     2.179498824619     0.827805212430    12.000000000000
         C            0.851109442089     0.976499731603     0.227524568855    12.000000000000
         C            2.259171624863     0.873388032117    -0.276969935771    12.000000000000
         O            3.225814080067     1.177962788609     0.367121932779    15.994914619570
         O            2.264528319715     0.862655912060    -1.632462090329    15.994914619570
         C           -0.164063515430    -0.013487771772     0.032135223873    12.000000000000
         H            3.469647571478    -2.740175810696    -0.580585456440     1.007825032230
         H           -0.589906531068    -3.283096498241    -0.876836983501     1.007825032230
         H           -3.011049159839    -2.695705706154    -0.509677295219     1.007825032230
         H           -3.572444205371    -0.409154214071     0.341660092371     1.007825032230
         H           -2.859263758728     1.807820730918     1.110470036758     1.007825032230
         H           -1.063745566563     3.444523321446     1.613797960257     1.007825032230
         H            1.300536449341     2.902698394601     1.008010466456     1.007825032230
         H            3.201484087518     0.900350264888    -1.896507935726     1.007825032230

  Running in c1 symmetry.

  Rotational constants: A =      0.02905  B =      0.02170  C =      0.01334 [cm^-1]
  Rotational constants: A =    871.01074  B =    650.61681  C =    400.07245 [MHz]
  Nuclear repulsion =  893.615248680880995

  Charge       = 0
  Multiplicity = 1
  Electrons    = 102
  Nalpha       = 51
  Nbeta        = 51

  ==> Algorithm <==

  SCF Algorithm Type is DF.
  DIIS enabled.
  MOM disabled.
  Fractional occupation disabled.
  Guess Type is READ.
  Energy threshold   = 1.00e-08
  Density threshold  = 1.00e-08
  Integral threshold = 1.00e-12

  ==> Primary Basis <==

  Basis Set: 6-31G*
    Blend: 6-31G*
    Number of shells: 106
    Number of basis functions: 241
    Number of Cartesian functions: 241
    Spherical Harmonics?: false
    Max angular momentum: 2

  ==> DFT Potential <==

   => LibXC <=

    Version 7.1.2
    S. Lehtola, C. Steigemann, M. J. T. Oliveira, and M. A. L. Marques,  SoftwareX 7, 1–5 (2018) (10.1016/j.softx.2017.11.002)

   => Composite Functional: B3LYP <= 

    B3LYP Hyb-GGA Exchange-Correlation Functional

    P. J. Stephens, F. J. Devlin, C. F. Chabalowski, and M. J. Frisch,  J. Phys. Chem. 98, 11623 (1994) (10.1021/j100096a001)

    Deriv               =              1
    GGA                 =           TRUE
    Meta                =          FALSE

    Exchange Hybrid     =           TRUE
    MP2 Hybrid          =          FALSE

   => Exchange Functionals <=

    0.0800   Slater exchange
    0.7200         Becke 88

   => Exact (HF) Exchange <=

    0.2000               HF 

   => Correlation Functionals <=

    0.1900   Vosko, Wilk & Nusair (VWN5_RPA)
    0.8100   Lee, Yang & Parr

   => LibXC Density Thresholds  <==

    XC_HYB_GGA_XC_B3LYP:  1.00E-15 

   => Molecular Quadrature <=

    Radial Scheme          =       TREUTLER
    Pruning Scheme         =           NONE
    Nuclear Scheme         =       TREUTLER

    Blocking Scheme        =         OCTREE
    BS radius alpha        =              1
    Pruning alpha          =              1
    Radial Points          =             75
    Spherical Points       =            302
    Total Points           =         473717
    Total Blocks           =           3453
    Max Points             =            256
    Max Functions          =            227
    Weights Tolerance      =       1.00E-15

   => Loading Basis Set <=

    Name: (6-31G* AUX)
    Role: JKFIT
    Keyword: DF_BASIS_SCF
    atoms 1-12, 15 entry C          line   121 file /root/miniforge3/envs/qc/share/psi4/basis/cc-pvdz-jkfit.gbs 
    atoms 13-14    entry O          line   221 file /root/miniforge3/envs/qc/share/psi4/basis/cc-pvdz-jkfit.gbs 
    atoms 16-23    entry H          line    51 file /root/miniforge3/envs/qc/share/psi4/basis/cc-pvdz-jkfit.gbs 

   => Loading Basis Set <=

    Name: 6-31G*
    Role: ORBITAL
    Keyword: BASIS
    atoms 1-12, 15 entry C          line   111 file /root/miniforge3/envs/qc/share/psi4/basis/6-31gs.gbs 
    atoms 13-14    entry O          line   145 file /root/miniforge3/envs/qc/share/psi4/basis/6-31gs.gbs 
    atoms 16-23    entry H          line    44 file /root/miniforge3/envs/qc/share/psi4/basis/6-31gs.gbs 

  Reading orbitals from file /tmp/psi4.default.2140910.180.npy, no projection.

  ==> Integral Setup <==

  DFHelper Memory: AOs need 0.582 GiB; user supplied 14.817 GiB. 
  SCF_SUBTYPE=INCORE selected. In-core MEM_DF algorithm will be used.
  Using in-core AOs.

  ==> MemDFJK: Density-Fitted J/K Matrices <==

    J tasked:                   Yes
    K tasked:                   Yes
    wK tasked:                   No
    OpenMP threads:              16
    Memory [MiB]:             15172
    Algorithm:                 Core
    Schwarz Cutoff:           1E-12
    Mask sparsity (%):      10.6851
    Fitting Condition:        1E-10

   => Auxiliary Basis Set <=

  Basis Set: (6-31G* AUX)
    Blend: CC-PVDZ-JKFIT
    Number of shells: 432
    Number of basis functions: 1415
    Number of Cartesian functions: 1415
    Spherical Harmonics?: false
    Max angular momentum: 3

  Cached 100.0% of DFT collocation blocks in 1.947 [GiB].

  Minimum eigenvalue in the overlap matrix is 2.5066734234E-04.
  Reciprocal condition number of the overlap matrix is 3.1421266208E-05.
    Using symmetric orthogonalization.

  ==> Pre-Iterations <==

  SCF Guess: Orbitals guess was supplied from a previous computation.

   -------------------------------------------------------
    Irrep   Nso     Nmo     Nalpha   Nbeta   Ndocc  Nsocc
   -------------------------------------------------------
     A        241     241      51      51      51       0
   -------------------------------------------------------
    Total     241     241      51      51      51       0
   -------------------------------------------------------

  ==> Iterations <==

                           Total Energy        Delta E     RMS |[F,P]|

   @DF-RKS iter   0:  -650.55037213404330   -6.50550e+02   1.81429e-03 
   @DF-RKS iter   1:  -650.57997183783209   -2.95997e-02   3.18420e-04 DIIS/ADIIS
   @DF-RKS iter   2:  -650.57674368165294    3.22816e-03   4.97996e-04 DIIS/ADIIS
   @DF-RKS iter   3:  -650.58289309320708   -6.14941e-03   1.21196e-04 DIIS/ADIIS
   @DF-RKS iter   4:  -650.58321075910385   -3.17666e-04   3.79912e-05 DIIS
   @DF-RKS iter   5:  -650.58324220286806   -3.14438e-05   1.64762e-05 DIIS
   @DF-RKS iter   6:  -650.58324908319946   -6.88033e-06   7.75183e-06 DIIS
   @DF-RKS iter   7:  -650.58325075097650   -1.66778e-06   1.94252e-06 DIIS
   @DF-RKS iter   8:  -650.58325085268098   -1.01704e-07   4.59617e-07 DIIS
   @DF-RKS iter   9:  -650.58325085889123   -6.21026e-09   1.81660e-07 DIIS
   @DF-RKS iter  10:  -650.58325085989520   -1.00397e-09   7.38529e-08 DIIS
   @DF-RKS iter  11:  -650.58325086006869   -1.73486e-10   1.93176e-08 DIIS
   @DF-RKS iter  12:  -650.58325086007744   -8.75389e-12   9.79417e-09 DIIS
  Energy and wave function converged.


  ==> Post-Iterations <==

   Electrons on quadrature grid:
      Ntotal   =  101.9999995686 ; deviation = -4.314e-07 

    Orbital Energies [Eh]
    ---------------------

    Doubly Occupied:                                                      

       1A    -19.187280     2A    -19.133367     3A    -10.318736  
       4A    -10.216355     5A    -10.213956     6A    -10.213465  
       7A    -10.211969     8A    -10.206217     9A    -10.205730  
      10A    -10.203958    11A    -10.203583    12A    -10.203011  
      13A    -10.202669    14A    -10.188792    15A    -10.184275  
      16A     -1.101607    17A     -1.012127    18A     -0.892410  
      19A     -0.840248    20A     -0.802707    21A     -0.760528  
      22A     -0.755849    23A     -0.725159    24A     -0.663681  
      25A     -0.638230    26A     -0.629327    27A     -0.595565  
      28A     -0.547853    29A     -0.529540    30A     -0.517107  
      31A     -0.506940    32A     -0.483313    33A     -0.473957  
      34A     -0.464092    35A     -0.450319    36A     -0.438040  
      37A     -0.424177    38A     -0.411046    39A     -0.406811  
      40A     -0.400867    41A     -0.383882    42A     -0.356069  
      43A     -0.354321    44A     -0.344997    45A     -0.318782  
      46A     -0.309415    47A     -0.279128    48A     -0.275143  
      49A     -0.262678    50A     -0.256478    51A     -0.218339  

    Virtual:                                                              

      52A     -0.061355    53A     -0.021285    54A     -0.010347  
      55A      0.021066    56A      0.060765    57A      0.070593  
      58A      0.091302    59A      0.093991    60A      0.110710  
      61A      0.116345    62A      0.130811    63A      0.139187  
      64A      0.165707    65A      0.169466    66A      0.183837  
      67A      0.202576    68A      0.238664    69A      0.253167  
      70A      0.261533    71A      0.272398    72A      0.283686  
      73A      0.302923    74A      0.311133    75A      0.343898  
      76A      0.351988    77A      0.382677    78A      0.404827  
      79A      0.437724    80A      0.462673    81A      0.483631  
      82A      0.489235    83A      0.492680    84A      0.516444  
      85A      0.518634    86A      0.530869    87A      0.537135  
      88A      0.544266    89A      0.563954    90A      0.568645  
      91A      0.574923    92A      0.585115    93A      0.593868  
      94A      0.597767    95A      0.601368    96A      0.606386  
      97A      0.609916    98A      0.614788    99A      0.634238  
     100A      0.644381   101A      0.657949   102A      0.676787  
     103A      0.682030   104A      0.689201   105A      0.723782  
     106A      0.742626   107A      0.749252   108A      0.759410  
     109A      0.779117   110A      0.797851   111A      0.806599  
     112A      0.816428   113A      0.822758   114A      0.833676  
     115A      0.840509   116A      0.862916   117A      0.867116  
     118A      0.870479   119A      0.885069   120A      0.893605  
     121A      0.912862   122A      0.931803   123A      0.942805  
     124A      0.954706   125A      0.975724   126A      1.000206  
     127A      1.021589   128A      1.034961   129A      1.063282  
     130A      1.065742   131A      1.072263   132A      1.092561  
     133A      1.108994   134A      1.132809   135A      1.145921  
     136A      1.169606   137A      1.192439   138A      1.217352  
     139A      1.240315   140A      1.255470   141A      1.263669  
     142A      1.277319   143A      1.283747   144A      1.294609  
     145A      1.367906   146A      1.390335   147A      1.398107  
     148A      1.435074   149A      1.443520   150A      1.460055  
     151A      1.468516   152A      1.481284   153A      1.495506  
     154A      1.505463   155A      1.518378   156A      1.530629  
     157A      1.560221   158A      1.567165   159A      1.610724  
     160A      1.651406   161A      1.702148   162A      1.727421  
     163A      1.742814   164A      1.753931   165A      1.759166  
     166A      1.777567   167A      1.793457   168A      1.814784  
     169A      1.824780   170A      1.844939   171A      1.868367  
     172A      1.878079   173A      1.900351   174A      1.909105  
     175A      1.921463   176A      1.924978   177A      1.929703  
     178A      1.947467   179A      1.977230   180A      1.985729  
     181A      2.015757   182A      2.022924   183A      2.037113  
     184A      2.075676   185A      2.131209   186A      2.142270  
     187A      2.145300   188A      2.161187   189A      2.177387  
     190A      2.187766   191A      2.203719   192A      2.260360  
     193A      2.279990   194A      2.287145   195A      2.309766  
     196A      2.333257   197A      2.341997   198A      2.354755  
     199A      2.378344   200A      2.442524   201A      2.478620  
     202A      2.498459   203A      2.543287   204A      2.594665  
     205A      2.603947   206A      2.619125   207A      2.639836  
     208A      2.648691   209A      2.674648   210A      2.694484  
     211A      2.715064   212A      2.770892   213A      2.782249  
     214A      2.795091   215A      2.833882   216A      2.841388  
     217A      2.842878   218A      2.902946   219A      2.931993  
     220A      2.995189   221A      3.027058   222A      3.101955  
     223A      3.220155   224A      3.320187   225A      3.422230  
     226A      3.546744   227A      3.835440   228A      4.055575  
     229A      4.074140   230A      4.086821   231A      4.103680  
     232A      4.124169   233A      4.152831   234A      4.211231  
     235A      4.304700   236A      4.338811   237A      4.368080  
     238A      4.457073   239A      4.517151   240A      4.676427  
     241A      4.932612  

    Final Occupation by Irrep:
              A 
    DOCC [    51 ]
    NA   [    51 ]
    NB   [    51 ]

  @DF-RKS Final Energy:  -650.58325086007744

   => Energetics <=

    Nuclear Repulsion Energy =            893.6152486808809954
    One-Electron Energy =               -2655.8174243137113990
    Two-Electron Energy =                1184.9713497089564953
    DFT Exchange-Correlation Energy =     -73.3524249362034766
    Empirical Dispersion Energy =           0.0000000000000000
    VV10 Nonlocal Energy =                  0.0000000000000000
    Total Energy =                       -650.5832508600774418

Computation Completed


Properties will be evaluated at   0.000000,   0.000000,   0.000000 [a0]

Properties computed using the SCF density matrix


 Multipole Moments:

 ------------------------------------------------------------------------------------
     Multipole            Electronic (a.u.)      Nuclear  (a.u.)        Total (a.u.)
 ------------------------------------------------------------------------------------

 L = 1.  Multiply by 2.5417464519 to convert [e a0] to [Debye]
 Dipole X            :        -51.0493582           50.2750116           -0.7743466
 Dipole Y            :         -8.5749739            8.3997099           -0.1752641
 Dipole Z            :          6.4861239           -6.7696313           -0.2835074
 Magnitude           :                                                    0.8430341

 ------------------------------------------------------------------------------------

*** tstop() called on ubuntu-32gb-hel1-14 at Tue Sep 29 23:05:07 2026
Module time:
	user time   =     110.53 seconds =       1.84 minutes
	system time =       4.28 seconds =       0.07 minutes
	total time  =          8 seconds =       0.13 minutes
Total time:
	user time   =    1644.38 seconds =      27.41 minutes
	system time =      71.28 seconds =       1.19 minutes
	total time  =        115 seconds =       1.92 minutes

*** tstart() called on ubuntu-32gb-hel1-14
*** at Tue Sep 29 23:05:07 2026


         ------------------------------------------------------------
                                   SCF GRAD                          
                          Rob Parrish, Justin Turney,                
                       Andy Simmonett, and Alex Sokolov              
         ------------------------------------------------------------

  ==> Geometry <==

    Molecular point group: c1
    Full point group: C1

    Geometry (in Angstrom), charge = 0, multiplicity = 1:

       Center              X                  Y                   Z               Mass       
    ------------   -----------------  -----------------  -----------------  -----------------
         C            2.516316861081    -2.276014489219    -0.561939530509    12.000000000000
         C            1.411658754634    -1.812849448043    -0.452141819288    12.000000000000
         C            0.075317929733    -1.336425331024    -0.355009315710    12.000000000000
         C           -0.883327297239    -2.289242923450    -0.560861793077    12.000000000000
         C           -2.236932743954    -1.953335807152    -0.344529051317    12.000000000000
         C           -2.546091221317    -0.684864175048     0.116141224814    12.000000000000
         C           -1.516879294578     0.305511360861     0.341252920769    12.000000000000
         C           -1.819109595634     1.578841599832     0.893495422094    12.000000000000
         C           -0.825501297073     2.484601223313     1.168106165433    12.000000000000
         C            0.512729076275     2.179498824619     0.827805212430    12.000000000000
         C            0.851109442089     0.976499731603     0.227524568855    12.000000000000
         C            2.259171624863     0.873388032117    -0.276969935771    12.000000000000
         O            3.225814080067     1.177962788609     0.367121932779    15.994914619570
         O            2.264528319715     0.862655912060    -1.632462090329    15.994914619570
         C           -0.164063515430    -0.013487771772     0.032135223873    12.000000000000
         H            3.469647571478    -2.740175810696    -0.580585456440     1.007825032230
         H           -0.589906531068    -3.283096498241    -0.876836983501     1.007825032230
         H           -3.011049159839    -2.695705706154    -0.509677295219     1.007825032230
         H           -3.572444205371    -0.409154214071     0.341660092371     1.007825032230
         H           -2.859263758728     1.807820730918     1.110470036758     1.007825032230
         H           -1.063745566563     3.444523321446     1.613797960257     1.007825032230
         H            1.300536449341     2.902698394601     1.008010466456     1.007825032230
         H            3.201484087518     0.900350264888    -1.896507935726     1.007825032230

  Nuclear repulsion =  893.615248680880995

  ==> Basis Set <==

  Basis Set: 6-31G*
    Blend: 6-31G*
    Number of shells: 106
    Number of basis functions: 241
    Number of Cartesian functions: 241
    Spherical Harmonics?: false
    Max angular momentum: 2

  ==> DFJKGrad: Density-Fitted SCF Gradients <==

    Gradient:                    1
    J tasked:                  Yes
    K tasked:                  Yes
    wK tasked:                  No
    OpenMP threads:             16
    Integrals threads:          16
    Memory [MiB]:            17166
    Schwarz Cutoff:          1E-12
    Fitting Condition:       1E-10

   => Auxiliary Basis Set <=

  Basis Set: (6-31G* AUX)
    Blend: CC-PVDZ-JKFIT
    Number of shells: 432
    Number of basis functions: 1415
    Number of Cartesian functions: 1415
    Spherical Harmonics?: false
    Max angular momentum: 3

  ==> DFT Potential <==

   => LibXC <=

    Version 7.1.2
    S. Lehtola, C. Steigemann, M. J. T. Oliveira, and M. A. L. Marques,  SoftwareX 7, 1–5 (2018) (10.1016/j.softx.2017.11.002)

   => Composite Functional: B3LYP <= 

    B3LYP Hyb-GGA Exchange-Correlation Functional

    P. J. Stephens, F. J. Devlin, C. F. Chabalowski, and M. J. Frisch,  J. Phys. Chem. 98, 11623 (1994) (10.1021/j100096a001)

    Deriv               =              1
    GGA                 =           TRUE
    Meta                =          FALSE

    Exchange Hybrid     =           TRUE
    MP2 Hybrid          =          FALSE

   => Exchange Functionals <=

    0.0800   Slater exchange
    0.7200         Becke 88

   => Exact (HF) Exchange <=

    0.2000               HF 

   => Correlation Functionals <=

    0.1900   Vosko, Wilk & Nusair (VWN5_RPA)
    0.8100   Lee, Yang & Parr

   => LibXC Density Thresholds  <==

    XC_HYB_GGA_XC_B3LYP:  1.00E-15 

   => Molecular Quadrature <=

    Radial Scheme          =       TREUTLER
    Pruning Scheme         =           NONE
    Nuclear Scheme         =       TREUTLER

    Blocking Scheme        =         OCTREE
    BS radius alpha        =              1
    Pruning alpha          =              1
    Radial Points          =             75
    Spherical Points       =            302
    Total Points           =         473717
    Total Blocks           =           3453
    Max Points             =            256
    Max Functions          =            227
    Weights Tolerance      =       1.00E-15


  -Total Gradient:
     Atom            X                  Y                   Z
    ------   -----------------  -----------------  -----------------
       1       -0.010116809769     0.007341758111    -0.001406077299
       2        0.001808830320    -0.003331863746     0.004747573030
       3       -0.036865665769     0.018268383202     0.007345067334
       4        0.026100316422     0.001221049436     0.000438422421
       5        0.000072116753    -0.006917185341    -0.001873166211
       6       -0.010277276578    -0.005796732767    -0.001475604870
       7        0.015026752259     0.006346243721     0.001391687982
       8        0.005632186375     0.003096673414     0.000682184326
       9       -0.002623919523     0.001064494515     0.002036897448
      10       -0.002914215093     0.002798878019     0.001261210056
      11        0.010527133910     0.005805134418    -0.005002237045
      12        0.018028386303    -0.031342586331     0.009289113325
      13       -0.019583603658     0.008255413190    -0.012525426099
      14       -0.000385352552     0.012867094908     0.004219151222
      15        0.010120247452    -0.016982646243    -0.008098261724
      16       -0.005041319342     0.000392063797     0.000734955246
      17        0.000499338220     0.000640077106    -0.000980527928
      18        0.001525285564    -0.000710186943    -0.000339629321
      19        0.000510180675     0.000342120838     0.000217099299
      20        0.000066455500    -0.001026379407    -0.000854938780
      21       -0.000384344880    -0.000644591833    -0.000500668582
      22        0.000056446588    -0.001161330099     0.000018476672
      23       -0.001738278380    -0.000544805727     0.000734247761


*** tstop() called on ubuntu-32gb-hel1-14 at Tue Sep 29 23:05:09 2026
Module time:
	user time   =      33.19 seconds =       0.55 minutes
	system time =       2.20 seconds =       0.04 minutes
	total time  =          2 seconds =       0.03 minutes
Total time:
	user time   =    1677.59 seconds =      27.96 minutes
	system time =      73.48 seconds =       1.22 minutes
	total time  =        117 seconds =       1.95 minutes

    			-----------------------------------------

    			 OPTKING 3.0: for geometry optimizations 

    			     By R.A. King, Bethel University     

    			        with contributions from          

    			    A.V. Copan, J. Cayton, A. Heide      

    			-----------------------------------------

    
	                            ===> Fragment 1 <== 

	 Z (Atomic Numbers)          Masses                          Geom                  
	       6.000000            12.000000          4.75514971 -4.30104404 -1.06191181   
	       6.000000            12.000000          2.66764843 -3.42578896 -0.85442421   
	       6.000000            12.000000          0.14233026 -2.52547786 -0.67087038   
	       6.000000            12.000000         -1.66924667 -4.32604216 -1.05987518   
	       6.000000            12.000000         -4.22719025 -3.69126971 -0.65106555   
	       6.000000            12.000000         -4.81141510 -1.29420572  0.21947511   
	       6.000000            12.000000         -2.86648643  0.57733280  0.64487456   
	       6.000000            12.000000         -3.43761893  2.98357822  1.68846164   
	       6.000000            12.000000         -1.55997137  4.69521584  2.20740074   
	       6.000000            12.000000          0.96891753  4.11865587  1.56432514   
	       6.000000            12.000000          1.60836375  1.84531705  0.42995912   
	       6.000000            12.000000          4.26921564  1.65046418 -0.52339732   
	       8.000000            15.994915          6.09590514  2.22602706  0.69375991   
	       8.000000            15.994915          4.27933833  1.63018341 -3.08490626   
	       6.000000            12.000000         -0.31003511 -0.02548819  0.06072677   
	       1.000000             1.007825          6.55668366 -5.17818182 -1.09714751   
	       1.000000             1.007825         -1.11476178 -6.20415323 -1.65698176   
	       1.000000             1.007825         -5.69005826 -5.09414550 -0.96315050   
	       1.000000             1.007825         -6.75094115 -0.77318941  0.64564400   
	       1.000000             1.007825         -5.40322542  3.41628607  2.09848424   
	       1.000000             1.007825         -2.01018779  6.50920571  3.04963617   
	       1.000000             1.007825          2.45765771  5.48530499  1.90486371   
	       1.000000             1.007825          6.04992812  1.70141542 -3.58388059   

	 - Coordinate -           - BOHR/RAD -       - ANG/DEG -
	 R(1,2)           =         2.273056           1.202850
	 R(1,16)          =         2.004030           1.060487
	 R(2,3)           =         2.687282           1.422048
	 R(3,4)           =         2.583635           1.367201
	 R(3,15)          =         2.643826           1.399053
	 R(4,5)           =         2.667046           1.411340
	 R(4,17)          =         2.047264           1.083366
	 R(5,6)           =         2.616310           1.384491
	 R(5,18)          =         2.050717           1.085193
	 R(6,7)           =         2.732466           1.445959
	 R(6,19)          =         2.053007           1.086405
	 R(7,8)           =         2.684266           1.420452
	 R(7,15)          =         2.690737           1.423877
	 R(8,9)           =         2.593176           1.372250
	 R(8,20)          =         2.054012           1.086936
	 R(9,10)          =         2.672311           1.414126
	 R(9,21)          =         2.050028           1.084828
	 R(10,11)         =         2.619875           1.386378
	 R(10,22)         =         2.049401           1.084496
	 R(11,12)         =         2.833194           1.499262
	 R(11,15)         =         2.704903           1.431373
	 R(12,13)         =         2.269260           1.200840
	 R(12,14)         =         2.561609           1.355545
	 R(14,23)         =         1.840934           0.974180
	 L(1,2,3)         =         3.082531         176.616027
	 l(1,2,3)         =         3.141593         180.000000
	 B(2,1,16)        =         3.048940         174.691410
	 B(2,3,4)         =         1.998899         114.528485
	 B(2,3,15)        =         2.090348         119.768113
	 B(3,4,5)         =         2.075494         118.917031
	 B(3,4,17)        =         2.086718         119.560111
	 B(3,15,7)        =         2.020263         115.752528
	 B(3,15,11)       =         2.177825         124.780157
	 B(4,3,15)        =         2.190369         125.498926
	 B(4,5,6)         =         2.075136         118.896556
	 B(4,5,18)        =         2.092109         119.869020
	 B(5,4,17)        =         2.120940         121.520890
	 B(5,6,7)         =         2.118103         121.358358
	 B(5,6,19)        =         2.108941         120.833398
	 B(6,5,18)        =         2.115436         121.205569
	 B(6,7,8)         =         2.121240         121.538109
	 B(6,7,15)        =         2.081758         119.275941
	 B(7,6,19)        =         2.055902         117.794492
	 B(7,8,9)         =         2.112306         121.026213
	 B(7,8,20)        =         2.060162         118.038607
	 B(7,15,11)       =         2.082025         119.291262
	 B(8,7,15)        =         2.079889         119.168885
	 B(8,9,10)        =         2.088224         119.646399
	 B(8,9,21)        =         2.102794         120.481217
	 B(9,8,20)        =         2.110534         120.924668
	 B(9,10,11)       =         2.120443         121.492432
	 B(9,10,22)       =         2.098531         120.236973
	 B(10,9,21)       =         2.091633         119.841754
	 B(10,11,12)      =         2.020394         115.760056
	 B(10,11,15)      =         2.078475         119.087844
	 B(11,10,22)      =         2.063819         118.248142
	 B(11,12,13)      =         2.162862         123.922885
	 B(11,12,14)      =         1.918498         109.921839
	 B(12,11,15)      =         2.180455         124.930865
	 B(12,14,23)      =         1.848895         105.933880
	 B(13,12,14)      =         2.135510         122.355689
	 D(2,3,4,5)       =         3.023220         173.217736
	 D(2,3,4,17)      =        -0.109602          -6.279734
	 D(2,3,15,7)      =         3.336660         191.176538
	 D(2,3,15,11)     =         0.109960           6.300271
	 D(3,4,5,6)       =        -0.040859          -2.341022
	 D(3,4,5,18)      =        -3.148766        -180.411026
	 D(3,15,7,6)      =        -0.103616          -5.936743
	 D(3,15,7,8)      =         3.012160         172.584053
	 D(3,15,11,10)    =        -2.951180        -169.090165
	 D(3,15,11,12)    =         0.288935          16.554750
	 D(4,3,15,7)      =         0.099213           5.684510
	 D(4,3,15,11)     =         3.155699         180.808244
	 D(4,5,6,7)       =         0.030787           1.763949
	 D(4,5,6,19)      =        -3.086740        -176.857185
	 D(5,4,3,15)      =        -0.026926          -1.542772
	 D(5,6,7,8)       =        -3.070926        -175.951108
	 D(5,6,7,15)      =         0.044216           2.533415
	 D(6,5,4,17)      =         3.091784         177.146197
	 D(6,7,8,9)       =         3.081187         176.539012
	 D(6,7,8,20)      =        -0.040005          -2.292099
	 D(6,7,15,11)     =        -3.165069        -181.345118
	 D(7,6,5,18)      =        -3.144958        -180.192801
	 D(7,8,9,10)      =         0.063136           3.617448
	 D(7,8,9,21)      =        -3.113644        -178.398655
	 D(7,15,11,10)    =         0.102514           5.873619
	 D(7,15,11,12)    =        -2.940556        -168.481465
	 D(8,7,6,19)      =         0.047307           2.710504
	 D(8,7,15,11)     =        -0.049294          -2.824323
	 D(8,9,10,11)     =        -0.007634          -0.437415
	 D(8,9,10,22)     =         3.103345         177.808574
	 D(9,8,7,15)      =        -0.033983          -1.947095
	 D(9,10,11,12)    =         2.976674         170.550879
	 D(9,10,11,15)    =        -0.075258          -4.311938
	 D(10,9,8,20)     =         3.183739         182.414780
	 D(10,11,12,13)   =         0.840754          48.171627
	 D(10,11,12,14)   =        -1.923785        -110.224735
	 D(11,10,9,21)    =        -3.114267        -178.434350
	 D(11,12,14,23)   =        -3.254450        -186.466245
	 D(12,11,10,22)   =        -0.134894          -7.728882
	 D(13,12,11,15)   =        -2.396427        -137.305125
	 D(13,12,14,23)   =         0.257197          14.736328
	 D(14,12,11,15)   =         1.122221          64.298513
	 D(15,3,4,17)     =        -3.159748        -181.040242
	 D(15,7,6,19)     =         3.162450         181.195028
	 D(15,7,8,20)     =         3.128010         179.221794
	 D(15,11,10,22)   =        -3.186826        -182.591699
	 D(17,4,5,18)     =        -0.016123          -0.923808
	 D(18,5,6,19)     =         0.020701           1.186065
	 D(20,8,9,21)     =         0.006958           0.398676
	 D(21,9,10,22)    =        -0.003288          -0.188362
	 D(4,3,1,16)      =        -0.818760         -46.911511
	 D(15,3,1,16)     =         2.241396         128.422522


	        --- Internal Coordinate Step in ANG or DEG, aJ/ANG or AJ/DEG ---
	-------------------------------------------------------------------------------
	           Coordinate      Previous         Force          Change          New 
	           ----------      --------        ------          ------        ------
	               R(1,2)       1.20285        0.13857        0.00937       1.21222
	              R(1,16)       1.06049        0.03888        0.00558       1.06607
	               R(2,3)       1.42205        0.11802        0.01168       1.43373
	               R(3,4)       1.36720        0.18180        0.02738       1.39458
	              R(3,15)       1.39905        0.25251        0.04158       1.44063
	               R(4,5)       1.41134        0.01661       -0.00209       1.40925
	              R(4,17)       1.08337        0.00138        0.00106       1.08442
	               R(5,6)       1.38449       -0.06857       -0.00728       1.37721
	              R(5,18)       1.08519        0.00453        0.00063       1.08583
	               R(6,7)       1.44596       -0.14447       -0.01767       1.42829
	              R(6,19)       1.08640        0.00287        0.00039       1.08679
	               R(7,8)       1.42045       -0.00677        0.00029       1.42074
	              R(7,15)       1.42388        0.08154        0.01314       1.43702
	               R(8,9)       1.37225        0.01024        0.00013       1.37238
	              R(8,20)       1.08694        0.00370        0.00039       1.08733
	              R(9,10)       1.41413       -0.01447       -0.00285       1.41127
	              R(9,21)       1.08483        0.00570        0.00081       1.08564
	             R(10,11)       1.38638       -0.03375       -0.00337       1.38301
	             R(10,22)       1.08450        0.00602        0.00085       1.08534
	             R(11,12)       1.49926        0.02715        0.00213       1.50139
	             R(11,15)       1.43137        0.00083        0.00345       1.43482
	             R(12,13)       1.20084        0.16801        0.01166       1.21250
	             R(12,14)       1.35555        0.04161        0.00185       1.35739
	             R(14,23)       0.97418        0.01560        0.00163       0.97581
	             L(1,2,3)     176.61603        0.00015       -0.24737     176.36866
	             l(1,2,3)     180.00000        0.00055       -0.54220     179.45780
	            B(2,1,16)     174.69141        0.00030       -0.63702     174.05439
	             B(2,3,4)     114.52848        0.00100        1.17128     115.69977
	            B(2,3,15)     119.76811        0.00096        3.06554     122.83366
	             B(3,4,5)     118.91703        0.00055        1.88053     120.79756
	            B(3,4,17)     119.56011       -0.00023       -0.74859     118.81152
	            B(3,15,7)     115.75253        0.00046        0.98661     116.73914
	           B(3,15,11)     124.78016       -0.00000        0.52752     125.30767
	            B(4,3,15)     125.49893       -0.00200       -4.24823     121.25070
	             B(4,5,6)     118.89656        0.00048        0.70450     119.60106
	            B(4,5,18)     119.86902       -0.00011       -0.15483     119.71419
	            B(5,4,17)     121.52089       -0.00033       -1.13226     120.38863
	             B(5,6,7)     121.35836        0.00018       -0.09886     121.25950
	            B(5,6,19)     120.83340       -0.00013       -0.18418     120.64922
	            B(6,5,18)     121.20557       -0.00037       -0.55004     120.65553
	             B(6,7,8)     121.53811       -0.00047       -1.35716     120.18095
	            B(6,7,15)     119.27594        0.00034        0.77499     120.05093
	            B(7,6,19)     117.79449       -0.00005        0.28659     118.08108
	             B(7,8,9)     121.02621       -0.00012       -0.07243     120.95378
	            B(7,8,20)     118.03861        0.00016        0.24212     118.28072
	           B(7,15,11)     119.29126       -0.00045       -1.48960     117.80166
	            B(8,7,15)     119.16888        0.00014        0.58403     119.75291
	            B(8,9,10)     119.64640        0.00010       -0.01836     119.62804
	            B(8,9,21)     120.48122       -0.00001        0.11668     120.59789
	            B(9,8,20)     120.92467       -0.00003       -0.16800     120.75667
	           B(9,10,11)     121.49243        0.00001        0.00568     121.49811
	           B(9,10,22)     120.23697       -0.00006       -0.18188     120.05509
	           B(10,9,21)     119.84175       -0.00009       -0.09987     119.74188
	          B(10,11,12)     115.76006       -0.00030       -1.42247     114.33759
	          B(10,11,15)     119.08784        0.00033        0.96849     120.05633
	          B(11,10,22)     118.24814        0.00006        0.17267     118.42081
	          B(11,12,13)     123.92288        0.00027        1.01157     124.93445
	          B(11,12,14)     109.92184        0.00031        1.06335     110.98519
	          B(12,11,15)     124.93086       -0.00003        0.45070     125.38156
	          B(12,14,23)     105.93388        0.00003        0.02840     105.96228
	          B(13,12,14)     122.35569       -0.00006        0.26723     122.62292
	           D(2,3,4,5)     173.21774       -0.00013        0.01434     173.23208
	          D(2,3,4,17)      -6.27973       -0.00011        0.05976      -6.21997
	          D(2,3,15,7)     191.17654        0.00008        0.02716     191.20369
	         D(2,3,15,11)       6.30027        0.00015        0.31307       6.61334
	           D(3,4,5,6)      -2.34102       -0.00002        0.01483      -2.32619
	          D(3,4,5,18)    -180.41103       -0.00001        0.03804    -180.37298
	          D(3,15,7,6)      -5.93674        0.00007       -0.04624      -5.98298
	          D(3,15,7,8)     172.58405        0.00008        0.01731     172.60136
	        D(3,15,11,10)    -169.09017       -0.00012       -0.08797    -169.17814
	        D(3,15,11,12)      16.55475       -0.00012        0.03051      16.58526
	          D(4,3,15,7)       5.68451       -0.00024       -0.05108       5.63343
	         D(4,3,15,11)     180.80824       -0.00016        0.23483     181.04308
	           D(4,5,6,7)       1.76395       -0.00001        0.14037       1.90432
	          D(4,5,6,19)    -176.85719       -0.00003       -0.05405    -176.91123
	          D(5,4,3,15)      -1.54277        0.00016       -0.03200      -1.57477
	           D(5,6,7,8)    -175.95111       -0.00004       -0.24652    -176.19763
	          D(5,6,7,15)       2.53342       -0.00002       -0.15281       2.38060
	          D(6,5,4,17)     177.14620       -0.00004       -0.02897     177.11723
	           D(6,7,8,9)     176.53901        0.00007        0.33649     176.87550
	          D(6,7,8,20)      -2.29210        0.00005        0.24076      -2.05133
	         D(6,7,15,11)    -181.34512       -0.00002       -0.40370    -181.74881
	          D(7,6,5,18)    -180.19280       -0.00001        0.12515    -180.06765
	          D(7,8,9,10)       3.61745       -0.00002       -0.00094       3.61651
	          D(7,8,9,21)    -178.39865       -0.00002       -0.05354    -178.45220
	        D(7,15,11,10)       5.87362       -0.00001        0.31370       6.18732
	        D(7,15,11,12)    -168.48147       -0.00000        0.43218    -168.04928
	          D(8,7,6,19)       2.71050       -0.00003       -0.06307       2.64743
	         D(8,7,15,11)      -2.82432       -0.00001       -0.34015      -3.16447
	         D(8,9,10,11)      -0.43741       -0.00001       -0.07562      -0.51303
	         D(8,9,10,22)     177.80857       -0.00002       -0.20523     177.60334
	          D(9,8,7,15)      -1.94709        0.00005        0.24012      -1.70698
	        D(9,10,11,12)     170.55088        0.00001       -0.18468     170.36620
	        D(9,10,11,15)      -4.31194        0.00000       -0.16631      -4.47825
	         D(10,9,8,20)     182.41478        0.00000        0.10197     182.51675
	       D(10,11,12,13)      48.17163        0.00061        4.09906      52.27068
	       D(10,11,12,14)    -110.22473       -0.00080       -3.97306    -114.19780
	        D(11,10,9,21)    -178.43435       -0.00002       -0.02788    -178.46223
	       D(11,12,14,23)    -186.46625        0.00070        3.86816    -182.59808
	       D(12,11,10,22)      -7.72888        0.00001       -0.05114      -7.78002
	       D(13,12,11,15)    -137.30513        0.00063        4.10176    -133.20337
	       D(13,12,14,23)      14.73633       -0.00076       -4.16981      10.56651
	       D(14,12,11,15)      64.29851       -0.00077       -3.97036      60.32815
	         D(15,3,4,17)    -181.04024        0.00018        0.01342    -181.02682
	         D(15,7,6,19)     181.19503       -0.00001        0.03063     181.22566
	         D(15,7,8,20)     179.22179        0.00002        0.14439     179.36619
	       D(15,11,10,22)    -182.59170        0.00001       -0.03277    -182.62447
	         D(17,4,5,18)      -0.92381       -0.00003       -0.00576      -0.92957
	         D(18,5,6,19)       1.18606       -0.00003       -0.06926       1.11680
	         D(20,8,9,21)       0.39868        0.00001        0.04937       0.44805
	        D(21,9,10,22)      -0.18836       -0.00003       -0.15749      -0.34585
	          D(4,3,1,16)     -46.91151       -0.00078       -0.08027     -46.99178
	         D(15,3,1,16)     128.42252        0.00077       -0.12838     128.29414
	-------------------------------------------------------------------------------

	                                 ==> Convergence Check <==                                  
    
	Measures of convergence in internal coordinates in au.
    
	Criteria marked as inactive (o), active & met (*), and active & unmet ( ).

	----------------------------------------------------------------------------------------------
	   Step    Total Energy     Delta E     Max Force     RMS Force      Max Disp      RMS Disp   
	----------------------------------------------------------------------------------------------
	  Convergence Criteria     1.00e-06 *    3.00e-04 *             o    1.20e-03 *             o
	----------------------------------------------------------------------------------------------
	     4    -650.58325086    3.81e-03      3.06e-02      6.74e-03 o    7.86e-02      2.25e-02 o  ~
	----------------------------------------------------------------------------------------------

Next Geometry in Ang 
	Fragment 1 (Ang)

	    C   2.5603610068  -2.3843036140  -0.6144703018
	    C   1.4638092795  -1.8857137019  -0.4785740152
	    C   0.1321810233  -1.3665460118  -0.3653832106
	    C  -0.8952227940  -2.2903356767  -0.5548590542
	    C  -2.2391509691  -1.9311920232  -0.3293310945
	    C  -2.5378089529  -0.6673979745   0.1292838287
	    C  -1.5133809617   0.3044170052   0.3440907482
	    C  -1.8370827754   1.5738914975   0.8937804769
	    C  -0.8575684350   2.4957822542   1.1659774394
	    C   0.4822997666   2.2110780595   0.8262868485
	    C   0.8382853298   1.0143809194   0.2313793286
	    C   2.2539101659   0.9679936694  -0.2666336371
	    O   3.2323289629   1.2394123435   0.3960718251
	    O   2.2901820532   0.8731579188  -1.6202236295
	    C  -0.1462224060  -0.0103545440   0.0329442480
	    H   3.5017717870  -2.8836415208  -0.6445550844
	    H  -0.6418671860  -3.2961873669  -0.8711595594
	    H  -3.0256772729  -2.6627411129  -0.4881706238
	    H  -3.5633236633  -0.3884548495   0.3564946472
	    H  -2.8803440659   1.7906381134   1.1103780469
	    H  -1.1087800504   3.4544728289   1.6091753119
	    H   1.2567467152   2.9507095565   1.0027657399
	    H   3.2345534523   0.8909342403  -1.8652682588


    Structure for next step:
    Molecular point group: c1
    Full point group: C1

    Geometry (in Angstrom), charge = 0, multiplicity = 1:

    C            2.560361006821    -2.384303614044    -0.614470301767
    C            1.463809279531    -1.885713701941    -0.478574015216
    C            0.132181023255    -1.366546011842    -0.365383210620
    C           -0.895222793952    -2.290335676724    -0.554859054245
    C           -2.239150969099    -1.931192023227    -0.329331094538
    C           -2.537808952874    -0.667397974488     0.129283828729
    C           -1.513380961728     0.304417005193     0.344090748194
    C           -1.837082775363     1.573891497508     0.893780476913
    C           -0.857568434997     2.495782254212     1.165977439377
    C            0.482299766567     2.211078059464     0.826286848539
    C            0.838285329785     1.014380919375     0.231379328611
    C            2.253910165861     0.967993669354    -0.266633637094
    O            3.232328962873     1.239412343462     0.396071825098
    O            2.290182053180     0.873157918794    -1.620223629464
    C           -0.146222406032    -0.010354543983     0.032944247958
    H            3.501771787007    -2.883641520816    -0.644555084442
    H           -0.641867185969    -3.296187366918    -0.871159559362
    H           -3.025677272877    -2.662741112894    -0.488170623789
    H           -3.563323663252    -0.388454849519     0.356494647153
    H           -2.880344065856     1.790638113423     1.110378046942
    H           -1.108780050359     3.454472828888     1.609175311923
    H            1.256746715217     2.950709556463     1.002765739920
    H            3.234553452263     0.890934240259    -1.865268258820


Scratch directory: /tmp/
gradient() will perform analytic gradient computation.
   => Libint2 <=

    Primary   basis highest AM E, G, H:  7, 6, 3
    Auxiliary basis highest AM E, G, H:  7, 7, 4
    Onebody   basis highest AM E, G, H:  -, -, -
    Solid Harmonics ordering:            Gaussian

*** tstart() called on ubuntu-32gb-hel1-14
*** at Tue Sep 29 23:05:10 2026

   => Loading Basis Set <=

    Name: 6-31G*
    Role: ORBITAL
    Keyword: BASIS
    atoms 1-12, 15 entry C          line   111 file /root/miniforge3/envs/qc/share/psi4/basis/6-31gs.gbs 
    atoms 13-14    entry O          line   145 file /root/miniforge3/envs/qc/share/psi4/basis/6-31gs.gbs 
    atoms 16-23    entry H          line    44 file /root/miniforge3/envs/qc/share/psi4/basis/6-31gs.gbs 


         ---------------------------------------------------------
                                   SCF
               by Justin Turney, Rob Parrish, Andy Simmonett
                          and Daniel G. A. Smith
                              RKS Reference
                       16 Threads,  22888 MiB Core
         ---------------------------------------------------------

  ==> Geometry <==

    Molecular point group: c1
    Full point group: C1

    Geometry (in Angstrom), charge = 0, multiplicity = 1:

       Center              X                  Y                   Z               Mass       
    ------------   -----------------  -----------------  -----------------  -----------------
         C            2.560361006821    -2.384303614044    -0.614470301767    12.000000000000
         C            1.463809279531    -1.885713701941    -0.478574015216    12.000000000000
         C            0.132181023255    -1.366546011842    -0.365383210620    12.000000000000
         C           -0.895222793952    -2.290335676724    -0.554859054245    12.000000000000
         C           -2.239150969099    -1.931192023227    -0.329331094538    12.000000000000
         C           -2.537808952874    -0.667397974488     0.129283828729    12.000000000000
         C           -1.513380961728     0.304417005193     0.344090748194    12.000000000000
         C           -1.837082775363     1.573891497508     0.893780476913    12.000000000000
         C           -0.857568434997     2.495782254212     1.165977439377    12.000000000000
         C            0.482299766567     2.211078059464     0.826286848539    12.000000000000
         C            0.838285329785     1.014380919375     0.231379328611    12.000000000000
         C            2.253910165861     0.967993669354    -0.266633637094    12.000000000000
         O            3.232328962873     1.239412343462     0.396071825098    15.994914619570
         O            2.290182053180     0.873157918794    -1.620223629464    15.994914619570
         C           -0.146222406032    -0.010354543983     0.032944247958    12.000000000000
         H            3.501771787007    -2.883641520816    -0.644555084442     1.007825032230
         H           -0.641867185969    -3.296187366918    -0.871159559362     1.007825032230
         H           -3.025677272877    -2.662741112894    -0.488170623789     1.007825032230
         H           -3.563323663252    -0.388454849519     0.356494647153     1.007825032230
         H           -2.880344065856     1.790638113423     1.110378046942     1.007825032230
         H           -1.108780050359     3.454472828888     1.609175311923     1.007825032230
         H            1.256746715217     2.950709556463     1.002765739920     1.007825032230
         H            3.234553452263     0.890934240259    -1.865268258820     1.007825032230

  Running in c1 symmetry.

  Rotational constants: A =      0.02811  B =      0.02153  C =      0.01306 [cm^-1]
  Rotational constants: A =    842.81362  B =    645.58673  C =    391.67189 [MHz]
  Nuclear repulsion =  886.714273676061566

  Charge       = 0
  Multiplicity = 1
  Electrons    = 102
  Nalpha       = 51
  Nbeta        = 51

  ==> Algorithm <==

  SCF Algorithm Type is DF.
  DIIS enabled.
  MOM disabled.
  Fractional occupation disabled.
  Guess Type is READ.
  Energy threshold   = 1.00e-08
  Density threshold  = 1.00e-08
  Integral threshold = 1.00e-12

  ==> Primary Basis <==

  Basis Set: 6-31G*
    Blend: 6-31G*
    Number of shells: 106
    Number of basis functions: 241
    Number of Cartesian functions: 241
    Spherical Harmonics?: false
    Max angular momentum: 2

  ==> DFT Potential <==

   => LibXC <=

    Version 7.1.2
    S. Lehtola, C. Steigemann, M. J. T. Oliveira, and M. A. L. Marques,  SoftwareX 7, 1–5 (2018) (10.1016/j.softx.2017.11.002)

   => Composite Functional: B3LYP <= 

    B3LYP Hyb-GGA Exchange-Correlation Functional

    P. J. Stephens, F. J. Devlin, C. F. Chabalowski, and M. J. Frisch,  J. Phys. Chem. 98, 11623 (1994) (10.1021/j100096a001)

    Deriv               =              1
    GGA                 =           TRUE
    Meta                =          FALSE

    Exchange Hybrid     =           TRUE
    MP2 Hybrid          =          FALSE

   => Exchange Functionals <=

    0.0800   Slater exchange
    0.7200         Becke 88

   => Exact (HF) Exchange <=

    0.2000               HF 

   => Correlation Functionals <=

    0.1900   Vosko, Wilk & Nusair (VWN5_RPA)
    0.8100   Lee, Yang & Parr

   => LibXC Density Thresholds  <==

    XC_HYB_GGA_XC_B3LYP:  1.00E-15 

   => Molecular Quadrature <=

    Radial Scheme          =       TREUTLER
    Pruning Scheme         =           NONE
    Nuclear Scheme         =       TREUTLER

    Blocking Scheme        =         OCTREE
    BS radius alpha        =              1
    Pruning alpha          =              1
    Radial Points          =             75
    Spherical Points       =            302
    Total Points           =         474061
    Total Blocks           =           3470
    Max Points             =            256
    Max Functions          =            227
    Weights Tolerance      =       1.00E-15

   => Loading Basis Set <=

    Name: (6-31G* AUX)
    Role: JKFIT
    Keyword: DF_BASIS_SCF
    atoms 1-12, 15 entry C          line   121 file /root/miniforge3/envs/qc/share/psi4/basis/cc-pvdz-jkfit.gbs 
    atoms 13-14    entry O          line   221 file /root/miniforge3/envs/qc/share/psi4/basis/cc-pvdz-jkfit.gbs 
    atoms 16-23    entry H          line    51 file /root/miniforge3/envs/qc/share/psi4/basis/cc-pvdz-jkfit.gbs 

   => Loading Basis Set <=

    Name: 6-31G*
    Role: ORBITAL
    Keyword: BASIS
    atoms 1-12, 15 entry C          line   111 file /root/miniforge3/envs/qc/share/psi4/basis/6-31gs.gbs 
    atoms 13-14    entry O          line   145 file /root/miniforge3/envs/qc/share/psi4/basis/6-31gs.gbs 
    atoms 16-23    entry H          line    44 file /root/miniforge3/envs/qc/share/psi4/basis/6-31gs.gbs 

  Reading orbitals from file /tmp/psi4.default.2140910.180.npy, no projection.

  ==> Integral Setup <==

  DFHelper Memory: AOs need 0.579 GiB; user supplied 14.836 GiB. 
  SCF_SUBTYPE=INCORE selected. In-core MEM_DF algorithm will be used.
  Using in-core AOs.

  ==> MemDFJK: Density-Fitted J/K Matrices <==

    J tasked:                   Yes
    K tasked:                   Yes
    wK tasked:                   No
    OpenMP threads:              16
    Memory [MiB]:             15191
    Algorithm:                 Core
    Schwarz Cutoff:           1E-12
    Mask sparsity (%):      11.1568
    Fitting Condition:        1E-10

   => Auxiliary Basis Set <=

  Basis Set: (6-31G* AUX)
    Blend: CC-PVDZ-JKFIT
    Number of shells: 432
    Number of basis functions: 1415
    Number of Cartesian functions: 1415
    Spherical Harmonics?: false
    Max angular momentum: 3

  Cached 100.0% of DFT collocation blocks in 1.928 [GiB].

  Minimum eigenvalue in the overlap matrix is 2.4788263289E-04.
  Reciprocal condition number of the overlap matrix is 3.1372951082E-05.
    Using symmetric orthogonalization.

  ==> Pre-Iterations <==

  SCF Guess: Orbitals guess was supplied from a previous computation.

   -------------------------------------------------------
    Irrep   Nso     Nmo     Nalpha   Nbeta   Ndocc  Nsocc
   -------------------------------------------------------
     A        241     241      51      51      51       0
   -------------------------------------------------------
    Total     241     241      51      51      51       0
   -------------------------------------------------------

  ==> Iterations <==

                           Total Energy        Delta E     RMS |[F,P]|

   @DF-RKS iter   0:  -650.52632784122488   -6.50526e+02   8.05904e-04 
   @DF-RKS iter   1:  -650.58765664597558   -6.13288e-02   3.01598e-04 DIIS/ADIIS
   @DF-RKS iter   2:  -650.57454528398694    1.31114e-02   7.03573e-04 DIIS/ADIIS
   @DF-RKS iter   3:  -650.59076275072471   -1.62175e-02   8.54398e-05 DIIS
   @DF-RKS iter   4:  -650.59095453804593   -1.91787e-04   2.52458e-05 DIIS
   @DF-RKS iter   5:  -650.59097049361935   -1.59556e-05   8.96818e-06 DIIS
   @DF-RKS iter   6:  -650.59097260741873   -2.11380e-06   3.45500e-06 DIIS
   @DF-RKS iter   7:  -650.59097295905372   -3.51635e-07   8.27807e-07 DIIS
   @DF-RKS iter   8:  -650.59097297675316   -1.76994e-08   4.24282e-07 DIIS
   @DF-RKS iter   9:  -650.59097298202573   -5.27257e-09   7.15449e-08 DIIS
   @DF-RKS iter  10:  -650.59097298214749   -1.21759e-10   4.72853e-08 DIIS
   @DF-RKS iter  11:  -650.59097298221388   -6.63931e-11   1.34740e-08 DIIS
   @DF-RKS iter  12:  -650.59097298221695   -3.06954e-12   7.15441e-09 DIIS
  Energy and wave function converged.


  ==> Post-Iterations <==

   Electrons on quadrature grid:
      Ntotal   =  101.9999984869 ; deviation = -1.513e-06 

    Orbital Energies [Eh]
    ---------------------

    Doubly Occupied:                                                      

       1A    -19.190216     2A    -19.134427     3A    -10.320600  
       4A    -10.225939     5A    -10.221335     6A    -10.214933  
       7A    -10.212912     8A    -10.206289     9A    -10.205809  
      10A    -10.204927    11A    -10.204743    12A    -10.202807  
      13A    -10.202437    14A    -10.193896    15A    -10.188445  
      16A     -1.099114    17A     -1.008953    18A     -0.888087  
      19A     -0.838163    20A     -0.801874    21A     -0.761184  
      22A     -0.754172    23A     -0.724027    24A     -0.663054  
      25A     -0.639468    26A     -0.627328    27A     -0.594711  
      28A     -0.548301    29A     -0.527453    30A     -0.517047  
      31A     -0.506067    32A     -0.483738    33A     -0.473858  
      34A     -0.463345    35A     -0.452883    36A     -0.436089  
      37A     -0.422131    38A     -0.410422    39A     -0.403700  
      40A     -0.400784    41A     -0.384418    42A     -0.356608  
      43A     -0.354549    44A     -0.344351    45A     -0.319964  
      46A     -0.309223    47A     -0.279365    48A     -0.275164  
      49A     -0.262803    50A     -0.256194    51A     -0.218135  

    Virtual:                                                              

      52A     -0.062986    53A     -0.023257    54A     -0.012118  
      55A      0.022797    56A      0.056116    57A      0.070596  
      58A      0.088842    59A      0.092151    60A      0.108555  
      61A      0.113785    62A      0.128136    63A      0.136913  
      64A      0.166164    65A      0.168755    66A      0.184830  
      67A      0.197206    68A      0.230249    69A      0.247002  
      70A      0.257202    71A      0.268411    72A      0.279799  
      73A      0.301948    74A      0.313425    75A      0.340542  
      76A      0.352281    77A      0.372828    78A      0.405564  
      79A      0.432940    80A      0.457841    81A      0.474679  
      82A      0.490372    83A      0.493843    84A      0.509687  
      85A      0.520384    86A      0.528813    87A      0.534990  
      88A      0.544171    89A      0.553927    90A      0.564358  
      91A      0.572064    92A      0.582768    93A      0.588804  
      94A      0.594446    95A      0.601283    96A      0.604934  
      97A      0.610090    98A      0.615026    99A      0.631446  
     100A      0.641448   101A      0.656454   102A      0.666720  
     103A      0.672081   104A      0.687166   105A      0.719720  
     106A      0.737051   107A      0.741493   108A      0.750820  
     109A      0.775962   110A      0.792321   111A      0.804588  
     112A      0.814216   113A      0.822476   114A      0.834249  
     115A      0.841149   116A      0.860339   117A      0.867048  
     118A      0.872255   119A      0.885008   120A      0.887204  
     121A      0.910340   122A      0.922602   123A      0.943194  
     124A      0.950932   125A      0.976642   126A      1.000728  
     127A      1.017386   128A      1.030858   129A      1.061590  
     130A      1.066772   131A      1.069177   132A      1.086472  
     133A      1.108147   134A      1.129697   135A      1.145555  
     136A      1.163382   137A      1.188687   138A      1.203615  
     139A      1.237848   140A      1.241512   141A      1.252202  
     142A      1.261817   143A      1.280593   144A      1.291082  
     145A      1.366359   146A      1.389005   147A      1.402417  
     148A      1.428778   149A      1.443712   150A      1.455505  
     151A      1.469274   152A      1.477968   153A      1.492273  
     154A      1.498666   155A      1.526082   156A      1.536861  
     157A      1.553692   158A      1.559347   159A      1.608060  
     160A      1.625896   161A      1.691994   162A      1.723787  
     163A      1.738709   164A      1.746189   165A      1.753548  
     166A      1.767736   167A      1.791229   168A      1.800140  
     169A      1.817452   170A      1.836775   171A      1.860290  
     172A      1.870549   173A      1.897734   174A      1.899366  
     175A      1.913906   176A      1.916631   177A      1.921041  
     178A      1.934013   179A      1.969958   180A      1.982761  
     181A      2.005496   182A      2.014068   183A      2.024699  
     184A      2.055177   185A      2.129653   186A      2.134828  
     187A      2.137952   188A      2.152781   189A      2.165194  
     190A      2.186602   191A      2.196388   192A      2.251734  
     193A      2.271587   194A      2.272731   195A      2.303680  
     196A      2.324151   197A      2.332347   198A      2.349381  
     199A      2.384629   200A      2.430152   201A      2.469527  
     202A      2.479751   203A      2.548659   204A      2.580599  
     205A      2.598927   206A      2.616541   207A      2.633187  
     208A      2.641620   209A      2.665361   210A      2.690342  
     211A      2.702717   212A      2.760704   213A      2.767321  
     214A      2.780676   215A      2.811289   216A      2.825710  
     217A      2.848242   218A      2.893920   219A      2.926808  
     220A      2.985470   221A      3.011203   222A      3.089740  
     223A      3.192016   224A      3.297703   225A      3.407530  
     226A      3.509273   227A      3.837407   228A      4.045061  
     229A      4.078339   230A      4.086887   231A      4.099602  
     232A      4.125172   233A      4.145988   234A      4.196984  
     235A      4.285326   236A      4.334603   237A      4.353704  
     238A      4.450370   239A      4.520190   240A      4.671606  
     241A      4.903357  

    Final Occupation by Irrep:
              A 
    DOCC [    51 ]
    NA   [    51 ]
    NB   [    51 ]

  @DF-RKS Final Energy:  -650.59097298221695

   => Energetics <=

    Nuclear Repulsion Energy =            886.7142736760615662
    One-Electron Energy =               -2642.0426259934602058
    Two-Electron Energy =                1178.0362223245956557
    DFT Exchange-Correlation Energy =     -73.2988429894139699
    Empirical Dispersion Energy =           0.0000000000000000
    VV10 Nonlocal Energy =                  0.0000000000000000
    Total Energy =                       -650.5909729822169538

Computation Completed


Properties will be evaluated at   0.000000,   0.000000,   0.000000 [a0]

Properties computed using the SCF density matrix


 Multipole Moments:

 ------------------------------------------------------------------------------------
     Multipole            Electronic (a.u.)      Nuclear  (a.u.)        Total (a.u.)
 ------------------------------------------------------------------------------------

 L = 1.  Multiply by 2.5417464519 to convert [e a0] to [Debye]
 Dipole X            :        -52.1783833           51.3620446           -0.8163386
 Dipole Y            :         -9.5104119            9.3475135           -0.1628984
 Dipole Z            :          6.3164719           -6.6076250           -0.2911532
 Magnitude           :                                                    0.8818814

 ------------------------------------------------------------------------------------

*** tstop() called on ubuntu-32gb-hel1-14 at Tue Sep 29 23:05:17 2026
Module time:
	user time   =     108.13 seconds =       1.80 minutes
	system time =       4.23 seconds =       0.07 minutes
	total time  =          7 seconds =       0.12 minutes
Total time:
	user time   =    1791.02 seconds =      29.85 minutes
	system time =      77.74 seconds =       1.30 minutes
	total time  =        125 seconds =       2.08 minutes

*** tstart() called on ubuntu-32gb-hel1-14
*** at Tue Sep 29 23:05:17 2026


         ------------------------------------------------------------
                                   SCF GRAD                          
                          Rob Parrish, Justin Turney,                
                       Andy Simmonett, and Alex Sokolov              
         ------------------------------------------------------------

  ==> Geometry <==

    Molecular point group: c1
    Full point group: C1

    Geometry (in Angstrom), charge = 0, multiplicity = 1:

       Center              X                  Y                   Z               Mass       
    ------------   -----------------  -----------------  -----------------  -----------------
         C            2.560361006821    -2.384303614044    -0.614470301767    12.000000000000
         C            1.463809279531    -1.885713701941    -0.478574015216    12.000000000000
         C            0.132181023255    -1.366546011842    -0.365383210620    12.000000000000
         C           -0.895222793952    -2.290335676724    -0.554859054245    12.000000000000
         C           -2.239150969099    -1.931192023227    -0.329331094538    12.000000000000
         C           -2.537808952874    -0.667397974488     0.129283828729    12.000000000000
         C           -1.513380961728     0.304417005193     0.344090748194    12.000000000000
         C           -1.837082775363     1.573891497508     0.893780476913    12.000000000000
         C           -0.857568434997     2.495782254212     1.165977439377    12.000000000000
         C            0.482299766567     2.211078059464     0.826286848539    12.000000000000
         C            0.838285329785     1.014380919375     0.231379328611    12.000000000000
         C            2.253910165861     0.967993669354    -0.266633637094    12.000000000000
         O            3.232328962873     1.239412343462     0.396071825098    15.994914619570
         O            2.290182053180     0.873157918794    -1.620223629464    15.994914619570
         C           -0.146222406032    -0.010354543983     0.032944247958    12.000000000000
         H            3.501771787007    -2.883641520816    -0.644555084442     1.007825032230
         H           -0.641867185969    -3.296187366918    -0.871159559362     1.007825032230
         H           -3.025677272877    -2.662741112894    -0.488170623789     1.007825032230
         H           -3.563323663252    -0.388454849519     0.356494647153     1.007825032230
         H           -2.880344065856     1.790638113423     1.110378046942     1.007825032230
         H           -1.108780050359     3.454472828888     1.609175311923     1.007825032230
         H            1.256746715217     2.950709556463     1.002765739920     1.007825032230
         H            3.234553452263     0.890934240259    -1.865268258820     1.007825032230

  Nuclear repulsion =  886.714273676061566

  ==> Basis Set <==

  Basis Set: 6-31G*
    Blend: 6-31G*
    Number of shells: 106
    Number of basis functions: 241
    Number of Cartesian functions: 241
    Spherical Harmonics?: false
    Max angular momentum: 2

  ==> DFJKGrad: Density-Fitted SCF Gradients <==

    Gradient:                    1
    J tasked:                  Yes
    K tasked:                  Yes
    wK tasked:                  No
    OpenMP threads:             16
    Integrals threads:          16
    Memory [MiB]:            17166
    Schwarz Cutoff:          1E-12
    Fitting Condition:       1E-10

   => Auxiliary Basis Set <=

  Basis Set: (6-31G* AUX)
    Blend: CC-PVDZ-JKFIT
    Number of shells: 432
    Number of basis functions: 1415
    Number of Cartesian functions: 1415
    Spherical Harmonics?: false
    Max angular momentum: 3

  ==> DFT Potential <==

   => LibXC <=

    Version 7.1.2
    S. Lehtola, C. Steigemann, M. J. T. Oliveira, and M. A. L. Marques,  SoftwareX 7, 1–5 (2018) (10.1016/j.softx.2017.11.002)

   => Composite Functional: B3LYP <= 

    B3LYP Hyb-GGA Exchange-Correlation Functional

    P. J. Stephens, F. J. Devlin, C. F. Chabalowski, and M. J. Frisch,  J. Phys. Chem. 98, 11623 (1994) (10.1021/j100096a001)

    Deriv               =              1
    GGA                 =           TRUE
    Meta                =          FALSE

    Exchange Hybrid     =           TRUE
    MP2 Hybrid          =          FALSE

   => Exchange Functionals <=

    0.0800   Slater exchange
    0.7200         Becke 88

   => Exact (HF) Exchange <=

    0.2000               HF 

   => Correlation Functionals <=

    0.1900   Vosko, Wilk & Nusair (VWN5_RPA)
    0.8100   Lee, Yang & Parr

   => LibXC Density Thresholds  <==

    XC_HYB_GGA_XC_B3LYP:  1.00E-15 

   => Molecular Quadrature <=

    Radial Scheme          =       TREUTLER
    Pruning Scheme         =           NONE
    Nuclear Scheme         =       TREUTLER

    Blocking Scheme        =         OCTREE
    BS radius alpha        =              1
    Pruning alpha          =              1
    Radial Points          =             75
    Spherical Points       =            302
    Total Points           =         474061
    Total Blocks           =           3470
    Max Points             =            256
    Max Functions          =            227
    Weights Tolerance      =       1.00E-15


  -Total Gradient:
     Atom            X                  Y                   Z
    ------   -----------------  -----------------  -----------------
       1        0.003794123198     0.001014034236    -0.003281858039
       2       -0.002061099949    -0.004146077366     0.005052519499
       3       -0.007187517497     0.005538896223     0.000798951605
       4        0.002610140813    -0.007508738745    -0.000758240686
       5       -0.001131257928    -0.001646482484     0.000027568887
       6       -0.003895004470    -0.002598350807    -0.000840699099
       7        0.002758998745     0.003628791525     0.001273824935
       8        0.001413140529     0.001199707644     0.000576927256
       9       -0.000713816826    -0.000687081939     0.000704556650
      10       -0.000523197758     0.000061900794    -0.000568606592
      11        0.002661753186     0.005819180919     0.000083212307
      12        0.001157790757    -0.014627755754     0.001582657079
      13       -0.000018157963     0.006206526554    -0.000179640312
      14       -0.000265055896     0.007700177698    -0.001380520474
      15        0.002642476183     0.002277484122    -0.002428915086
      16       -0.001109207249    -0.001432969469     0.000735725960
      17       -0.000291514606     0.000306527673    -0.000916305974
      18        0.000347843379    -0.000074999257    -0.000034357971
      19        0.000250393802     0.000164979372     0.000090905325
      20       -0.000191544944    -0.000182511651    -0.000378825409
      21       -0.000171778780    -0.000162161717    -0.000332346591
      22        0.000245744862    -0.000450800015     0.000262101506
      23       -0.000307928564    -0.000393158663    -0.000074574064


*** tstop() called on ubuntu-32gb-hel1-14 at Tue Sep 29 23:05:20 2026
Module time:
	user time   =      32.95 seconds =       0.55 minutes
	system time =       2.29 seconds =       0.04 minutes
	total time  =          3 seconds =       0.05 minutes
Total time:
	user time   =    1823.99 seconds =      30.40 minutes
	system time =      80.03 seconds =       1.33 minutes
	total time  =        128 seconds =       2.13 minutes

    			-----------------------------------------

    			 OPTKING 3.0: for geometry optimizations 

    			     By R.A. King, Bethel University     

    			        with contributions from          

    			    A.V. Copan, J. Cayton, A. Heide      

    			-----------------------------------------

    
	                            ===> Fragment 1 <== 

	 Z (Atomic Numbers)          Masses                          Geom                  
	       6.000000            12.000000          4.83838109 -4.50568083 -1.16118058   
	       6.000000            12.000000          2.76619864 -3.56348245 -0.90437382   
	       6.000000            12.000000          0.24978593 -2.58239770 -0.69047420   
	       6.000000            12.000000         -1.69172590 -4.32810716 -1.04853165   
	       6.000000            12.000000         -4.23138209 -3.64942402 -0.62234557   
	       6.000000            12.000000         -4.79576388 -1.26119939  0.24431103   
	       6.000000            12.000000         -2.85987554  0.57526477  0.65023728   
	       6.000000            12.000000         -3.47158332  2.97422388  1.68900032   
	       6.000000            12.000000         -1.62056948  4.71634493  2.20337803   
	       6.000000            12.000000          0.91141447  4.17833197  1.56145584   
	       6.000000            12.000000          1.58412969  1.91690212  0.43724356   
	       6.000000            12.000000          4.25927292  1.82924293 -0.50386455   
	       8.000000            15.994915          6.10821649  2.34214989  0.74846728   
	       8.000000            15.994915          4.32781686  1.65002933 -3.06177892   
	       6.000000            12.000000         -0.27632030 -0.01956725  0.06225561   
	       1.000000             1.007825          6.61738963 -5.44929272 -1.21803258   
	       1.000000             1.007825         -1.21295319 -6.22889138 -1.64625298   
	       1.000000             1.007825         -5.71770139 -5.03185145 -0.92250878   
	       1.000000             1.007825         -6.73370582 -0.73407328  0.67367725   
	       1.000000             1.007825         -5.44306143  3.38381562  2.09831040   
	       1.000000             1.007825         -2.09529063  6.52800755  3.04090063   
	       1.000000             1.007825          2.37490710  5.57603294  1.89495262   
	       1.000000             1.007825          6.11242016  1.68362171 -3.52484616   

	 - Coordinate -           - BOHR/RAD -       - ANG/DEG -
	 R(1,2)           =         2.290770           1.212223
	 R(1,16)          =         2.014574           1.066066
	 R(2,3)           =         2.709357           1.433730
	 R(3,4)           =         2.635370           1.394578
	 R(3,15)          =         2.722405           1.440635
	 R(4,5)           =         2.663099           1.409252
	 R(4,17)          =         2.049262           1.084423
	 R(5,6)           =         2.602544           1.377207
	 R(5,18)          =         2.051913           1.085826
	 R(6,7)           =         2.699081           1.428292
	 R(6,19)          =         2.053737           1.086791
	 R(7,8)           =         2.684813           1.420742
	 R(7,15)          =         2.715567           1.437016
	 R(8,9)           =         2.593419           1.372378
	 R(8,20)          =         2.054757           1.087331
	 R(9,10)          =         2.666920           1.411274
	 R(9,21)          =         2.051567           1.085642
	 R(10,11)         =         2.613516           1.383013
	 R(10,22)         =         2.050999           1.085342
	 R(11,12)         =         2.837210           1.501387
	 R(11,15)         =         2.711421           1.434822
	 R(12,13)         =         2.291288           1.212497
	 R(12,14)         =         2.565101           1.357393
	 R(14,23)         =         1.844009           0.975807
	 L(1,2,3)         =         3.077510         176.328323
	 l(1,2,3)         =         3.141593         180.000000
	 B(2,1,16)        =         3.037822         174.054390
	 B(2,3,4)         =         2.019342         115.699767
	 B(2,3,15)        =         2.143852         122.833657
	 B(3,4,5)         =         2.108315         120.797565
	 B(3,4,17)        =         2.073652         118.811519
	 B(3,15,7)        =         2.037482         116.739137
	 B(3,15,11)       =         2.187032         125.307675
	 B(4,3,15)        =         2.116224         121.250695
	 B(4,5,6)         =         2.087432         119.601056
	 B(4,5,18)        =         2.089407         119.714191
	 B(5,4,17)        =         2.101178         120.388631
	 B(5,6,7)         =         2.116377         121.259499
	 B(5,6,19)        =         2.105726         120.649217
	 B(6,5,18)        =         2.105836         120.655526
	 B(6,7,8)         =         2.097553         120.180949
	 B(6,7,15)        =         2.095284         120.050932
	 B(7,6,19)        =         2.060904         118.081080
	 B(7,8,9)         =         2.111042         120.953778
	 B(7,8,20)        =         2.064388         118.280723
	 B(7,15,11)       =         2.056027         117.801663
	 B(8,7,15)        =         2.090083         119.752915
	 B(8,9,10)        =         2.087903         119.628040
	 B(8,9,21)        =         2.104830         120.597893
	 B(9,8,20)        =         2.107601         120.756667
	 B(9,10,11)       =         2.120542         121.498115
	 B(9,10,22)       =         2.095357         120.055091
	 B(10,9,21)       =         2.089890         119.741883
	 B(10,11,12)      =         1.995567         114.337589
	 B(10,11,15)      =         2.095378         120.056333
	 B(11,10,22)      =         2.066833         118.420811
	 B(11,12,13)      =         2.180518         124.934450
	 B(11,12,14)      =         1.937057         110.985190
	 B(12,11,15)      =         2.188321         125.381560
	 B(12,14,23)      =         1.849391         105.962279
	 B(13,12,14)      =         2.140174         122.622921
	 D(2,3,4,5)       =         3.023470         173.232079
	 D(2,3,4,17)      =        -0.108559          -6.219974
	 D(2,3,15,7)      =         3.337134         191.203694
	 D(2,3,15,11)     =         0.115425           6.613341
	 D(3,4,5,6)       =        -0.040600          -2.326189
	 D(3,4,5,18)      =        -3.148102        -180.372983
	 D(3,15,7,6)      =        -0.104423          -5.982981
	 D(3,15,7,8)      =         3.012462         172.601360
	 D(3,15,11,10)    =        -2.952716        -169.178139
	 D(3,15,11,12)    =         0.289467          16.585258
	 D(4,3,15,7)      =         0.098322           5.633430
	 D(4,3,15,11)     =         3.159798         181.043077
	 D(4,5,6,7)       =         0.033237           1.904321
	 D(4,5,6,19)      =        -3.087683        -176.911231
	 D(5,4,3,15)      =        -0.027485          -1.574769
	 D(5,6,7,8)       =        -3.075229        -176.197628
	 D(5,6,7,15)      =         0.041549           2.380600
	 D(6,5,4,17)      =         3.091279         177.117228
	 D(6,7,8,9)       =         3.087060         176.875498
	 D(6,7,8,20)      =        -0.035803          -2.051335
	 D(6,7,15,11)     =        -3.172115        -181.748814
	 D(7,6,5,18)      =        -3.142773        -180.067648
	 D(7,8,9,10)      =         0.063120           3.616506
	 D(7,8,9,21)      =        -3.114578        -178.452196
	 D(7,15,11,10)    =         0.107989           6.187319
	 D(7,15,11,12)    =        -2.933013        -168.049284
	 D(8,7,6,19)      =         0.046206           2.647432
	 D(8,7,15,11)     =        -0.055230          -3.164473
	 D(8,9,10,11)     =        -0.008954          -0.513033
	 D(8,9,10,22)     =         3.099763         177.603342
	 D(9,8,7,15)      =        -0.029792          -1.706978
	 D(9,10,11,12)    =         2.973451         170.366200
	 D(9,10,11,15)    =        -0.078160          -4.478246
	 D(10,9,8,20)     =         3.185518         182.516749
	 D(10,11,12,13)   =         0.912296          52.270683
	 D(10,11,12,14)   =        -1.993128        -114.197798
	 D(11,10,9,21)    =        -3.114753        -178.462228
	 D(11,12,14,23)   =        -3.186938        -182.598082
	 D(12,11,10,22)   =        -0.135787          -7.780024
	 D(13,12,11,15)   =        -2.324837        -133.203368
	 D(13,12,14,23)   =         0.184420          10.566515
	 D(14,12,11,15)   =         1.052925          60.328151
	 D(15,3,4,17)     =        -3.159514        -181.026822
	 D(15,7,6,19)     =         3.162984         181.225661
	 D(15,7,8,20)     =         3.130531         179.366189
	 D(15,11,10,22)   =        -3.187398        -182.624471
	 D(17,4,5,18)     =        -0.016224          -0.929566
	 D(18,5,6,19)     =         0.019492           1.116801
	 D(20,8,9,21)     =         0.007820           0.448046
	 D(21,9,10,22)    =        -0.006036          -0.345852
	 D(4,3,1,16)      =        -0.820161         -46.991784
	 D(15,3,1,16)     =         2.239155         128.294142


	        --- Internal Coordinate Step in ANG or DEG, aJ/ANG or AJ/DEG ---
	-------------------------------------------------------------------------------
	           Coordinate      Previous         Force          Change          New 
	           ----------      --------        ------          ------        ------
	               R(1,2)       1.20285        0.13857        0.00937       1.21222
	              R(1,16)       1.06049        0.03888        0.00558       1.06607
	               R(2,3)       1.42205        0.11802        0.01168       1.43373
	               R(3,4)       1.36720        0.18180        0.02738       1.39458
	              R(3,15)       1.39905        0.25251        0.04158       1.44063
	               R(4,5)       1.41134        0.01661       -0.00209       1.40925
	              R(4,17)       1.08337        0.00138        0.00106       1.08442
	               R(5,6)       1.38449       -0.06857       -0.00728       1.37721
	              R(5,18)       1.08519        0.00453        0.00063       1.08583
	               R(6,7)       1.44596       -0.14447       -0.01767       1.42829
	              R(6,19)       1.08640        0.00287        0.00039       1.08679
	               R(7,8)       1.42045       -0.00677        0.00029       1.42074
	              R(7,15)       1.42388        0.08154        0.01314       1.43702
	               R(8,9)       1.37225        0.01024        0.00013       1.37238
	              R(8,20)       1.08694        0.00370        0.00039       1.08733
	              R(9,10)       1.41413       -0.01447       -0.00285       1.41127
	              R(9,21)       1.08483        0.00570        0.00081       1.08564
	             R(10,11)       1.38638       -0.03375       -0.00337       1.38301
	             R(10,22)       1.08450        0.00602        0.00085       1.08534
	             R(11,12)       1.49926        0.02715        0.00213       1.50139
	             R(11,15)       1.43137        0.00083        0.00345       1.43482
	             R(12,13)       1.20084        0.16801        0.01166       1.21250
	             R(12,14)       1.35555        0.04161        0.00185       1.35739
	             R(14,23)       0.97418        0.01560        0.00163       0.97581
	             L(1,2,3)     176.61603        0.00015       -0.24737     176.36866
	             l(1,2,3)     180.00000        0.00055       -0.54220     179.45780
	            B(2,1,16)     174.69141        0.00030       -0.63702     174.05439
	             B(2,3,4)     114.52848        0.00100        1.17128     115.69977
	            B(2,3,15)     119.76811        0.00096        3.06554     122.83366
	             B(3,4,5)     118.91703        0.00055        1.88053     120.79756
	            B(3,4,17)     119.56011       -0.00023       -0.74859     118.81152
	            B(3,15,7)     115.75253        0.00046        0.98661     116.73914
	           B(3,15,11)     124.78016       -0.00000        0.52752     125.30767
	            B(4,3,15)     125.49893       -0.00200       -4.24823     121.25070
	             B(4,5,6)     118.89656        0.00048        0.70450     119.60106
	            B(4,5,18)     119.86902       -0.00011       -0.15483     119.71419
	            B(5,4,17)     121.52089       -0.00033       -1.13226     120.38863
	             B(5,6,7)     121.35836        0.00018       -0.09886     121.25950
	            B(5,6,19)     120.83340       -0.00013       -0.18418     120.64922
	            B(6,5,18)     121.20557       -0.00037       -0.55004     120.65553
	             B(6,7,8)     121.53811       -0.00047       -1.35716     120.18095
	            B(6,7,15)     119.27594        0.00034        0.77499     120.05093
	            B(7,6,19)     117.79449       -0.00005        0.28659     118.08108
	             B(7,8,9)     121.02621       -0.00012       -0.07243     120.95378
	            B(7,8,20)     118.03861        0.00016        0.24212     118.28072
	           B(7,15,11)     119.29126       -0.00045       -1.48960     117.80166
	            B(8,7,15)     119.16888        0.00014        0.58403     119.75291
	            B(8,9,10)     119.64640        0.00010       -0.01836     119.62804
	            B(8,9,21)     120.48122       -0.00001        0.11668     120.59789
	            B(9,8,20)     120.92467       -0.00003       -0.16800     120.75667
	           B(9,10,11)     121.49243        0.00001        0.00568     121.49811
	           B(9,10,22)     120.23697       -0.00006       -0.18188     120.05509
	           B(10,9,21)     119.84175       -0.00009       -0.09987     119.74188
	          B(10,11,12)     115.76006       -0.00030       -1.42247     114.33759
	          B(10,11,15)     119.08784        0.00033        0.96849     120.05633
	          B(11,10,22)     118.24814        0.00006        0.17267     118.42081
	          B(11,12,13)     123.92288        0.00027        1.01157     124.93445
	          B(11,12,14)     109.92184        0.00031        1.06335     110.98519
	          B(12,11,15)     124.93086       -0.00003        0.45070     125.38156
	          B(12,14,23)     105.93388        0.00003        0.02840     105.96228
	          B(13,12,14)     122.35569       -0.00006        0.26723     122.62292
	           D(2,3,4,5)     173.21774       -0.00013        0.01434     173.23208
	          D(2,3,4,17)      -6.27973       -0.00011        0.05976      -6.21997
	          D(2,3,15,7)     191.17654        0.00008        0.02716     191.20369
	         D(2,3,15,11)       6.30027        0.00015        0.31307       6.61334
	           D(3,4,5,6)      -2.34102       -0.00002        0.01483      -2.32619
	          D(3,4,5,18)    -180.41103       -0.00001        0.03804    -180.37298
	          D(3,15,7,6)      -5.93674        0.00007       -0.04624      -5.98298
	          D(3,15,7,8)     172.58405        0.00008        0.01731     172.60136
	        D(3,15,11,10)    -169.09017       -0.00012       -0.08797    -169.17814
	        D(3,15,11,12)      16.55475       -0.00012        0.03051      16.58526
	          D(4,3,15,7)       5.68451       -0.00024       -0.05108       5.63343
	         D(4,3,15,11)     180.80824       -0.00016        0.23483     181.04308
	           D(4,5,6,7)       1.76395       -0.00001        0.14037       1.90432
	          D(4,5,6,19)    -176.85719       -0.00003       -0.05405    -176.91123
	          D(5,4,3,15)      -1.54277        0.00016       -0.03200      -1.57477
	           D(5,6,7,8)    -175.95111       -0.00004       -0.24652    -176.19763
	          D(5,6,7,15)       2.53342       -0.00002       -0.15281       2.38060
	          D(6,5,4,17)     177.14620       -0.00004       -0.02897     177.11723
	           D(6,7,8,9)     176.53901        0.00007        0.33649     176.87550
	          D(6,7,8,20)      -2.29210        0.00005        0.24076      -2.05133
	         D(6,7,15,11)    -181.34512       -0.00002       -0.40370    -181.74881
	          D(7,6,5,18)    -180.19280       -0.00001        0.12515    -180.06765
	          D(7,8,9,10)       3.61745       -0.00002       -0.00094       3.61651
	          D(7,8,9,21)    -178.39865       -0.00002       -0.05354    -178.45220
	        D(7,15,11,10)       5.87362       -0.00001        0.31370       6.18732
	        D(7,15,11,12)    -168.48147       -0.00000        0.43218    -168.04928
	          D(8,7,6,19)       2.71050       -0.00003       -0.06307       2.64743
	         D(8,7,15,11)      -2.82432       -0.00001       -0.34015      -3.16447
	         D(8,9,10,11)      -0.43741       -0.00001       -0.07562      -0.51303
	         D(8,9,10,22)     177.80857       -0.00002       -0.20523     177.60334
	          D(9,8,7,15)      -1.94709        0.00005        0.24012      -1.70698
	        D(9,10,11,12)     170.55088        0.00001       -0.18468     170.36620
	        D(9,10,11,15)      -4.31194        0.00000       -0.16631      -4.47825
	         D(10,9,8,20)     182.41478        0.00000        0.10197     182.51675
	       D(10,11,12,13)      48.17163        0.00061        4.09906      52.27068
	       D(10,11,12,14)    -110.22473       -0.00080       -3.97306    -114.19780
	        D(11,10,9,21)    -178.43435       -0.00002       -0.02788    -178.46223
	       D(11,12,14,23)    -186.46625        0.00070        3.86816    -182.59808
	       D(12,11,10,22)      -7.72888        0.00001       -0.05114      -7.78002
	       D(13,12,11,15)    -137.30513        0.00063        4.10176    -133.20337
	       D(13,12,14,23)      14.73633       -0.00076       -4.16981      10.56651
	       D(14,12,11,15)      64.29851       -0.00077       -3.97036      60.32815
	         D(15,3,4,17)    -181.04024        0.00018        0.01342    -181.02682
	         D(15,7,6,19)     181.19503       -0.00001        0.03063     181.22566
	         D(15,7,8,20)     179.22179        0.00002        0.14439     179.36619
	       D(15,11,10,22)    -182.59170        0.00001       -0.03277    -182.62447
	         D(17,4,5,18)      -0.92381       -0.00003       -0.00576      -0.92957
	         D(18,5,6,19)       1.18606       -0.00003       -0.06926       1.11680
	         D(20,8,9,21)       0.39868        0.00001        0.04937       0.44805
	        D(21,9,10,22)      -0.18836       -0.00003       -0.15749      -0.34585
	          D(4,3,1,16)     -46.91151       -0.00078       -0.08027     -46.99178
	         D(15,3,1,16)     128.42252        0.00077       -0.12838     128.29414
	-------------------------------------------------------------------------------
Next Geometry in Ang 
	Fragment 1 (Ang)

	    C   2.4745809722  -2.4439503056  -0.7082842535
	    C   1.4138222250  -1.9385742820  -0.4029679207
	    C   0.1086416311  -1.3827574697  -0.2992765962
	    C  -0.8795108145  -2.3060992109  -0.5178539263
	    C  -2.2241414625  -1.9496638930  -0.3280221478
	    C  -2.5253078505  -0.6816022564   0.1243912526
	    C  -1.4958206218   0.3043683830   0.3527592761
	    C  -1.8312517277   1.5778894129   0.8825387650
	    C  -0.8666718414   2.5125130642   1.1476167617
	    C   0.4734534937   2.2400590785   0.8170500460
	    C   0.8518409561   1.0400227071   0.2416906320
	    C   2.2710116353   1.0567644058  -0.2337574058
	    O   3.2322549012   1.2884798276   0.4528770424
	    O   2.3363632281   0.8569568929  -1.5749180083
	    C  -0.1250817875  -0.0140678240   0.0669887997
	    H   3.4433824953  -2.8743141525  -0.8728879717
	    H  -0.6089133589  -3.3105896343  -0.8226976900
	    H  -3.0067054099  -2.6818753998  -0.5015880004
	    H  -3.5545589603  -0.3985174929   0.3292799364
	    H  -2.8772904686   1.7904636747   1.0864279161
	    H  -1.1306344999   3.4738909096   1.5763598544
	    H   1.2344489027   2.9975329217   0.9778429116
	    H   3.2860883729   0.8430706530  -1.7935692534


    Structure for next step:
    Molecular point group: c1
    Full point group: C1

    Geometry (in Angstrom), charge = 0, multiplicity = 1:

    C            2.474580972223    -2.443950305649    -0.708284253473
    C            1.413822224995    -1.938574282032    -0.402967920658
    C            0.108641631133    -1.382757469717    -0.299276596203
    C           -0.879510814535    -2.306099210888    -0.517853926318
    C           -2.224141462478    -1.949663893004    -0.328022147797
    C           -2.525307850512    -0.681602256351     0.124391252605
    C           -1.495820621836     0.304368382989     0.352759276089
    C           -1.831251727661     1.577889412864     0.882538764998
    C           -0.866671841428     2.512513064237     1.147616761686
    C            0.473453493733     2.240059078480     0.817050046024
    C            0.851840956079     1.040022707110     0.241690631958
    C            2.271011635317     1.056764405844    -0.233757405798
    O            3.232254901186     1.288479827644     0.452877042406
    O            2.336363228064     0.856956892913    -1.574918008291
    C           -0.125081787462    -0.014067824049     0.066988799712
    H            3.443382495312    -2.874314152451    -0.872887971738
    H           -0.608913358910    -3.310589634271    -0.822697689955
    H           -3.006705409939    -2.681875399772    -0.501588000389
    H           -3.554558960347    -0.398517492910     0.329279936426
    H           -2.877290468597     1.790463674670     1.086427916077
    H           -1.130634499917     3.473890909588     1.576359854391
    H            1.234448902674     2.997532921738     0.977842911645
    H            3.286088372907     0.843070653014    -1.793569253398


Scratch directory: /tmp/
gradient() will perform analytic gradient computation.
   => Libint2 <=

    Primary   basis highest AM E, G, H:  7, 6, 3
    Auxiliary basis highest AM E, G, H:  7, 7, 4
    Onebody   basis highest AM E, G, H:  -, -, -
    Solid Harmonics ordering:            Gaussian

*** tstart() called on ubuntu-32gb-hel1-14
*** at Tue Sep 29 23:05:21 2026

   => Loading Basis Set <=

    Name: 6-31G*
    Role: ORBITAL
    Keyword: BASIS
    atoms 1-12, 15 entry C          line   111 file /root/miniforge3/envs/qc/share/psi4/basis/6-31gs.gbs 
    atoms 13-14    entry O          line   145 file /root/miniforge3/envs/qc/share/psi4/basis/6-31gs.gbs 
    atoms 16-23    entry H          line    44 file /root/miniforge3/envs/qc/share/psi4/basis/6-31gs.gbs 


         ---------------------------------------------------------
                                   SCF
               by Justin Turney, Rob Parrish, Andy Simmonett
                          and Daniel G. A. Smith
                              RKS Reference
                       16 Threads,  22888 MiB Core
         ---------------------------------------------------------

  ==> Geometry <==

    Molecular point group: c1
    Full point group: C1

    Geometry (in Angstrom), charge = 0, multiplicity = 1:

       Center              X                  Y                   Z               Mass       
    ------------   -----------------  -----------------  -----------------  -----------------
         C            2.474580972223    -2.443950305649    -0.708284253473    12.000000000000
         C            1.413822224995    -1.938574282032    -0.402967920658    12.000000000000
         C            0.108641631133    -1.382757469717    -0.299276596203    12.000000000000
         C           -0.879510814535    -2.306099210888    -0.517853926318    12.000000000000
         C           -2.224141462478    -1.949663893004    -0.328022147797    12.000000000000
         C           -2.525307850512    -0.681602256351     0.124391252605    12.000000000000
         C           -1.495820621836     0.304368382989     0.352759276089    12.000000000000
         C           -1.831251727661     1.577889412864     0.882538764998    12.000000000000
         C           -0.866671841428     2.512513064237     1.147616761686    12.000000000000
         C            0.473453493733     2.240059078480     0.817050046024    12.000000000000
         C            0.851840956079     1.040022707110     0.241690631958    12.000000000000
         C            2.271011635317     1.056764405844    -0.233757405798    12.000000000000
         O            3.232254901186     1.288479827644     0.452877042406    15.994914619570
         O            2.336363228064     0.856956892913    -1.574918008291    15.994914619570
         C           -0.125081787462    -0.014067824049     0.066988799712    12.000000000000
         H            3.443382495312    -2.874314152451    -0.872887971738     1.007825032230
         H           -0.608913358910    -3.310589634271    -0.822697689955     1.007825032230
         H           -3.006705409939    -2.681875399772    -0.501588000389     1.007825032230
         H           -3.554558960347    -0.398517492910     0.329279936426     1.007825032230
         H           -2.877290468597     1.790463674670     1.086427916077     1.007825032230
         H           -1.130634499917     3.473890909588     1.576359854391     1.007825032230
         H            1.234448902674     2.997532921738     0.977842911645     1.007825032230
         H            3.286088372907     0.843070653014    -1.793569253398     1.007825032230

  Running in c1 symmetry.

  Rotational constants: A =      0.02771  B =      0.02165  C =      0.01296 [cm^-1]
  Rotational constants: A =    830.59164  B =    649.03106  C =    388.62633 [MHz]
  Nuclear repulsion =  885.828241364014161

  Charge       = 0
  Multiplicity = 1
  Electrons    = 102
  Nalpha       = 51
  Nbeta        = 51

  ==> Algorithm <==

  SCF Algorithm Type is DF.
  DIIS enabled.
  MOM disabled.
  Fractional occupation disabled.
  Guess Type is READ.
  Energy threshold   = 1.00e-08
  Density threshold  = 1.00e-08
  Integral threshold = 1.00e-12

  ==> Primary Basis <==

  Basis Set: 6-31G*
    Blend: 6-31G*
    Number of shells: 106
    Number of basis functions: 241
    Number of Cartesian functions: 241
    Spherical Harmonics?: false
    Max angular momentum: 2

  ==> DFT Potential <==

   => LibXC <=

    Version 7.1.2
    S. Lehtola, C. Steigemann, M. J. T. Oliveira, and M. A. L. Marques,  SoftwareX 7, 1–5 (2018) (10.1016/j.softx.2017.11.002)

   => Composite Functional: B3LYP <= 

    B3LYP Hyb-GGA Exchange-Correlation Functional

    P. J. Stephens, F. J. Devlin, C. F. Chabalowski, and M. J. Frisch,  J. Phys. Chem. 98, 11623 (1994) (10.1021/j100096a001)

    Deriv               =              1
    GGA                 =           TRUE
    Meta                =          FALSE

    Exchange Hybrid     =           TRUE
    MP2 Hybrid          =          FALSE

   => Exchange Functionals <=

    0.0800   Slater exchange
    0.7200         Becke 88

   => Exact (HF) Exchange <=

    0.2000               HF 

   => Correlation Functionals <=

    0.1900   Vosko, Wilk & Nusair (VWN5_RPA)
    0.8100   Lee, Yang & Parr

   => LibXC Density Thresholds  <==

    XC_HYB_GGA_XC_B3LYP:  1.00E-15 

   => Molecular Quadrature <=

    Radial Scheme          =       TREUTLER
    Pruning Scheme         =           NONE
    Nuclear Scheme         =       TREUTLER

    Blocking Scheme        =         OCTREE
    BS radius alpha        =              1
    Pruning alpha          =              1
    Radial Points          =             75
    Spherical Points       =            302
    Total Points           =         474109
    Total Blocks           =           3474
    Max Points             =            256
    Max Functions          =            227
    Weights Tolerance      =       1.00E-15

   => Loading Basis Set <=

    Name: (6-31G* AUX)
    Role: JKFIT
    Keyword: DF_BASIS_SCF
    atoms 1-12, 15 entry C          line   121 file /root/miniforge3/envs/qc/share/psi4/basis/cc-pvdz-jkfit.gbs 
    atoms 13-14    entry O          line   221 file /root/miniforge3/envs/qc/share/psi4/basis/cc-pvdz-jkfit.gbs 
    atoms 16-23    entry H          line    51 file /root/miniforge3/envs/qc/share/psi4/basis/cc-pvdz-jkfit.gbs 

   => Loading Basis Set <=

    Name: 6-31G*
    Role: ORBITAL
    Keyword: BASIS
    atoms 1-12, 15 entry C          line   111 file /root/miniforge3/envs/qc/share/psi4/basis/6-31gs.gbs 
    atoms 13-14    entry O          line   145 file /root/miniforge3/envs/qc/share/psi4/basis/6-31gs.gbs 
    atoms 16-23    entry H          line    44 file /root/miniforge3/envs/qc/share/psi4/basis/6-31gs.gbs 

  Reading orbitals from file /tmp/psi4.default.2140910.180.npy, no projection.

  ==> Integral Setup <==

  DFHelper Memory: AOs need 0.578 GiB; user supplied 14.839 GiB. 
  SCF_SUBTYPE=INCORE selected. In-core MEM_DF algorithm will be used.
  Using in-core AOs.

  ==> MemDFJK: Density-Fitted J/K Matrices <==

    J tasked:                   Yes
    K tasked:                   Yes
    wK tasked:                   No
    OpenMP threads:              16
    Memory [MiB]:             15195
    Algorithm:                 Core
    Schwarz Cutoff:           1E-12
    Mask sparsity (%):      11.2774
    Fitting Condition:        1E-10

   => Auxiliary Basis Set <=

  Basis Set: (6-31G* AUX)
    Blend: CC-PVDZ-JKFIT
    Number of shells: 432
    Number of basis functions: 1415
    Number of Cartesian functions: 1415
    Spherical Harmonics?: false
    Max angular momentum: 3

  Cached 100.0% of DFT collocation blocks in 1.925 [GiB].

  Minimum eigenvalue in the overlap matrix is 2.5699426739E-04.
  Reciprocal condition number of the overlap matrix is 3.2519611072E-05.
    Using symmetric orthogonalization.

  ==> Pre-Iterations <==

  SCF Guess: Orbitals guess was supplied from a previous computation.

   -------------------------------------------------------
    Irrep   Nso     Nmo     Nalpha   Nbeta   Ndocc  Nsocc
   -------------------------------------------------------
     A        241     241      51      51      51       0
   -------------------------------------------------------
    Total     241     241      51      51      51       0
   -------------------------------------------------------

  ==> Iterations <==

                           Total Energy        Delta E     RMS |[F,P]|

   @DF-RKS iter   0:  -650.55900099653809   -6.50559e+02   1.19238e-03 
   @DF-RKS iter   1:  -650.58169507906359   -2.26941e-02   3.25991e-04 DIIS/ADIIS
   @DF-RKS iter   2:  -650.57739902936464    4.29605e-03   5.00890e-04 DIIS/ADIIS
   @DF-RKS iter   3:  -650.58527304316658   -7.87401e-03   1.24144e-04 DIIS/ADIIS
   @DF-RKS iter   4:  -650.58569746560988   -4.24422e-04   2.42018e-05 DIIS
   @DF-RKS iter   5:  -650.58570956457379   -1.20990e-05   1.18898e-05 DIIS
   @DF-RKS iter   6:  -650.58571308191665   -3.51734e-06   4.06236e-06 DIIS
   @DF-RKS iter   7:  -650.58571348326097   -4.01344e-07   1.94106e-06 DIIS
   @DF-RKS iter   8:  -650.58571358652853   -1.03268e-07   7.34064e-07 DIIS
   @DF-RKS iter   9:  -650.58571360031613   -1.37876e-08   1.98682e-07 DIIS
   @DF-RKS iter  10:  -650.58571360134204   -1.02591e-09   6.07145e-08 DIIS
   @DF-RKS iter  11:  -650.58571360144208   -1.00044e-10   2.28624e-08 DIIS
   @DF-RKS iter  12:  -650.58571360145561   -1.35287e-11   1.05515e-08 DIIS
   @DF-RKS iter  13:  -650.58571360145800   -2.38742e-12   2.65095e-09 DIIS
  Energy and wave function converged.


  ==> Post-Iterations <==

   Electrons on quadrature grid:
      Ntotal   =  101.9999784224 ; deviation = -2.158e-05 

    Orbital Energies [Eh]
    ---------------------

    Doubly Occupied:                                                      

       1A    -19.191233     2A    -19.136914     3A    -10.320900  
       4A    -10.223373     5A    -10.221260     6A    -10.216542  
       7A    -10.213942     8A    -10.205695     9A    -10.205535  
      10A    -10.204341    11A    -10.202594    12A    -10.201815  
      13A    -10.201769    14A    -10.190464    15A    -10.186601  
      16A     -1.101936    17A     -1.014708    18A     -0.888829  
      19A     -0.841812    20A     -0.800354    21A     -0.762396  
      22A     -0.756082    23A     -0.721854    24A     -0.664339  
      25A     -0.638888    26A     -0.627559    27A     -0.594641  
      28A     -0.548405    29A     -0.528939    30A     -0.514722  
      31A     -0.506976    32A     -0.483138    33A     -0.475324  
      34A     -0.464101    35A     -0.450343    36A     -0.439197  
      37A     -0.423540    38A     -0.411585    39A     -0.404374  
      40A     -0.402088    41A     -0.383345    42A     -0.356576  
      43A     -0.356040    44A     -0.345158    45A     -0.320221  
      46A     -0.310594    47A     -0.281220    48A     -0.272413  
      49A     -0.262242    50A     -0.257272    51A     -0.217384  

    Virtual:                                                              

      52A     -0.062239    53A     -0.024780    54A     -0.010286  
      55A      0.029126    56A      0.057534    57A      0.070552  
      58A      0.086764    59A      0.092175    60A      0.109829  
      61A      0.113323    62A      0.124691    63A      0.136433  
      64A      0.166352    65A      0.168133    66A      0.185039  
      67A      0.196657    68A      0.226730    69A      0.247600  
      70A      0.255202    71A      0.272721    72A      0.276036  
      73A      0.304381    74A      0.316593    75A      0.343770  
      76A      0.357593    77A      0.370921    78A      0.412476  
      79A      0.430923    80A      0.457226    81A      0.475491  
      82A      0.489639    83A      0.495979    84A      0.510487  
      85A      0.521834    86A      0.528758    87A      0.533421  
      88A      0.544451    89A      0.556030    90A      0.559130  
      91A      0.572323    92A      0.583324    93A      0.593006  
      94A      0.596693    95A      0.601889    96A      0.605874  
      97A      0.609613    98A      0.616281    99A      0.634908  
     100A      0.643938   101A      0.658484   102A      0.665164  
     103A      0.674308   104A      0.686912   105A      0.703294  
     106A      0.725322   107A      0.745224   108A      0.750746  
     109A      0.780087   110A      0.798769   111A      0.805193  
     112A      0.814278   113A      0.821886   114A      0.831198  
     115A      0.839773   116A      0.855969   117A      0.865295  
     118A      0.869460   119A      0.877400   120A      0.889300  
     121A      0.907722   122A      0.917426   123A      0.939979  
     124A      0.951722   125A      0.981619   126A      0.996813  
     127A      1.004135   128A      1.011017   129A      1.056409  
     130A      1.066981   131A      1.069039   132A      1.075687  
     133A      1.083165   134A      1.109520   135A      1.144418  
     136A      1.147370   137A      1.179277   138A      1.191827  
     139A      1.214255   140A      1.239465   141A      1.250191  
     142A      1.259737   143A      1.275855   144A      1.298963  
     145A      1.353049   146A      1.391362   147A      1.405485  
     148A      1.438349   149A      1.447455   150A      1.461213  
     151A      1.474938   152A      1.479379   153A      1.496345  
     154A      1.508497   155A      1.516359   156A      1.543235  
     157A      1.559183   158A      1.583497   159A      1.613280  
     160A      1.630496   161A      1.686191   162A      1.717888  
     163A      1.736650   164A      1.748443   165A      1.761711  
     166A      1.763547   167A      1.791094   168A      1.799394  
     169A      1.818948   170A      1.834480   171A      1.850501  
     172A      1.883308   173A      1.889971   174A      1.895335  
     175A      1.913268   176A      1.917245   177A      1.920999  
     178A      1.944206   179A      1.963756   180A      1.978771  
     181A      2.008568   182A      2.014884   183A      2.029920  
     184A      2.049843   185A      2.119668   186A      2.129315  
     187A      2.146508   188A      2.157316   189A      2.167676  
     190A      2.187674   191A      2.201032   192A      2.243136  
     193A      2.269772   194A      2.281284   195A      2.307410  
     196A      2.312686   197A      2.338488   198A      2.351279  
     199A      2.391768   200A      2.430365   201A      2.465459  
     202A      2.487595   203A      2.566666   204A      2.573773  
     205A      2.601717   206A      2.618444   207A      2.636542  
     208A      2.649141   209A      2.667994   210A      2.694008  
     211A      2.713794   212A      2.754663   213A      2.760821  
     214A      2.784173   215A      2.809824   216A      2.824950  
     217A      2.854915   218A      2.901916   219A      2.925067  
     220A      2.985040   221A      3.015522   222A      3.098099  
     223A      3.219865   224A      3.292611   225A      3.395901  
     226A      3.514923   227A      3.843182   228A      4.052870  
     229A      4.082062   230A      4.086372   231A      4.104863  
     232A      4.141354   233A      4.157262   234A      4.190097  
     235A      4.285648   236A      4.334251   237A      4.350503  
     238A      4.449970   239A      4.522293   240A      4.662693  
     241A      4.900732  

    Final Occupation by Irrep:
              A 
    DOCC [    51 ]
    NA   [    51 ]
    NB   [    51 ]

  @DF-RKS Final Energy:  -650.58571360145800

   => Energetics <=

    Nuclear Repulsion Energy =            885.8282413640141613
    One-Electron Energy =               -2640.2183421393915523
    Two-Electron Energy =                1177.1199817033668751
    DFT Exchange-Correlation Energy =     -73.3155945294474378
    Empirical Dispersion Energy =           0.0000000000000000
    VV10 Nonlocal Energy =                  0.0000000000000000
    Total Energy =                       -650.5857136014581101

Computation Completed


Properties will be evaluated at   0.000000,   0.000000,   0.000000 [a0]

Properties computed using the SCF density matrix


 Multipole Moments:

 ------------------------------------------------------------------------------------
     Multipole            Electronic (a.u.)      Nuclear  (a.u.)        Total (a.u.)
 ------------------------------------------------------------------------------------

 L = 1.  Multiply by 2.5417464519 to convert [e a0] to [Debye]
 Dipole X            :        -52.2043477           51.4159537           -0.7883940
 Dipole Y            :         -9.7254161            9.6235552           -0.1018609
 Dipole Z            :          3.7000284           -4.0438633           -0.3438349
 Magnitude           :                                                    0.8661196

 ------------------------------------------------------------------------------------

*** tstop() called on ubuntu-32gb-hel1-14 at Tue Sep 29 23:05:29 2026
Module time:
	user time   =     117.19 seconds =       1.95 minutes
	system time =       4.55 seconds =       0.08 minutes
	total time  =          8 seconds =       0.13 minutes
Total time:
	user time   =    1951.41 seconds =      32.52 minutes
	system time =      84.66 seconds =       1.41 minutes
	total time  =        137 seconds =       2.28 minutes

*** tstart() called on ubuntu-32gb-hel1-14
*** at Tue Sep 29 23:05:29 2026


         ------------------------------------------------------------
                                   SCF GRAD                          
                          Rob Parrish, Justin Turney,                
                       Andy Simmonett, and Alex Sokolov              
         ------------------------------------------------------------

  ==> Geometry <==

    Molecular point group: c1
    Full point group: C1

    Geometry (in Angstrom), charge = 0, multiplicity = 1:

       Center              X                  Y                   Z               Mass       
    ------------   -----------------  -----------------  -----------------  -----------------
         C            2.474580972223    -2.443950305649    -0.708284253473    12.000000000000
         C            1.413822224995    -1.938574282032    -0.402967920658    12.000000000000
         C            0.108641631133    -1.382757469717    -0.299276596203    12.000000000000
         C           -0.879510814535    -2.306099210888    -0.517853926318    12.000000000000
         C           -2.224141462478    -1.949663893004    -0.328022147797    12.000000000000
         C           -2.525307850512    -0.681602256351     0.124391252605    12.000000000000
         C           -1.495820621836     0.304368382989     0.352759276089    12.000000000000
         C           -1.831251727661     1.577889412864     0.882538764998    12.000000000000
         C           -0.866671841428     2.512513064237     1.147616761686    12.000000000000
         C            0.473453493733     2.240059078480     0.817050046024    12.000000000000
         C            0.851840956079     1.040022707110     0.241690631958    12.000000000000
         C            2.271011635317     1.056764405844    -0.233757405798    12.000000000000
         O            3.232254901186     1.288479827644     0.452877042406    15.994914619570
         O            2.336363228064     0.856956892913    -1.574918008291    15.994914619570
         C           -0.125081787462    -0.014067824049     0.066988799712    12.000000000000
         H            3.443382495312    -2.874314152451    -0.872887971738     1.007825032230
         H           -0.608913358910    -3.310589634271    -0.822697689955     1.007825032230
         H           -3.006705409939    -2.681875399772    -0.501588000389     1.007825032230
         H           -3.554558960347    -0.398517492910     0.329279936426     1.007825032230
         H           -2.877290468597     1.790463674670     1.086427916077     1.007825032230
         H           -1.130634499917     3.473890909588     1.576359854391     1.007825032230
         H            1.234448902674     2.997532921738     0.977842911645     1.007825032230
         H            3.286088372907     0.843070653014    -1.793569253398     1.007825032230

  Nuclear repulsion =  885.828241364014161

  ==> Basis Set <==

  Basis Set: 6-31G*
    Blend: 6-31G*
    Number of shells: 106
    Number of basis functions: 241
    Number of Cartesian functions: 241
    Spherical Harmonics?: false
    Max angular momentum: 2

  ==> DFJKGrad: Density-Fitted SCF Gradients <==

    Gradient:                    1
    J tasked:                  Yes
    K tasked:                  Yes
    wK tasked:                  No
    OpenMP threads:             16
    Integrals threads:          16
    Memory [MiB]:            17166
    Schwarz Cutoff:          1E-12
    Fitting Condition:       1E-10

   => Auxiliary Basis Set <=

  Basis Set: (6-31G* AUX)
    Blend: CC-PVDZ-JKFIT
    Number of shells: 432
    Number of basis functions: 1415
    Number of Cartesian functions: 1415
    Spherical Harmonics?: false
    Max angular momentum: 3

  ==> DFT Potential <==

   => LibXC <=

    Version 7.1.2
    S. Lehtola, C. Steigemann, M. J. T. Oliveira, and M. A. L. Marques,  SoftwareX 7, 1–5 (2018) (10.1016/j.softx.2017.11.002)

   => Composite Functional: B3LYP <= 

    B3LYP Hyb-GGA Exchange-Correlation Functional

    P. J. Stephens, F. J. Devlin, C. F. Chabalowski, and M. J. Frisch,  J. Phys. Chem. 98, 11623 (1994) (10.1021/j100096a001)

    Deriv               =              1
    GGA                 =           TRUE
    Meta                =          FALSE

    Exchange Hybrid     =           TRUE
    MP2 Hybrid          =          FALSE

   => Exchange Functionals <=

    0.0800   Slater exchange
    0.7200         Becke 88

   => Exact (HF) Exchange <=

    0.2000               HF 

   => Correlation Functionals <=

    0.1900   Vosko, Wilk & Nusair (VWN5_RPA)
    0.8100   Lee, Yang & Parr

   => LibXC Density Thresholds  <==

    XC_HYB_GGA_XC_B3LYP:  1.00E-15 

   => Molecular Quadrature <=

    Radial Scheme          =       TREUTLER
    Pruning Scheme         =           NONE
    Nuclear Scheme         =       TREUTLER

    Blocking Scheme        =         OCTREE
    BS radius alpha        =              1
    Pruning alpha          =              1
    Radial Points          =             75
    Spherical Points       =            302
    Total Points           =         474109
    Total Blocks           =           3474
    Max Points             =            256
    Max Functions          =            227
    Weights Tolerance      =       1.00E-15


  -Total Gradient:
     Atom            X                  Y                   Z
    ------   -----------------  -----------------  -----------------
       1       -0.003074071062     0.000436415672    -0.006417634668
       2       -0.017588762307    -0.005254030406     0.015325916011
       3       -0.029477606828    -0.001988378484    -0.001751476749
       4        0.021030003911     0.001304920146    -0.000297013470
       5        0.005061978661    -0.005410963820    -0.001797505684
       6       -0.008428495883    -0.006510586397    -0.001532910164
       7        0.008274099381     0.008922463206     0.002229995942
       8        0.005563968925     0.002803572390     0.000982282323
       9       -0.000058142279    -0.002991155651    -0.000905174133
      10       -0.000227651670     0.000872697315    -0.000024887808
      11        0.006788124062     0.003247079245    -0.001555270526
      12        0.010873381981     0.015240752635     0.007565761162
      13       -0.010083353032    -0.004457785148    -0.004755468533
      14       -0.001216147403     0.001229906522    -0.002252507450
      15        0.007315664923    -0.004248775085    -0.002700280931
      16        0.004754636481    -0.001153337256    -0.001344853101
      17       -0.000197716310     0.000074296547    -0.001221831797
      18        0.001233550017    -0.000722075107    -0.000086143860
      19       -0.000073631858    -0.000136147295    -0.000126575051
      20        0.000430684344    -0.000192864289    -0.000418222470
      21        0.000182475413    -0.000434479526    -0.000413900062
      22        0.000261302415    -0.000143599199     0.000265298771
      23       -0.001360412906    -0.000518772131     0.001190081282


*** tstop() called on ubuntu-32gb-hel1-14 at Tue Sep 29 23:05:32 2026
Module time:
	user time   =      33.02 seconds =       0.55 minutes
	system time =       2.19 seconds =       0.04 minutes
	total time  =          3 seconds =       0.05 minutes
Total time:
	user time   =    1984.45 seconds =      33.07 minutes
	system time =      86.85 seconds =       1.45 minutes
	total time  =        140 seconds =       2.33 minutes

    			-----------------------------------------

    			 OPTKING 3.0: for geometry optimizations 

    			     By R.A. King, Bethel University     

    			        with contributions from          

    			    A.V. Copan, J. Cayton, A. Heide      

    			-----------------------------------------

    
	                            ===> Fragment 1 <== 

	 Z (Atomic Numbers)          Masses                          Geom                  
	       6.000000            12.000000          4.67628031 -4.61839674 -1.33846326   
	       6.000000            12.000000          2.67173680 -3.66337447 -0.76149901   
	       6.000000            12.000000          0.20530293 -2.61303292 -0.56555080   
	       6.000000            12.000000         -1.66203456 -4.35789593 -0.97860209   
	       6.000000            12.000000         -4.20301823 -3.68433079 -0.61987202   
	       6.000000            12.000000         -4.77214022 -1.28804159  0.23506540   
	       6.000000            12.000000         -2.82669131  0.57517289  0.66661842   
	       6.000000            12.000000         -3.46056423  2.98177885  1.66775656   
	       6.000000            12.000000         -1.63777242  4.74796158  2.16868138   
	       6.000000            12.000000          0.89469744  4.23309816  1.54400082   
	       6.000000            12.000000          1.60974611  1.96535808  0.45672910   
	       6.000000            12.000000          4.29159002  1.99699531 -0.44173748   
	       8.000000            15.994915          6.10807653  2.43487399  0.85581358   
	       8.000000            15.994915          4.41508663  1.61941383 -2.97616371   
	       6.000000            12.000000         -0.23637032 -0.02658433  0.12659048   
	       1.000000             1.007825          6.50704986 -5.43166655 -1.64951920   
	       1.000000             1.007825         -1.15067948 -6.25610772 -1.55467332   
	       1.000000             1.007825         -5.68184976 -5.06801001 -0.94786395   
	       1.000000             1.007825         -6.71714293 -0.75308892  0.62224890   
	       1.000000             1.007825         -5.43729097  3.38348598  2.05305122   
	       1.000000             1.007825         -2.13658955  6.56470241  2.97888840   
	       1.000000             1.007825          2.33277034  5.66451627  1.84785530   
	       1.000000             1.007825          6.20980705  1.59317264 -3.38935468   

	 - Coordinate -           - BOHR/RAD -       - ANG/DEG -
	 R(1,2)           =         2.294156           1.214015
	 R(1,16)          =         2.027284           1.072793
	 R(2,3)           =         2.687919           1.422386
	 R(3,4)           =         2.588843           1.369957
	 R(3,15)          =         2.713642           1.435997
	 R(4,5)           =         2.653107           1.403964
	 R(4,17)          =         2.048548           1.084045
	 R(5,6)           =         2.607109           1.379623
	 R(5,18)          =         2.051607           1.085663
	 R(6,7)           =         2.728109           1.443653
	 R(6,19)          =         2.054050           1.086956
	 R(7,8)           =         2.682503           1.419520
	 R(7,15)          =         2.713578           1.435964
	 R(8,9)           =         2.587063           1.369015
	 R(8,20)          =         2.053599           1.086718
	 R(9,10)          =         2.658705           1.406926
	 R(9,21)          =         2.050805           1.085239
	 R(10,11)         =         2.614594           1.383583
	 R(10,22)         =         2.051667           1.085696
	 R(11,12)         =         2.828521           1.496789
	 R(11,15)         =         2.735868           1.447759
	 R(12,13)         =         2.274863           1.203805
	 R(12,14)         =         2.565372           1.357537
	 R(14,23)         =         1.841857           0.974669
	 L(1,2,3)         =         3.012728         172.616607
	 l(1,2,3)         =         3.008085         172.350603
	 B(2,1,16)        =         3.038092         174.069842
	 B(2,3,4)         =         1.968024         112.759452
	 B(2,3,15)        =         2.141698         122.710237
	 B(3,4,5)         =         2.092242         119.876619
	 B(3,4,17)        =         2.082138         119.297744
	 B(3,15,7)        =         2.001478         114.676250
	 B(3,15,11)       =         2.233066         127.945243
	 B(4,3,15)        =         2.172075         124.450758
	 B(4,5,6)         =         2.079171         119.127741
	 B(4,5,18)        =         2.091526         119.835593
	 B(5,4,17)        =         2.108702         120.819718
	 B(5,6,7)         =         2.122273         121.597308
	 B(5,6,19)        =         2.103540         120.523936
	 B(6,5,18)        =         2.111773         120.995701
	 B(6,7,8)         =         2.098158         120.215571
	 B(6,7,15)        =         2.091841         119.853684
	 B(7,6,19)        =         2.057331         117.876362
	 B(7,8,9)         =         2.115604         121.215206
	 B(7,8,20)        =         2.063452         118.227102
	 B(7,15,11)       =         2.047283         117.300648
	 B(8,7,15)        =         2.092996         119.919855
	 B(8,9,10)        =         2.086821         119.566036
	 B(8,9,21)        =         2.105866         120.657206
	 B(9,8,20)        =         2.104045         120.552886
	 B(9,10,11)       =         2.124883         121.746820
	 B(9,10,22)       =         2.091791         119.850808
	 B(10,9,21)       =         2.089846         119.739346
	 B(10,11,12)      =         1.962423         112.438561
	 B(10,11,15)      =         2.091090         119.810613
	 B(11,10,22)      =         2.065789         118.360967
	 B(11,12,13)      =         2.187156         125.314814
	 B(11,12,14)      =         1.936719         110.965813
	 B(12,11,15)      =         2.226358         127.560892
	 B(12,14,23)      =         1.844846         105.701912
	 B(13,12,14)      =         2.157233         123.600371
	 D(2,3,4,5)       =         3.036509         173.979139
	 D(2,3,4,17)      =        -0.089767          -5.143246
	 D(2,3,15,7)      =         3.326989         190.622443
	 D(2,3,15,11)     =         0.127345           7.296351
	 D(3,4,5,6)       =        -0.040391          -2.314221
	 D(3,4,5,18)      =        -3.141765        -180.009882
	 D(3,15,7,6)      =        -0.113147          -6.482860
	 D(3,15,7,8)      =         3.007541         172.319420
	 D(3,15,11,10)    =        -2.948821        -168.954993
	 D(3,15,11,12)    =         0.287164          16.453291
	 D(4,3,15,7)      =         0.124646           7.141681
	 D(4,3,15,11)     =         3.208187         183.815589
	 D(4,5,6,7)       =         0.046520           2.665372
	 D(4,5,6,19)      =        -3.085040        -176.759782
	 D(5,4,3,15)      =        -0.049657          -2.845128
	 D(5,6,7,8)       =        -3.085969        -176.812975
	 D(5,6,7,15)      =         0.034657           1.985720
	 D(6,5,4,17)      =         3.085647         176.794566
	 D(6,7,8,9)       =         3.104359         177.866669
	 D(6,7,8,20)      =        -0.023387          -1.339978
	 D(6,7,15,11)     =        -3.203228        -183.531472
	 D(7,6,5,18)      =        -3.135773        -179.666537
	 D(7,8,9,10)      =         0.066475           3.808734
	 D(7,8,9,21)      =        -3.114046        -178.421693
	 D(7,15,11,10)    =         0.133408           7.643708
	 D(7,15,11,12)    =        -2.913792        -166.948008
	 D(8,7,6,19)      =         0.045847           2.626837
	 D(8,7,15,11)     =        -0.082540          -4.729192
	 D(8,9,10,11)     =        -0.013528          -0.775113
	 D(8,9,10,22)     =         3.086540         176.845712
	 D(9,8,7,15)      =        -0.016253          -0.931228
	 D(9,10,11,12)    =         2.972275         170.298811
	 D(9,10,11,15)    =        -0.088395          -5.064664
	 D(10,9,8,20)     =         3.193901         182.997029
	 D(10,11,12,13)   =         1.001717          57.394133
	 D(10,11,12,14)   =        -2.072501        -118.745579
	 D(11,10,9,21)    =        -3.116554        -178.565395
	 D(11,12,14,23)   =        -3.099282        -177.575774
	 D(12,11,10,22)   =        -0.128390          -7.356229
	 D(13,12,11,15)   =        -2.228471        -127.681976
	 D(13,12,14,23)   =         0.108314           6.205937
	 D(14,12,11,15)   =         0.980497          56.178312
	 D(15,3,4,17)     =        -3.175932        -181.967513
	 D(15,7,6,19)     =         3.166473         181.425532
	 D(15,7,8,20)     =         3.139186         179.862125
	 D(15,11,10,22)   =        -3.189060        -182.719704
	 D(17,4,5,18)     =        -0.015727          -0.901095
	 D(18,5,6,19)     =         0.015853           0.908309
	 D(20,8,9,21)     =         0.013380           0.766602
	 D(21,9,10,22)    =        -0.016486          -0.944570
	 L(3,1,16)        =         3.137309         179.754551
	 l(3,1,16)        =         3.141593         180.000000


	        --- Internal Coordinate Step in ANG or DEG, aJ/ANG or AJ/DEG ---
	-------------------------------------------------------------------------------
	           Coordinate      Previous         Force          Change          New 
	           ----------      --------        ------          ------        ------
	               R(1,2)       1.21401       -0.03132       -0.00090       1.21311
	              R(1,16)       1.07279       -0.04089       -0.00005       1.07274
	               R(2,3)       1.42239        0.10617        0.00075       1.42314
	               R(3,4)       1.36996        0.17005       -0.00002       1.36994
	              R(3,15)       1.43600       -0.02838        0.00003       1.43602
	               R(4,5)       1.40396        0.06399       -0.00004       1.40393
	              R(4,17)       1.08405       -0.00185        0.00000       1.08405
	               R(5,6)       1.37962       -0.04051       -0.00002       1.37960
	              R(5,18)       1.08566        0.00321       -0.00000       1.08566
	               R(6,7)       1.44365       -0.12944        0.00002       1.44367
	              R(6,19)       1.08696       -0.00008       -0.00000       1.08695
	               R(7,8)       1.41952        0.00270       -0.00001       1.41951
	              R(7,15)       1.43596        0.00985        0.00003       1.43599
	               R(8,9)       1.36902        0.03652       -0.00002       1.36900
	              R(8,20)       1.08672        0.00437        0.00000       1.08672
	              R(9,10)       1.40693        0.03421        0.00000       1.40693
	              R(9,21)       1.08524        0.00487       -0.00000       1.08524
	             R(10,11)       1.38358        0.01295        0.00001       1.38360
	             R(10,22)       1.08570       -0.00101       -0.00000       1.08569
	             R(11,12)       1.49679        0.01750        0.00000       1.49679
	             R(11,15)       1.44776       -0.13682        0.00001       1.44777
	             R(12,13)       1.20381        0.09567       -0.00001       1.20380
	             R(12,14)       1.35754       -0.00652        0.00001       1.35754
	             R(14,23)       0.97467        0.01303       -0.00000       0.97467
	             L(1,2,3)     169.34726        0.00049       -1.28877     168.05849
	             l(1,2,3)     180.00000        0.00104       -3.56573     176.43427
	            B(2,1,16)     174.06984        0.00025        0.35492     174.42477
	             B(2,3,4)     112.75945        0.00188       -0.02405     112.73540
	            B(2,3,15)     122.71024       -0.00029        0.02366     122.73389
	             B(3,4,5)     119.87662        0.00030        0.00355     119.88017
	            B(3,4,17)     119.29774       -0.00016       -0.00245     119.29530
	            B(3,15,7)     114.67625        0.00105       -0.00475     114.67150
	           B(3,15,11)     127.94524       -0.00137        0.00696     127.95220
	            B(4,3,15)     124.45076       -0.00159        0.00063     124.45139
	             B(4,5,6)     119.12774        0.00020       -0.00162     119.12612
	            B(4,5,18)     119.83559        0.00001        0.00004     119.83564
	            B(5,4,17)     120.81972       -0.00013       -0.00112     120.81860
	             B(5,6,7)     121.59731       -0.00008        0.00020     121.59751
	            B(5,6,19)     120.52394        0.00005       -0.00052     120.52341
	            B(6,5,18)     120.99570       -0.00020        0.00163     120.99733
	             B(6,7,8)     120.21557       -0.00011       -0.00366     120.21191
	            B(6,7,15)     119.85368        0.00014        0.00216     119.85585
	            B(7,6,19)     117.87636        0.00003        0.00034     117.87670
	             B(7,8,9)     121.21521       -0.00022        0.00025     121.21546
	            B(7,8,20)     118.22710        0.00013       -0.00072     118.22638
	           B(7,15,11)     117.30065        0.00032       -0.00199     117.29866
	            B(8,7,15)     119.91985       -0.00003        0.00153     119.92138
	            B(8,9,10)     119.56604       -0.00008       -0.00021     119.56583
	            B(8,9,21)     120.65721        0.00004       -0.00050     120.65671
	            B(9,8,20)     120.55289        0.00009        0.00049     120.55338
	           B(9,10,11)     121.74682       -0.00008        0.00086     121.74768
	           B(9,10,22)     119.85081        0.00003       -0.00078     119.85003
	           B(10,9,21)     119.73935        0.00005        0.00068     119.74003
	          B(10,11,12)     112.43856        0.00102       -0.00122     112.43735
	          B(10,11,15)     119.81061        0.00010       -0.00040     119.81021
	          B(11,10,22)     118.36097        0.00005       -0.00011     118.36086
	          B(11,12,13)     125.31481        0.00007       -0.00022     125.31459
	          B(11,12,14)     110.96581        0.00016        0.00018     110.96599
	          B(12,11,15)     127.56089       -0.00112        0.00149     127.56238
	          B(12,14,23)     105.70191        0.00011       -0.00014     105.70177
	          B(13,12,14)     123.60037       -0.00023        0.00014     123.60051
	           D(2,3,4,5)     173.97914        0.00007        0.00293     173.98207
	          D(2,3,4,17)      -5.14325        0.00007        0.00410      -5.13915
	          D(2,3,15,7)     190.62244       -0.00017       -0.00478     190.61767
	         D(2,3,15,11)       7.29635       -0.00012       -0.00020       7.29615
	           D(3,4,5,6)      -2.31422        0.00003        0.00268      -2.31154
	          D(3,4,5,18)    -180.00988       -0.00001        0.00137    -180.00851
	          D(3,15,7,6)      -6.48286        0.00001        0.00242      -6.48044
	          D(3,15,7,8)     172.31942        0.00004        0.00403     172.32345
	        D(3,15,11,10)    -168.95499       -0.00016       -0.00496    -168.95995
	        D(3,15,11,12)      16.45329       -0.00026       -0.00309      16.45020
	          D(4,3,15,7)       7.14168       -0.00015       -0.00029       7.14139
	         D(4,3,15,11)     183.81559       -0.00010        0.00429     183.81988
	           D(4,5,6,7)       2.66537       -0.00003       -0.00052       2.66485
	          D(4,5,6,19)    -176.75978       -0.00006       -0.00198    -176.76177
	          D(5,4,3,15)      -2.84513        0.00011       -0.00257      -2.84770
	           D(5,6,7,8)    -176.81298       -0.00008       -0.00362    -176.81659
	          D(5,6,7,15)       1.98572       -0.00005       -0.00194       1.98378
	          D(6,5,4,17)     176.79457        0.00003        0.00148     176.79605
	           D(6,7,8,9)     177.86667        0.00003        0.00257     177.86924
	          D(6,7,8,20)      -1.33998        0.00001        0.00075      -1.33923
	         D(6,7,15,11)    -183.53147        0.00003       -0.00197    -183.53345
	          D(7,6,5,18)    -179.66654        0.00002        0.00077    -179.66577
	          D(7,8,9,10)       3.80873       -0.00006       -0.00075       3.80798
	          D(7,8,9,21)    -178.42169       -0.00002       -0.00155    -178.42325
	        D(7,15,11,10)       7.64371       -0.00009       -0.00034       7.64337
	        D(7,15,11,12)    -166.94801       -0.00019        0.00153    -166.94648
	          D(8,7,6,19)       2.62684       -0.00005       -0.00219       2.62464
	         D(8,7,15,11)      -4.72919        0.00005       -0.00037      -4.72956
	         D(8,9,10,11)      -0.77511       -0.00001        0.00016      -0.77495
	         D(8,9,10,22)     176.84571        0.00003       -0.00075     176.84496
	          D(9,8,7,15)      -0.93123        0.00000        0.00089      -0.93034
	        D(9,10,11,12)     170.29881        0.00006       -0.00120     170.29761
	        D(9,10,11,15)      -5.06466        0.00008        0.00027      -5.06440
	         D(10,9,8,20)     182.99703       -0.00004        0.00110     182.99813
	       D(10,11,12,13)      57.39413       -0.00021        0.00136      57.39550
	       D(10,11,12,14)    -118.74558       -0.00013       -0.00032    -118.74589
	        D(11,10,9,21)    -178.56539       -0.00004        0.00098    -178.56441
	       D(11,12,14,23)    -177.57577       -0.00008        0.00072    -177.57506
	       D(12,11,10,22)      -7.35623        0.00003       -0.00029      -7.35651
	       D(13,12,11,15)    -127.68198       -0.00015       -0.00036    -127.68234
	       D(13,12,14,23)       6.20594       -0.00001       -0.00091       6.20502
	       D(14,12,11,15)      56.17831       -0.00007       -0.00204      56.17627
	         D(15,3,4,17)    -181.96751        0.00011       -0.00140    -181.96891
	         D(15,7,6,19)     181.42553       -0.00003       -0.00052     181.42502
	         D(15,7,8,20)     179.86212       -0.00002       -0.00093     179.86119
	       D(15,11,10,22)    -182.71970        0.00005        0.00118    -182.71852
	         D(17,4,5,18)      -0.90110       -0.00001        0.00017      -0.90093
	         D(18,5,6,19)       0.90831       -0.00001       -0.00070       0.90761
	         D(20,8,9,21)       0.76660       -0.00000        0.00030       0.76690
	        D(21,9,10,22)      -0.94457       -0.00001        0.00007      -0.94450
	            L(3,1,16)     179.75455       -0.00013       -0.62735     179.12720
	            l(3,1,16)     180.00000        0.00032       -9.41185     170.58815
	-------------------------------------------------------------------------------

	                                 ==> Convergence Check <==                                  
    
	Measures of convergence in internal coordinates in au.
    
	Criteria marked as inactive (o), active & met (*), and active & unmet ( ).

	----------------------------------------------------------------------------------------------~
	   Step    Total Energy     Delta E     Max Force     RMS Force      Max Disp      RMS Disp   ~
	----------------------------------------------------------------------------------------------~
	  Convergence Criteria     1.00e-06 *    3.00e-04 *             o    1.20e-03 *             o~
	----------------------------------------------------------------------------------------------~
	     1    -650.58571360   -6.51e+02      2.46e-02      5.82e-03 o    1.64e-01      1.67e-02 o  ~
	----------------------------------------------------------------------------------------------

Next Geometry in Ang 
	Fragment 1 (Ang)

	    C   2.4808516205  -2.4086915921  -0.7044065171
	    C   1.4041380483  -1.9619182312  -0.3686654781
	    C   0.1009285653  -1.3972614499  -0.2785317465
	    C  -0.8907408501  -2.3165243205  -0.4982753028
	    C  -2.2347238631  -1.9513297141  -0.3211931994
	    C  -2.5321689049  -0.6785054900   0.1201061455
	    C  -1.4989018533   0.3032911892   0.3494953114
	    C  -1.8312701262   1.5823141829   0.8677897325
	    C  -0.8635718704   2.5134404708   1.1337219901
	    C   0.4775035646   2.2312907369   0.8153525070
	    C   0.8536115867   1.0251703559   0.2512979285
	    C   2.2764404365   1.0308122615  -0.2133659038
	    O   3.2336785821   1.2620589581   0.4789866058
	    O   2.3509177495   0.8212317651  -1.5525640675
	    C  -0.1277992601  -0.0247351004   0.0764614894
	    H   3.4654415025  -2.7050099219  -1.0102624583
	    H  -0.6234866226  -3.3246019025  -0.7941018773
	    H  -3.0200366157  -2.6803738647  -0.4956719969
	    H  -3.5613394800  -0.3882659558   0.3151399932
	    H  -2.8776417925   1.8020703630   1.0621403664
	    H  -1.1254600681   3.4792471459   1.5536911608
	    H   1.2414378342   2.9856831628   0.9766759055
	    H   3.3021918267   0.8006069610  -1.7638205684


    Structure for next step:
    Molecular point group: c1
    Full point group: C1

    Geometry (in Angstrom), charge = 0, multiplicity = 1:

    C            2.480851620545    -2.408691592104    -0.704406517099
    C            1.404138048335    -1.961918231215    -0.368665478054
    C            0.100928565327    -1.397261449887    -0.278531746496
    C           -0.890740850087    -2.316524320502    -0.498275302834
    C           -2.234723863098    -1.951329714144    -0.321193199399
    C           -2.532168904919    -0.678505489965     0.120106145532
    C           -1.498901853266     0.303291189193     0.349495311366
    C           -1.831270126202     1.582314182929     0.867789732527
    C           -0.863571870423     2.513440470848     1.133721990120
    C            0.477503564576     2.231290736900     0.815352506962
    C            0.853611586729     1.025170355920     0.251297928541
    C            2.276440436479     1.030812261533    -0.213365903778
    O            3.233678582094     1.262058958062     0.478986605760
    O            2.350917749526     0.821231765059    -1.552564067535
    C           -0.127799260128    -0.024735100385     0.076461489410
    H            3.465441502474    -2.705009921929    -1.010262458320
    H           -0.623486622640    -3.324601902463    -0.794101877282
    H           -3.020036615704    -2.680373864723    -0.495671996920
    H           -3.561339479969    -0.388265955837     0.315139993204
    H           -2.877641792475     1.802070362962     1.062140366355
    H           -1.125460068092     3.479247145888     1.553691160834
    H            1.241437834234     2.985683162828     0.976675905467
    H            3.302191826685     0.800606961030    -1.763820568362


Scratch directory: /tmp/
gradient() will perform analytic gradient computation.
   => Libint2 <=

    Primary   basis highest AM E, G, H:  7, 6, 3
    Auxiliary basis highest AM E, G, H:  7, 7, 4
    Onebody   basis highest AM E, G, H:  -, -, -
    Solid Harmonics ordering:            Gaussian

*** tstart() called on ubuntu-32gb-hel1-14
*** at Tue Sep 29 23:05:32 2026

   => Loading Basis Set <=

    Name: 6-31G*
    Role: ORBITAL
    Keyword: BASIS
    atoms 1-12, 15 entry C          line   111 file /root/miniforge3/envs/qc/share/psi4/basis/6-31gs.gbs 
    atoms 13-14    entry O          line   145 file /root/miniforge3/envs/qc/share/psi4/basis/6-31gs.gbs 
    atoms 16-23    entry H          line    44 file /root/miniforge3/envs/qc/share/psi4/basis/6-31gs.gbs 


         ---------------------------------------------------------
                                   SCF
               by Justin Turney, Rob Parrish, Andy Simmonett
                          and Daniel G. A. Smith
                              RKS Reference
                       16 Threads,  22888 MiB Core
         ---------------------------------------------------------

  ==> Geometry <==

    Molecular point group: c1
    Full point group: C1

    Geometry (in Angstrom), charge = 0, multiplicity = 1:

       Center              X                  Y                   Z               Mass       
    ------------   -----------------  -----------------  -----------------  -----------------
         C            2.480851620545    -2.408691592104    -0.704406517099    12.000000000000
         C            1.404138048335    -1.961918231215    -0.368665478054    12.000000000000
         C            0.100928565327    -1.397261449887    -0.278531746496    12.000000000000
         C           -0.890740850087    -2.316524320502    -0.498275302834    12.000000000000
         C           -2.234723863098    -1.951329714144    -0.321193199399    12.000000000000
         C           -2.532168904919    -0.678505489965     0.120106145532    12.000000000000
         C           -1.498901853266     0.303291189193     0.349495311366    12.000000000000
         C           -1.831270126202     1.582314182929     0.867789732527    12.000000000000
         C           -0.863571870423     2.513440470848     1.133721990120    12.000000000000
         C            0.477503564576     2.231290736900     0.815352506962    12.000000000000
         C            0.853611586729     1.025170355920     0.251297928541    12.000000000000
         C            2.276440436479     1.030812261533    -0.213365903778    12.000000000000
         O            3.233678582094     1.262058958062     0.478986605760    15.994914619570
         O            2.350917749526     0.821231765059    -1.552564067535    15.994914619570
         C           -0.127799260128    -0.024735100385     0.076461489410    12.000000000000
         H            3.465441502474    -2.705009921929    -1.010262458320     1.007825032230
         H           -0.623486622640    -3.324601902463    -0.794101877282     1.007825032230
         H           -3.020036615704    -2.680373864723    -0.495671996920     1.007825032230
         H           -3.561339479969    -0.388265955837     0.315139993204     1.007825032230
         H           -2.877641792475     1.802070362962     1.062140366355     1.007825032230
         H           -1.125460068092     3.479247145888     1.553691160834     1.007825032230
         H            1.241437834234     2.985683162828     0.976675905467     1.007825032230
         H            3.302191826685     0.800606961030    -1.763820568362     1.007825032230

  Running in c1 symmetry.

  Rotational constants: A =      0.02792  B =      0.02163  C =      0.01299 [cm^-1]
  Rotational constants: A =    836.93301  B =    648.42812  C =    389.35427 [MHz]
  Nuclear repulsion =  886.454807624801106

  Charge       = 0
  Multiplicity = 1
  Electrons    = 102
  Nalpha       = 51
  Nbeta        = 51

  ==> Algorithm <==

  SCF Algorithm Type is DF.
  DIIS enabled.
  MOM disabled.
  Fractional occupation disabled.
  Guess Type is READ.
  Energy threshold   = 1.00e-08
  Density threshold  = 1.00e-08
  Integral threshold = 1.00e-12

  ==> Primary Basis <==

  Basis Set: 6-31G*
    Blend: 6-31G*
    Number of shells: 106
    Number of basis functions: 241
    Number of Cartesian functions: 241
    Spherical Harmonics?: false
    Max angular momentum: 2

  ==> DFT Potential <==

   => LibXC <=

    Version 7.1.2
    S. Lehtola, C. Steigemann, M. J. T. Oliveira, and M. A. L. Marques,  SoftwareX 7, 1–5 (2018) (10.1016/j.softx.2017.11.002)

   => Composite Functional: B3LYP <= 

    B3LYP Hyb-GGA Exchange-Correlation Functional

    P. J. Stephens, F. J. Devlin, C. F. Chabalowski, and M. J. Frisch,  J. Phys. Chem. 98, 11623 (1994) (10.1021/j100096a001)

    Deriv               =              1
    GGA                 =           TRUE
    Meta                =          FALSE

    Exchange Hybrid     =           TRUE
    MP2 Hybrid          =          FALSE

   => Exchange Functionals <=

    0.0800   Slater exchange
    0.7200         Becke 88

   => Exact (HF) Exchange <=

    0.2000               HF 

   => Correlation Functionals <=

    0.1900   Vosko, Wilk & Nusair (VWN5_RPA)
    0.8100   Lee, Yang & Parr

   => LibXC Density Thresholds  <==

    XC_HYB_GGA_XC_B3LYP:  1.00E-15 

   => Molecular Quadrature <=

    Radial Scheme          =       TREUTLER
    Pruning Scheme         =           NONE
    Nuclear Scheme         =       TREUTLER

    Blocking Scheme        =         OCTREE
    BS radius alpha        =              1
    Pruning alpha          =              1
    Radial Points          =             75
    Spherical Points       =            302
    Total Points           =         473993
    Total Blocks           =           3477
    Max Points             =            256
    Max Functions          =            226
    Weights Tolerance      =       1.00E-15

   => Loading Basis Set <=

    Name: (6-31G* AUX)
    Role: JKFIT
    Keyword: DF_BASIS_SCF
    atoms 1-12, 15 entry C          line   121 file /root/miniforge3/envs/qc/share/psi4/basis/cc-pvdz-jkfit.gbs 
    atoms 13-14    entry O          line   221 file /root/miniforge3/envs/qc/share/psi4/basis/cc-pvdz-jkfit.gbs 
    atoms 16-23    entry H          line    51 file /root/miniforge3/envs/qc/share/psi4/basis/cc-pvdz-jkfit.gbs 

   => Loading Basis Set <=

    Name: 6-31G*
    Role: ORBITAL
    Keyword: BASIS
    atoms 1-12, 15 entry C          line   111 file /root/miniforge3/envs/qc/share/psi4/basis/6-31gs.gbs 
    atoms 13-14    entry O          line   145 file /root/miniforge3/envs/qc/share/psi4/basis/6-31gs.gbs 
    atoms 16-23    entry H          line    44 file /root/miniforge3/envs/qc/share/psi4/basis/6-31gs.gbs 

  Reading orbitals from file /tmp/psi4.default.2140910.180.npy, no projection.

  ==> Integral Setup <==

  DFHelper Memory: AOs need 0.578 GiB; user supplied 14.837 GiB. 
  SCF_SUBTYPE=INCORE selected. In-core MEM_DF algorithm will be used.
  Using in-core AOs.

  ==> MemDFJK: Density-Fitted J/K Matrices <==

    J tasked:                   Yes
    K tasked:                   Yes
    wK tasked:                   No
    OpenMP threads:              16
    Memory [MiB]:             15193
    Algorithm:                 Core
    Schwarz Cutoff:           1E-12
    Mask sparsity (%):      11.2464
    Fitting Condition:        1E-10

   => Auxiliary Basis Set <=

  Basis Set: (6-31G* AUX)
    Blend: CC-PVDZ-JKFIT
    Number of shells: 432
    Number of basis functions: 1415
    Number of Cartesian functions: 1415
    Spherical Harmonics?: false
    Max angular momentum: 3

  Cached 100.0% of DFT collocation blocks in 1.927 [GiB].

  Minimum eigenvalue in the overlap matrix is 2.5708701304E-04.
  Reciprocal condition number of the overlap matrix is 3.2532811894E-05.
    Using symmetric orthogonalization.

  ==> Pre-Iterations <==

  SCF Guess: Orbitals guess was supplied from a previous computation.

   -------------------------------------------------------
    Irrep   Nso     Nmo     Nalpha   Nbeta   Ndocc  Nsocc
   -------------------------------------------------------
     A        241     241      51      51      51       0
   -------------------------------------------------------
    Total     241     241      51      51      51       0
   -------------------------------------------------------

  ==> Iterations <==

                           Total Energy        Delta E     RMS |[F,P]|

   @DF-RKS iter   0:  -650.57362350673623   -6.50574e+02   4.49780e-04 
   @DF-RKS iter   1:  -650.58364183923175   -1.00183e-02   7.78328e-05 DIIS
   @DF-RKS iter   2:  -650.58336989156737    2.71948e-04   1.23734e-04 DIIS/ADIIS
   @DF-RKS iter   3:  -650.58388956746887   -5.19676e-04   2.96601e-05 DIIS
   @DF-RKS iter   4:  -650.58391267903858   -2.31116e-05   1.11059e-05 DIIS
   @DF-RKS iter   5:  -650.58391540996877   -2.73093e-06   6.14888e-06 DIIS
   @DF-RKS iter   6:  -650.58391649402688   -1.08406e-06   1.74404e-06 DIIS
   @DF-RKS iter   7:  -650.58391657794198   -8.39151e-08   6.58545e-07 DIIS
   @DF-RKS iter   8:  -650.58391658929986   -1.13579e-08   1.95028e-07 DIIS
   @DF-RKS iter   9:  -650.58391659020162   -9.01764e-10   5.64056e-08 DIIS
   @DF-RKS iter  10:  -650.58391659026404   -6.24141e-11   2.59494e-08 DIIS
   @DF-RKS iter  11:  -650.58391659028223   -1.81899e-11   7.25311e-09 DIIS
  Energy and wave function converged.


  ==> Post-Iterations <==

   Electrons on quadrature grid:
      Ntotal   =  101.9999718690 ; deviation = -2.813e-05 

    Orbital Energies [Eh]
    ---------------------

    Doubly Occupied:                                                      

       1A    -19.191543     2A    -19.137107     3A    -10.321102  
       4A    -10.223399     5A    -10.221329     6A    -10.216552  
       7A    -10.213906     8A    -10.205641     9A    -10.205211  
      10A    -10.204295    11A    -10.202183    12A    -10.201731  
      13A    -10.201550    14A    -10.190347    15A    -10.186956  
      16A     -1.102235    17A     -1.014970    18A     -0.888723  
      19A     -0.841683    20A     -0.800279    21A     -0.762384  
      22A     -0.755969    23A     -0.722090    24A     -0.664436  
      25A     -0.638665    26A     -0.627451    27A     -0.594555  
      28A     -0.548582    29A     -0.528871    30A     -0.515091  
      31A     -0.506876    32A     -0.483311    33A     -0.475547  
      34A     -0.464056    35A     -0.450296    36A     -0.439063  
      37A     -0.423641    38A     -0.411488    39A     -0.404282  
      40A     -0.402243    41A     -0.383241    42A     -0.356565  
      43A     -0.355936    44A     -0.345092    45A     -0.320471  
      46A     -0.310644    47A     -0.281354    48A     -0.272601  
      49A     -0.262251    50A     -0.257188    51A     -0.217068  

    Virtual:                                                              

      52A     -0.061967    53A     -0.024918    54A     -0.010090  
      55A      0.028809    56A      0.055973    57A      0.068467  
      58A      0.086445    59A      0.091142    60A      0.105884  
      61A      0.113646    62A      0.128899    63A      0.136272  
      64A      0.166416    65A      0.168318    66A      0.185363  
      67A      0.195857    68A      0.226957    69A      0.247346  
      70A      0.255678    71A      0.273782    72A      0.276400  
      73A      0.304696    74A      0.316377    75A      0.344866  
      76A      0.357353    77A      0.370954    78A      0.412985  
      79A      0.429250    80A      0.457712    81A      0.476307  
      82A      0.489648    83A      0.497425    84A      0.511889  
      85A      0.522625    86A      0.528780    87A      0.533183  
      88A      0.545205    89A      0.555699    90A      0.559556  
      91A      0.572477    92A      0.582846    93A      0.591811  
      94A      0.597737    95A      0.601894    96A      0.606678  
      97A      0.609404    98A      0.615769    99A      0.637044  
     100A      0.641852   101A      0.658059   102A      0.667320  
     103A      0.678075   104A      0.688055   105A      0.693976  
     106A      0.731855   107A      0.744989   108A      0.757910  
     109A      0.778334   110A      0.802711   111A      0.806505  
     112A      0.814242   113A      0.821050   114A      0.827545  
     115A      0.837527   116A      0.854897   117A      0.862019  
     118A      0.869599   119A      0.870530   120A      0.886048  
     121A      0.898487   122A      0.920364   123A      0.935918  
     124A      0.951624   125A      0.977690   126A      0.996868  
     127A      1.001362   128A      1.010015   129A      1.058304  
     130A      1.066215   131A      1.069522   132A      1.077991  
     133A      1.092295   134A      1.105248   135A      1.142944  
     136A      1.160112   137A      1.181097   138A      1.192523  
     139A      1.211336   140A      1.244391   141A      1.250938  
     142A      1.265436   143A      1.279134   144A      1.303409  
     145A      1.353363   146A      1.392285   147A      1.405252  
     148A      1.434416   149A      1.447840   150A      1.460090  
     151A      1.465165   152A      1.475972   153A      1.497034  
     154A      1.508336   155A      1.515542   156A      1.542489  
     157A      1.560075   158A      1.590037   159A      1.609726  
     160A      1.615529   161A      1.687083   162A      1.716206  
     163A      1.736810   164A      1.748273   165A      1.762002  
     166A      1.767437   167A      1.792738   168A      1.799780  
     169A      1.818428   170A      1.836756   171A      1.850024  
     172A      1.883780   173A      1.891387   174A      1.895582  
     175A      1.913743   176A      1.918063   177A      1.921296  
     178A      1.947995   179A      1.965375   180A      1.977345  
     181A      2.007112   182A      2.016695   183A      2.029898  
     184A      2.048637   185A      2.120135   186A      2.130280  
     187A      2.144491   188A      2.159341   189A      2.171536  
     190A      2.189016   191A      2.201744   192A      2.242949  
     193A      2.270822   194A      2.281028   195A      2.307616  
     196A      2.312418   197A      2.339191   198A      2.351160  
     199A      2.391090   200A      2.426517   201A      2.465134  
     202A      2.488880   203A      2.567424   204A      2.575993  
     205A      2.601425   206A      2.618751   207A      2.637534  
     208A      2.650838   209A      2.670353   210A      2.694555  
     211A      2.713693   212A      2.756217   213A      2.758326  
     214A      2.781609   215A      2.809181   216A      2.823167  
     217A      2.854080   218A      2.902473   219A      2.924738  
     220A      2.984825   221A      3.014894   222A      3.098011  
     223A      3.218913   224A      3.289595   225A      3.398684  
     226A      3.512449   227A      3.842411   228A      4.052456  
     229A      4.081566   230A      4.086441   231A      4.104855  
     232A      4.140715   233A      4.156493   234A      4.191204  
     235A      4.287772   236A      4.335298   237A      4.350265  
     238A      4.448909   239A      4.522590   240A      4.660093  
     241A      4.900071  

    Final Occupation by Irrep:
              A 
    DOCC [    51 ]
    NA   [    51 ]
    NB   [    51 ]

  @DF-RKS Final Energy:  -650.58391659028223

   => Energetics <=

    Nuclear Repulsion Energy =            886.4548076248011057
    One-Electron Energy =               -2641.4665309328120202
    Two-Electron Energy =                1177.7440187925105874
    DFT Exchange-Correlation Energy =     -73.3162120747818165
    Empirical Dispersion Energy =           0.0000000000000000
    VV10 Nonlocal Energy =                  0.0000000000000000
    Total Energy =                       -650.5839165902821151

Computation Completed


Properties will be evaluated at   0.000000,   0.000000,   0.000000 [a0]

Properties computed using the SCF density matrix


 Multipole Moments:

 ------------------------------------------------------------------------------------
     Multipole            Electronic (a.u.)      Nuclear  (a.u.)        Total (a.u.)
 ------------------------------------------------------------------------------------

 L = 1.  Multiply by 2.5417464519 to convert [e a0] to [Debye]
 Dipole X            :        -52.1010292           51.3318776           -0.7691516
 Dipole Y            :         -8.2218086            8.1632419           -0.0585667
 Dipole Z            :          2.1765055           -2.5815689           -0.4050634
 Magnitude           :                                                    0.8712637

 ------------------------------------------------------------------------------------

*** tstop() called on ubuntu-32gb-hel1-14 at Tue Sep 29 23:05:39 2026
Module time:
	user time   =     102.07 seconds =       1.70 minutes
	system time =       4.04 seconds =       0.07 minutes
	total time  =          7 seconds =       0.12 minutes
Total time:
	user time   =    2096.84 seconds =      34.95 minutes
	system time =      90.94 seconds =       1.52 minutes
	total time  =        147 seconds =       2.45 minutes

*** tstart() called on ubuntu-32gb-hel1-14
*** at Tue Sep 29 23:05:39 2026


         ------------------------------------------------------------
                                   SCF GRAD                          
                          Rob Parrish, Justin Turney,                
                       Andy Simmonett, and Alex Sokolov              
         ------------------------------------------------------------

  ==> Geometry <==

    Molecular point group: c1
    Full point group: C1

    Geometry (in Angstrom), charge = 0, multiplicity = 1:

       Center              X                  Y                   Z               Mass       
    ------------   -----------------  -----------------  -----------------  -----------------
         C            2.480851620545    -2.408691592104    -0.704406517099    12.000000000000
         C            1.404138048335    -1.961918231215    -0.368665478054    12.000000000000
         C            0.100928565327    -1.397261449887    -0.278531746496    12.000000000000
         C           -0.890740850087    -2.316524320502    -0.498275302834    12.000000000000
         C           -2.234723863098    -1.951329714144    -0.321193199399    12.000000000000
         C           -2.532168904919    -0.678505489965     0.120106145532    12.000000000000
         C           -1.498901853266     0.303291189193     0.349495311366    12.000000000000
         C           -1.831270126202     1.582314182929     0.867789732527    12.000000000000
         C           -0.863571870423     2.513440470848     1.133721990120    12.000000000000
         C            0.477503564576     2.231290736900     0.815352506962    12.000000000000
         C            0.853611586729     1.025170355920     0.251297928541    12.000000000000
         C            2.276440436479     1.030812261533    -0.213365903778    12.000000000000
         O            3.233678582094     1.262058958062     0.478986605760    15.994914619570
         O            2.350917749526     0.821231765059    -1.552564067535    15.994914619570
         C           -0.127799260128    -0.024735100385     0.076461489410    12.000000000000
         H            3.465441502474    -2.705009921929    -1.010262458320     1.007825032230
         H           -0.623486622640    -3.324601902463    -0.794101877282     1.007825032230
         H           -3.020036615704    -2.680373864723    -0.495671996920     1.007825032230
         H           -3.561339479969    -0.388265955837     0.315139993204     1.007825032230
         H           -2.877641792475     1.802070362962     1.062140366355     1.007825032230
         H           -1.125460068092     3.479247145888     1.553691160834     1.007825032230
         H            1.241437834234     2.985683162828     0.976675905467     1.007825032230
         H            3.302191826685     0.800606961030    -1.763820568362     1.007825032230

  Nuclear repulsion =  886.454807624801106

  ==> Basis Set <==

  Basis Set: 6-31G*
    Blend: 6-31G*
    Number of shells: 106
    Number of basis functions: 241
    Number of Cartesian functions: 241
    Spherical Harmonics?: false
    Max angular momentum: 2

  ==> DFJKGrad: Density-Fitted SCF Gradients <==

    Gradient:                    1
    J tasked:                  Yes
    K tasked:                  Yes
    wK tasked:                  No
    OpenMP threads:             16
    Integrals threads:          16
    Memory [MiB]:            17166
    Schwarz Cutoff:          1E-12
    Fitting Condition:       1E-10

   => Auxiliary Basis Set <=

  Basis Set: (6-31G* AUX)
    Blend: CC-PVDZ-JKFIT
    Number of shells: 432
    Number of basis functions: 1415
    Number of Cartesian functions: 1415
    Spherical Harmonics?: false
    Max angular momentum: 3

  ==> DFT Potential <==

   => LibXC <=

    Version 7.1.2
    S. Lehtola, C. Steigemann, M. J. T. Oliveira, and M. A. L. Marques,  SoftwareX 7, 1–5 (2018) (10.1016/j.softx.2017.11.002)

   => Composite Functional: B3LYP <= 

    B3LYP Hyb-GGA Exchange-Correlation Functional

    P. J. Stephens, F. J. Devlin, C. F. Chabalowski, and M. J. Frisch,  J. Phys. Chem. 98, 11623 (1994) (10.1021/j100096a001)

    Deriv               =              1
    GGA                 =           TRUE
    Meta                =          FALSE

    Exchange Hybrid     =           TRUE
    MP2 Hybrid          =          FALSE

   => Exchange Functionals <=

    0.0800   Slater exchange
    0.7200         Becke 88

   => Exact (HF) Exchange <=

    0.2000               HF 

   => Correlation Functionals <=

    0.1900   Vosko, Wilk & Nusair (VWN5_RPA)
    0.8100   Lee, Yang & Parr

   => LibXC Density Thresholds  <==

    XC_HYB_GGA_XC_B3LYP:  1.00E-15 

   => Molecular Quadrature <=

    Radial Scheme          =       TREUTLER
    Pruning Scheme         =           NONE
    Nuclear Scheme         =       TREUTLER

    Blocking Scheme        =         OCTREE
    BS radius alpha        =              1
    Pruning alpha          =              1
    Radial Points          =             75
    Spherical Points       =            302
    Total Points           =         473993
    Total Blocks           =           3477
    Max Points             =            256
    Max Functions          =            226
    Weights Tolerance      =       1.00E-15


  -Total Gradient:
     Atom            X                  Y                   Z
    ------   -----------------  -----------------  -----------------
       1       -0.004185105869    -0.001044874613    -0.002939555316
       2       -0.017401770147    -0.009555036420     0.017260718683
       3       -0.028530918430     0.001279315189    -0.004225509739
       4        0.021288585304     0.000930439234    -0.000343141228
       5        0.005165155494    -0.005462201536    -0.001459071149
       6       -0.008389802242    -0.006415205351    -0.001585531489
       7        0.008341873343     0.008970319519     0.002406563280
       8        0.005529637864     0.002781953906     0.001032142714
       9       -0.000101255346    -0.003003178531    -0.000893061245
      10       -0.000234155242     0.000849322730    -0.000032343514
      11        0.006804794802     0.003201862286    -0.001531011932
      12        0.011057044629     0.015213971289     0.007331122970
      13       -0.010130906005    -0.004441195078    -0.004720746696
      14       -0.001295204907     0.001070032707    -0.002018308561
      15        0.006889113181    -0.004333339921    -0.002791941303
      16        0.004635230558     0.002150063728    -0.004577647666
      17       -0.000164665942     0.000152840941    -0.001323644444
      18        0.001265023216    -0.000746212654    -0.000067583962
      19       -0.000078039705    -0.000134746873    -0.000153176141
      20        0.000432067945    -0.000190664227    -0.000398674736
      21        0.000178972279    -0.000441088574    -0.000412864862
      22        0.000258094841    -0.000150213739     0.000271474998
      23       -0.001345080020    -0.000712620873     0.001140595717


*** tstop() called on ubuntu-32gb-hel1-14 at Tue Sep 29 23:05:42 2026
Module time:
	user time   =      32.92 seconds =       0.55 minutes
	system time =       2.18 seconds =       0.04 minutes
	total time  =          3 seconds =       0.05 minutes
Total time:
	user time   =    2129.78 seconds =      35.50 minutes
	system time =      93.12 seconds =       1.55 minutes
	total time  =        150 seconds =       2.50 minutes

    			-----------------------------------------

    			 OPTKING 3.0: for geometry optimizations 

    			     By R.A. King, Bethel University     

    			        with contributions from          

    			    A.V. Copan, J. Cayton, A. Heide      

    			-----------------------------------------

    
	                            ===> Fragment 1 <== 

	 Z (Atomic Numbers)          Masses                          Geom                  
	       6.000000            12.000000          4.68813012 -4.55176743 -1.33113540   
	       6.000000            12.000000          2.65343635 -3.70748814 -0.69667679   
	       6.000000            12.000000          0.19072735 -2.64044147 -0.52634872   
	       6.000000            12.000000         -1.68325626 -4.37759653 -0.94160386   
	       6.000000            12.000000         -4.22301607 -3.68747874 -0.60696718   
	       6.000000            12.000000         -4.78510573 -1.28218955  0.22696772   
	       6.000000            12.000000         -2.83251399  0.57313728  0.66045042   
	       6.000000            12.000000         -3.46059900  2.99014045  1.63988493   
	       6.000000            12.000000         -1.63191432  4.74971412  2.14242406   
	       6.000000            12.000000          0.90235096  4.21652840  1.54079293   
	       6.000000            12.000000          1.61309212  1.93729120  0.47488426   
	       6.000000            12.000000          4.30184897  1.94795286 -0.40320312   
	       8.000000            15.994915          6.11076690  2.38494578  0.90515350   
	       8.000000            15.994915          4.44259069  1.55190312 -2.93392088   
	       6.000000            12.000000         -0.24150560 -0.04674257  0.14449127   
	       1.000000             1.007825          6.54873534 -5.11172792 -1.90911936   
	       1.000000             1.007825         -1.17821896 -6.28258707 -1.50063506   
	       1.000000             1.007825         -5.70704209 -5.06517252 -0.93668432   
	       1.000000             1.007825         -6.72995626 -0.73371632  0.59552828   
	       1.000000             1.007825         -5.43795487  3.40541944  2.00715440   
	       1.000000             1.007825         -2.12681129  6.57482423  2.93605078   
	       1.000000             1.007825          2.34597751  5.64212348  1.84564997   
	       1.000000             1.007825          6.24023817  1.51292789 -3.33313781   

	 - Coordinate -           - BOHR/RAD -       - ANG/DEG -
	 R(1,2)           =         2.292449           1.213112
	 R(1,16)          =         2.027184           1.072739
	 R(2,3)           =         2.689337           1.423136
	 R(3,4)           =         2.588814           1.369941
	 R(3,15)          =         2.713692           1.436024
	 R(4,5)           =         2.653041           1.403929
	 R(4,17)          =         2.048553           1.084047
	 R(5,6)           =         2.607069           1.379601
	 R(5,18)          =         2.051606           1.085663
	 R(6,7)           =         2.728142           1.443671
	 R(6,19)          =         2.054046           1.086954
	 R(7,8)           =         2.682478           1.419506
	 R(7,15)          =         2.713630           1.435991
	 R(8,9)           =         2.587032           1.368998
	 R(8,20)          =         2.053602           1.086719
	 R(9,10)          =         2.658712           1.406930
	 R(9,21)          =         2.050803           1.085238
	 R(10,11)         =         2.614620           1.383597
	 R(10,22)         =         2.051662           1.085693
	 R(11,12)         =         2.828527           1.496792
	 R(11,15)         =         2.735888           1.447769
	 R(12,13)         =         2.274850           1.203799
	 R(12,14)         =         2.565384           1.357543
	 R(14,23)         =         1.841855           0.974668
	 L(1,2,3)         =         2.924011         167.533513
	 l(1,2,3)         =         3.141593         180.000000
	 B(2,1,16)        =         3.044286         174.424766
	 B(2,3,4)         =         1.967604         112.735402
	 B(2,3,15)        =         2.142111         122.733894
	 B(3,4,5)         =         2.092304         119.880169
	 B(3,4,17)        =         2.082096         119.295295
	 B(3,15,7)        =         2.001395         114.671498
	 B(3,15,11)       =         2.233187         127.952203
	 B(4,3,15)        =         2.172087         124.451393
	 B(4,5,6)         =         2.079143         119.126118
	 B(4,5,18)        =         2.091526         119.835635
	 B(5,4,17)        =         2.108682         120.818601
	 B(5,6,7)         =         2.122277         121.597507
	 B(5,6,19)        =         2.103530         120.523412
	 B(6,5,18)        =         2.111802         120.997327
	 B(6,7,8)         =         2.098094         120.211907
	 B(6,7,15)        =         2.091879         119.855849
	 B(7,6,19)        =         2.057337         117.876699
	 B(7,8,9)         =         2.115609         121.215457
	 B(7,8,20)        =         2.063440         118.226379
	 B(7,15,11)       =         2.047248         117.298661
	 B(8,7,15)        =         2.093023         119.921384
	 B(8,9,10)        =         2.086817         119.565829
	 B(8,9,21)        =         2.105857         120.656705
	 B(9,8,20)        =         2.104053         120.553380
	 B(9,10,11)       =         2.124898         121.747680
	 B(9,10,22)       =         2.091778         119.850026
	 B(10,9,21)       =         2.089858         119.740026
	 B(10,11,12)      =         1.962402         112.437346
	 B(10,11,15)      =         2.091083         119.810213
	 B(11,10,22)      =         2.065787         118.360858
	 B(11,12,13)      =         2.187152         125.314594
	 B(11,12,14)      =         1.936722         110.965992
	 B(12,11,15)      =         2.226384         127.562381
	 B(12,14,23)      =         1.844844         105.701772
	 B(13,12,14)      =         2.157236         123.600515
	 D(2,3,4,5)       =         3.036560         173.982068
	 D(2,3,4,17)      =        -0.089695          -5.139147
	 D(2,3,15,7)      =         3.326906         190.617665
	 D(2,3,15,11)     =         0.127342           7.296151
	 D(3,4,5,6)       =        -0.040344          -2.311542
	 D(3,4,5,18)      =        -3.141741        -180.008513
	 D(3,15,7,6)      =        -0.113105          -6.480441
	 D(3,15,7,8)      =         3.007612         172.323448
	 D(3,15,11,10)    =        -2.948907        -168.959948
	 D(3,15,11,12)    =         0.287110          16.450204
	 D(4,3,15,7)      =         0.124641           7.141393
	 D(4,3,15,11)     =         3.208262         183.819879
	 D(4,5,6,7)       =         0.046510           2.664852
	 D(4,5,6,19)      =        -3.085075        -176.761766
	 D(5,4,3,15)      =        -0.049702          -2.847696
	 D(5,6,7,8)       =        -3.086032        -176.816592
	 D(5,6,7,15)      =         0.034624           1.983781
	 D(6,5,4,17)      =         3.085673         176.796046
	 D(6,7,8,9)       =         3.104404         177.869241
	 D(6,7,8,20)      =        -0.023374          -1.339227
	 D(6,7,15,11)     =        -3.203263        -183.533447
	 D(7,6,5,18)      =        -3.135759        -179.665771
	 D(7,8,9,10)      =         0.066462           3.807980
	 D(7,8,9,21)      =        -3.114073        -178.423247
	 D(7,15,11,10)    =         0.133402           7.643366
	 D(7,15,11,12)    =        -2.913766        -166.946483
	 D(8,7,6,19)      =         0.045809           2.624644
	 D(8,7,15,11)     =        -0.082546          -4.729558
	 D(8,9,10,11)     =        -0.013525          -0.774950
	 D(8,9,10,22)     =         3.086527         176.844963
	 D(9,8,7,15)      =        -0.016238          -0.930342
	 D(9,10,11,12)    =         2.972254         170.297611
	 D(9,10,11,15)    =        -0.088390          -5.064397
	 D(10,9,8,20)     =         3.193920         182.998128
	 D(10,11,12,13)   =         1.001740          57.395497
	 D(10,11,12,14)   =        -2.072507        -118.745895
	 D(11,10,9,21)    =        -3.116537        -178.564413
	 D(11,12,14,23)   =        -3.099269        -177.575058
	 D(12,11,10,22)   =        -0.128395          -7.356515
	 D(13,12,11,15)   =        -2.228477        -127.682341
	 D(13,12,14,23)   =         0.108298           6.205024
	 D(14,12,11,15)   =         0.980461          56.176268
	 D(15,3,4,17)     =        -3.175957        -181.968911
	 D(15,7,6,19)     =         3.166464         181.425016
	 D(15,7,8,20)     =         3.139170         179.861190
	 D(15,11,10,22)   =        -3.189040        -182.718523
	 D(17,4,5,18)     =        -0.015724          -0.900925
	 D(18,5,6,19)     =         0.015841           0.907611
	 D(20,8,9,21)     =         0.013385           0.766901
	 D(21,9,10,22)    =        -0.016485          -0.944500
	 L(3,1,16)        =         2.976590         170.546021
	 l(3,1,16)        =         3.141593         180.000000


	        --- Internal Coordinate Step in ANG or DEG, aJ/ANG or AJ/DEG ---
	-------------------------------------------------------------------------------
	           Coordinate      Previous         Force          Change          New 
	           ----------      --------        ------          ------        ------
	               R(1,2)       1.21401       -0.03132       -0.00090       1.21311
	              R(1,16)       1.07279       -0.04089       -0.00005       1.07274
	               R(2,3)       1.42239        0.10617        0.00075       1.42314
	               R(3,4)       1.36996        0.17005       -0.00002       1.36994
	              R(3,15)       1.43600       -0.02838        0.00003       1.43602
	               R(4,5)       1.40396        0.06399       -0.00004       1.40393
	              R(4,17)       1.08405       -0.00185        0.00000       1.08405
	               R(5,6)       1.37962       -0.04051       -0.00002       1.37960
	              R(5,18)       1.08566        0.00321       -0.00000       1.08566
	               R(6,7)       1.44365       -0.12944        0.00002       1.44367
	              R(6,19)       1.08696       -0.00008       -0.00000       1.08695
	               R(7,8)       1.41952        0.00270       -0.00001       1.41951
	              R(7,15)       1.43596        0.00985        0.00003       1.43599
	               R(8,9)       1.36902        0.03652       -0.00002       1.36900
	              R(8,20)       1.08672        0.00437        0.00000       1.08672
	              R(9,10)       1.40693        0.03421        0.00000       1.40693
	              R(9,21)       1.08524        0.00487       -0.00000       1.08524
	             R(10,11)       1.38358        0.01295        0.00001       1.38360
	             R(10,22)       1.08570       -0.00101       -0.00000       1.08569
	             R(11,12)       1.49679        0.01750        0.00000       1.49679
	             R(11,15)       1.44776       -0.13682        0.00001       1.44777
	             R(12,13)       1.20381        0.09567       -0.00001       1.20380
	             R(12,14)       1.35754       -0.00652        0.00001       1.35754
	             R(14,23)       0.97467        0.01303       -0.00000       0.97467
	             L(1,2,3)     169.34726        0.00049       -1.28877     168.05849
	             l(1,2,3)     180.00000        0.00104       -3.56573     176.43427
	            B(2,1,16)     174.06984        0.00025        0.35492     174.42477
	             B(2,3,4)     112.75945        0.00188       -0.02405     112.73540
	            B(2,3,15)     122.71024       -0.00029        0.02366     122.73389
	             B(3,4,5)     119.87662        0.00030        0.00355     119.88017
	            B(3,4,17)     119.29774       -0.00016       -0.00245     119.29530
	            B(3,15,7)     114.67625        0.00105       -0.00475     114.67150
	           B(3,15,11)     127.94524       -0.00137        0.00696     127.95220
	            B(4,3,15)     124.45076       -0.00159        0.00063     124.45139
	             B(4,5,6)     119.12774        0.00020       -0.00162     119.12612
	            B(4,5,18)     119.83559        0.00001        0.00004     119.83564
	            B(5,4,17)     120.81972       -0.00013       -0.00112     120.81860
	             B(5,6,7)     121.59731       -0.00008        0.00020     121.59751
	            B(5,6,19)     120.52394        0.00005       -0.00052     120.52341
	            B(6,5,18)     120.99570       -0.00020        0.00163     120.99733
	             B(6,7,8)     120.21557       -0.00011       -0.00366     120.21191
	            B(6,7,15)     119.85368        0.00014        0.00216     119.85585
	            B(7,6,19)     117.87636        0.00003        0.00034     117.87670
	             B(7,8,9)     121.21521       -0.00022        0.00025     121.21546
	            B(7,8,20)     118.22710        0.00013       -0.00072     118.22638
	           B(7,15,11)     117.30065        0.00032       -0.00199     117.29866
	            B(8,7,15)     119.91985       -0.00003        0.00153     119.92138
	            B(8,9,10)     119.56604       -0.00008       -0.00021     119.56583
	            B(8,9,21)     120.65721        0.00004       -0.00050     120.65671
	            B(9,8,20)     120.55289        0.00009        0.00049     120.55338
	           B(9,10,11)     121.74682       -0.00008        0.00086     121.74768
	           B(9,10,22)     119.85081        0.00003       -0.00078     119.85003
	           B(10,9,21)     119.73935        0.00005        0.00068     119.74003
	          B(10,11,12)     112.43856        0.00102       -0.00122     112.43735
	          B(10,11,15)     119.81061        0.00010       -0.00040     119.81021
	          B(11,10,22)     118.36097        0.00005       -0.00011     118.36086
	          B(11,12,13)     125.31481        0.00007       -0.00022     125.31459
	          B(11,12,14)     110.96581        0.00016        0.00018     110.96599
	          B(12,11,15)     127.56089       -0.00112        0.00149     127.56238
	          B(12,14,23)     105.70191        0.00011       -0.00014     105.70177
	          B(13,12,14)     123.60037       -0.00023        0.00014     123.60051
	           D(2,3,4,5)     173.97914        0.00007        0.00293     173.98207
	          D(2,3,4,17)      -5.14325        0.00007        0.00410      -5.13915
	          D(2,3,15,7)     190.62244       -0.00017       -0.00478     190.61767
	         D(2,3,15,11)       7.29635       -0.00012       -0.00020       7.29615
	           D(3,4,5,6)      -2.31422        0.00003        0.00268      -2.31154
	          D(3,4,5,18)    -180.00988       -0.00001        0.00137    -180.00851
	          D(3,15,7,6)      -6.48286        0.00001        0.00242      -6.48044
	          D(3,15,7,8)     172.31942        0.00004        0.00403     172.32345
	        D(3,15,11,10)    -168.95499       -0.00016       -0.00496    -168.95995
	        D(3,15,11,12)      16.45329       -0.00026       -0.00309      16.45020
	          D(4,3,15,7)       7.14168       -0.00015       -0.00029       7.14139
	         D(4,3,15,11)     183.81559       -0.00010        0.00429     183.81988
	           D(4,5,6,7)       2.66537       -0.00003       -0.00052       2.66485
	          D(4,5,6,19)    -176.75978       -0.00006       -0.00198    -176.76177
	          D(5,4,3,15)      -2.84513        0.00011       -0.00257      -2.84770
	           D(5,6,7,8)    -176.81298       -0.00008       -0.00362    -176.81659
	          D(5,6,7,15)       1.98572       -0.00005       -0.00194       1.98378
	          D(6,5,4,17)     176.79457        0.00003        0.00148     176.79605
	           D(6,7,8,9)     177.86667        0.00003        0.00257     177.86924
	          D(6,7,8,20)      -1.33998        0.00001        0.00075      -1.33923
	         D(6,7,15,11)    -183.53147        0.00003       -0.00197    -183.53345
	          D(7,6,5,18)    -179.66654        0.00002        0.00077    -179.66577
	          D(7,8,9,10)       3.80873       -0.00006       -0.00075       3.80798
	          D(7,8,9,21)    -178.42169       -0.00002       -0.00155    -178.42325
	        D(7,15,11,10)       7.64371       -0.00009       -0.00034       7.64337
	        D(7,15,11,12)    -166.94801       -0.00019        0.00153    -166.94648
	          D(8,7,6,19)       2.62684       -0.00005       -0.00219       2.62464
	         D(8,7,15,11)      -4.72919        0.00005       -0.00037      -4.72956
	         D(8,9,10,11)      -0.77511       -0.00001        0.00016      -0.77495
	         D(8,9,10,22)     176.84571        0.00003       -0.00075     176.84496
	          D(9,8,7,15)      -0.93123        0.00000        0.00089      -0.93034
	        D(9,10,11,12)     170.29881        0.00006       -0.00120     170.29761
	        D(9,10,11,15)      -5.06466        0.00008        0.00027      -5.06440
	         D(10,9,8,20)     182.99703       -0.00004        0.00110     182.99813
	       D(10,11,12,13)      57.39413       -0.00021        0.00136      57.39550
	       D(10,11,12,14)    -118.74558       -0.00013       -0.00032    -118.74589
	        D(11,10,9,21)    -178.56539       -0.00004        0.00098    -178.56441
	       D(11,12,14,23)    -177.57577       -0.00008        0.00072    -177.57506
	       D(12,11,10,22)      -7.35623        0.00003       -0.00029      -7.35651
	       D(13,12,11,15)    -127.68198       -0.00015       -0.00036    -127.68234
	       D(13,12,14,23)       6.20594       -0.00001       -0.00091       6.20502
	       D(14,12,11,15)      56.17831       -0.00007       -0.00204      56.17627
	         D(15,3,4,17)    -181.96751        0.00011       -0.00140    -181.96891
	         D(15,7,6,19)     181.42553       -0.00003       -0.00052     181.42502
	         D(15,7,8,20)     179.86212       -0.00002       -0.00093     179.86119
	       D(15,11,10,22)    -182.71970        0.00005        0.00118    -182.71852
	         D(17,4,5,18)      -0.90110       -0.00001        0.00017      -0.90093
	         D(18,5,6,19)       0.90831       -0.00001       -0.00070       0.90761
	         D(20,8,9,21)       0.76660       -0.00000        0.00030       0.76690
	        D(21,9,10,22)      -0.94457       -0.00001        0.00007      -0.94450
	            L(3,1,16)     179.75455       -0.00013       -0.62735     179.12720
	            l(3,1,16)     180.00000        0.00032       -9.41185     170.58815
	-------------------------------------------------------------------------------
Next Geometry in Ang 
	Fragment 1 (Ang)

	    C   2.5328411020  -2.3192029336  -0.6715059224
	    C   1.4116929789  -1.9509816004  -0.4042765725
	    C   0.0981998947  -1.3956994058  -0.3021956440
	    C  -0.9058558574  -2.3110785092  -0.5219091752
	    C  -2.2491438558  -1.9408946412  -0.3310162908
	    C  -2.5395817125  -0.6725712859   0.1222208847
	    C  -1.5044462850   0.3012436052   0.3514196892
	    C  -1.8303559464   1.5767593234   0.8820925886
	    C  -0.8561192339   2.5027961749   1.1483395979
	    C   0.4822164760   2.2169762343   0.8178043715
	    C   0.8485207176   1.0131008659   0.2419569644
	    C   2.2672079851   1.0054812266  -0.2365163003
	    O   3.2359773880   1.2246769700   0.4484154309
	    O   2.3276673724   0.8030596034  -1.5770980267
	    C  -0.1355234705  -0.0280376589   0.0663591095
	    H   3.5267207450  -2.6683698064  -0.8727108159
	    H  -0.6464169295  -3.3179935527  -0.8278312492
	    H  -3.0392709037  -2.6649755850  -0.5052822222
	    H  -3.5663841710  -0.3806261188   0.3270115113
	    H  -2.8746980119   1.7985921447   1.0856641978
	    H  -1.1108657124   3.4665824158   1.5777358009
	    H   1.2506415366   2.9667922610   0.9791969605
	    H   3.2769759036   0.7743702826  -1.7978748680


    Structure for next step:
    Molecular point group: c1
    Full point group: C1

    Geometry (in Angstrom), charge = 0, multiplicity = 1:

    C            2.532841102018    -2.319202933646    -0.671505922356
    C            1.411692978947    -1.950981600356    -0.404276572543
    C            0.098199894716    -1.395699405778    -0.302195643963
    C           -0.905855857369    -2.311078509219    -0.521909175192
    C           -2.249143855776    -1.940894641234    -0.331016290796
    C           -2.539581712522    -0.672571285934     0.122220884677
    C           -1.504446284969     0.301243605216     0.351419689182
    C           -1.830355946411     1.576759323376     0.882092588551
    C           -0.856119233893     2.502796174914     1.148339597942
    C            0.482216475961     2.216976234279     0.817804371537
    C            0.848520717576     1.013100865919     0.241956964421
    C            2.267207985135     1.005481226588    -0.236516300255
    O            3.235977388048     1.224676970048     0.448415430940
    O            2.327667372359     0.803059603424    -1.577098026681
    C           -0.135523470533    -0.028037658924     0.066359109489
    H            3.526720744951    -2.668369806410    -0.872710815922
    H           -0.646416929480    -3.317993552726    -0.827831249189
    H           -3.039270903653    -2.664975584967    -0.505282222246
    H           -3.566384170969    -0.380626118828     0.327011511283
    H           -2.874698011917     1.798592144743     1.085664197831
    H           -1.110865712437     3.466582415832     1.577735800858
    H            1.250641536629     2.966792261034     0.979196960469
    H            3.276975903589     0.774370282649    -1.797874868036


Scratch directory: /tmp/
gradient() will perform analytic gradient computation.
   => Libint2 <=

    Primary   basis highest AM E, G, H:  7, 6, 3
    Auxiliary basis highest AM E, G, H:  7, 7, 4
    Onebody   basis highest AM E, G, H:  -, -, -
    Solid Harmonics ordering:            Gaussian

*** tstart() called on ubuntu-32gb-hel1-14
*** at Tue Sep 29 23:05:43 2026

   => Loading Basis Set <=

    Name: 6-31G*
    Role: ORBITAL
    Keyword: BASIS
    atoms 1-12, 15 entry C          line   111 file /root/miniforge3/envs/qc/share/psi4/basis/6-31gs.gbs 
    atoms 13-14    entry O          line   145 file /root/miniforge3/envs/qc/share/psi4/basis/6-31gs.gbs 
    atoms 16-23    entry H          line    44 file /root/miniforge3/envs/qc/share/psi4/basis/6-31gs.gbs 


         ---------------------------------------------------------
                                   SCF
               by Justin Turney, Rob Parrish, Andy Simmonett
                          and Daniel G. A. Smith
                              RKS Reference
                       16 Threads,  22888 MiB Core
         ---------------------------------------------------------

  ==> Geometry <==

    Molecular point group: c1
    Full point group: C1

    Geometry (in Angstrom), charge = 0, multiplicity = 1:

       Center              X                  Y                   Z               Mass       
    ------------   -----------------  -----------------  -----------------  -----------------
         C            2.532841102018    -2.319202933646    -0.671505922356    12.000000000000
         C            1.411692978947    -1.950981600356    -0.404276572543    12.000000000000
         C            0.098199894716    -1.395699405778    -0.302195643963    12.000000000000
         C           -0.905855857369    -2.311078509219    -0.521909175192    12.000000000000
         C           -2.249143855776    -1.940894641234    -0.331016290796    12.000000000000
         C           -2.539581712522    -0.672571285934     0.122220884677    12.000000000000
         C           -1.504446284969     0.301243605216     0.351419689182    12.000000000000
         C           -1.830355946411     1.576759323376     0.882092588551    12.000000000000
         C           -0.856119233893     2.502796174914     1.148339597942    12.000000000000
         C            0.482216475961     2.216976234279     0.817804371537    12.000000000000
         C            0.848520717576     1.013100865919     0.241956964421    12.000000000000
         C            2.267207985135     1.005481226588    -0.236516300255    12.000000000000
         O            3.235977388048     1.224676970048     0.448415430940    15.994914619570
         O            2.327667372359     0.803059603424    -1.577098026681    15.994914619570
         C           -0.135523470533    -0.028037658924     0.066359109489    12.000000000000
         H            3.526720744951    -2.668369806410    -0.872710815922     1.007825032230
         H           -0.646416929480    -3.317993552726    -0.827831249189     1.007825032230
         H           -3.039270903653    -2.664975584967    -0.505282222246     1.007825032230
         H           -3.566384170969    -0.380626118828     0.327011511283     1.007825032230
         H           -2.874698011917     1.798592144743     1.085664197831     1.007825032230
         H           -1.110865712437     3.466582415832     1.577735800858     1.007825032230
         H            1.250641536629     2.966792261034     0.979196960469     1.007825032230
         H            3.276975903589     0.774370282649    -1.797874868036     1.007825032230

  Running in c1 symmetry.

  Rotational constants: A =      0.02830  B =      0.02156  C =      0.01306 [cm^-1]
  Rotational constants: A =    848.28775  B =    646.37506  C =    391.46980 [MHz]
  Nuclear repulsion =  887.517998312102009

  Charge       = 0
  Multiplicity = 1
  Electrons    = 102
  Nalpha       = 51
  Nbeta        = 51

  ==> Algorithm <==

  SCF Algorithm Type is DF.
  DIIS enabled.
  MOM disabled.
  Fractional occupation disabled.
  Guess Type is READ.
  Energy threshold   = 1.00e-08
  Density threshold  = 1.00e-08
  Integral threshold = 1.00e-12

  ==> Primary Basis <==

  Basis Set: 6-31G*
    Blend: 6-31G*
    Number of shells: 106
    Number of basis functions: 241
    Number of Cartesian functions: 241
    Spherical Harmonics?: false
    Max angular momentum: 2

  ==> DFT Potential <==

   => LibXC <=

    Version 7.1.2
    S. Lehtola, C. Steigemann, M. J. T. Oliveira, and M. A. L. Marques,  SoftwareX 7, 1–5 (2018) (10.1016/j.softx.2017.11.002)

   => Composite Functional: B3LYP <= 

    B3LYP Hyb-GGA Exchange-Correlation Functional

    P. J. Stephens, F. J. Devlin, C. F. Chabalowski, and M. J. Frisch,  J. Phys. Chem. 98, 11623 (1994) (10.1021/j100096a001)

    Deriv               =              1
    GGA                 =           TRUE
    Meta                =          FALSE

    Exchange Hybrid     =           TRUE
    MP2 Hybrid          =          FALSE

   => Exchange Functionals <=

    0.0800   Slater exchange
    0.7200         Becke 88

   => Exact (HF) Exchange <=

    0.2000               HF 

   => Correlation Functionals <=

    0.1900   Vosko, Wilk & Nusair (VWN5_RPA)
    0.8100   Lee, Yang & Parr

   => LibXC Density Thresholds  <==

    XC_HYB_GGA_XC_B3LYP:  1.00E-15 

   => Molecular Quadrature <=

    Radial Scheme          =       TREUTLER
    Pruning Scheme         =           NONE
    Nuclear Scheme         =       TREUTLER

    Blocking Scheme        =         OCTREE
    BS radius alpha        =              1
    Pruning alpha          =              1
    Radial Points          =             75
    Spherical Points       =            302
    Total Points           =         473915
    Total Blocks           =           3469
    Max Points             =            256
    Max Functions          =            226
    Weights Tolerance      =       1.00E-15

   => Loading Basis Set <=

    Name: (6-31G* AUX)
    Role: JKFIT
    Keyword: DF_BASIS_SCF
    atoms 1-12, 15 entry C          line   121 file /root/miniforge3/envs/qc/share/psi4/basis/cc-pvdz-jkfit.gbs 
    atoms 13-14    entry O          line   221 file /root/miniforge3/envs/qc/share/psi4/basis/cc-pvdz-jkfit.gbs 
    atoms 16-23    entry H          line    51 file /root/miniforge3/envs/qc/share/psi4/basis/cc-pvdz-jkfit.gbs 

   => Loading Basis Set <=

    Name: 6-31G*
    Role: ORBITAL
    Keyword: BASIS
    atoms 1-12, 15 entry C          line   111 file /root/miniforge3/envs/qc/share/psi4/basis/6-31gs.gbs 
    atoms 13-14    entry O          line   145 file /root/miniforge3/envs/qc/share/psi4/basis/6-31gs.gbs 
    atoms 16-23    entry H          line    44 file /root/miniforge3/envs/qc/share/psi4/basis/6-31gs.gbs 

  Reading orbitals from file /tmp/psi4.default.2140910.180.npy, no projection.

  ==> Integral Setup <==

  DFHelper Memory: AOs need 0.579 GiB; user supplied 14.831 GiB. 
  SCF_SUBTYPE=INCORE selected. In-core MEM_DF algorithm will be used.
  Using in-core AOs.

  ==> MemDFJK: Density-Fitted J/K Matrices <==

    J tasked:                   Yes
    K tasked:                   Yes
    wK tasked:                   No
    OpenMP threads:              16
    Memory [MiB]:             15186
    Algorithm:                 Core
    Schwarz Cutoff:           1E-12
    Mask sparsity (%):      11.1190
    Fitting Condition:        1E-10

   => Auxiliary Basis Set <=

  Basis Set: (6-31G* AUX)
    Blend: CC-PVDZ-JKFIT
    Number of shells: 432
    Number of basis functions: 1415
    Number of Cartesian functions: 1415
    Spherical Harmonics?: false
    Max angular momentum: 3

  Cached 100.0% of DFT collocation blocks in 1.933 [GiB].

  Minimum eigenvalue in the overlap matrix is 2.5442374371E-04.
  Reciprocal condition number of the overlap matrix is 3.2191007789E-05.
    Using symmetric orthogonalization.

  ==> Pre-Iterations <==

  SCF Guess: Orbitals guess was supplied from a previous computation.

   -------------------------------------------------------
    Irrep   Nso     Nmo     Nalpha   Nbeta   Ndocc  Nsocc
   -------------------------------------------------------
     A        241     241      51      51      51       0
   -------------------------------------------------------
    Total     241     241      51      51      51       0
   -------------------------------------------------------

  ==> Iterations <==

                           Total Energy        Delta E     RMS |[F,P]|

   @DF-RKS iter   0:  -650.58764595659511   -6.50588e+02   6.67379e-04 
   @DF-RKS iter   1:  -650.58668586559656    9.60091e-04   9.17037e-05 DIIS
   @DF-RKS iter   2:  -650.58621370360527    4.72162e-04   1.60971e-04 DIIS/ADIIS
   @DF-RKS iter   3:  -650.58700008437916   -7.86381e-04   3.11707e-05 DIIS
   @DF-RKS iter   4:  -650.58702474190568   -2.46575e-05   1.00240e-05 DIIS
   @DF-RKS iter   5:  -650.58702678964073   -2.04774e-06   5.55093e-06 DIIS
   @DF-RKS iter   6:  -650.58702760227675   -8.12636e-07   1.98855e-06 DIIS
   @DF-RKS iter   7:  -650.58702770386071   -1.01584e-07   8.81615e-07 DIIS
   @DF-RKS iter   8:  -650.58702772476613   -2.09054e-08   2.34904e-07 DIIS
   @DF-RKS iter   9:  -650.58702772611264   -1.34651e-09   6.58648e-08 DIIS
   @DF-RKS iter  10:  -650.58702772622325   -1.10617e-10   2.12392e-08 DIIS
   @DF-RKS iter  11:  -650.58702772623349   -1.02318e-11   9.75146e-09 DIIS
  Energy and wave function converged.


  ==> Post-Iterations <==

   Electrons on quadrature grid:
      Ntotal   =  101.9999917704 ; deviation = -8.230e-06 

    Orbital Energies [Eh]
    ---------------------

    Doubly Occupied:                                                      

       1A    -19.190726     2A    -19.135981     3A    -10.320534  
       4A    -10.222900     5A    -10.222391     6A    -10.215814  
       7A    -10.213637     8A    -10.205578     9A    -10.205035  
      10A    -10.204393    11A    -10.203295    12A    -10.201884  
      13A    -10.201864    14A    -10.190308    15A    -10.186617  
      16A     -1.100825    17A     -1.012932    18A     -0.888542  
      19A     -0.840520    20A     -0.800510    21A     -0.761750  
      22A     -0.755473    23A     -0.723162    24A     -0.663978  
      25A     -0.638553    26A     -0.627437    27A     -0.594317  
      28A     -0.548160    29A     -0.528743    30A     -0.515392  
      31A     -0.506616    32A     -0.483148    33A     -0.474715  
      34A     -0.463646    35A     -0.450806    36A     -0.438136  
      37A     -0.423055    38A     -0.411262    39A     -0.404117  
      40A     -0.401547    41A     -0.383140    42A     -0.356446  
      43A     -0.355641    44A     -0.344618    45A     -0.320592  
      46A     -0.309678    47A     -0.280615    48A     -0.273404  
      49A     -0.262297    50A     -0.256835    51A     -0.217688  

    Virtual:                                                              

      52A     -0.062082    53A     -0.024562    54A     -0.009513  
      55A      0.029893    56A      0.055752    57A      0.070111  
      58A      0.087384    59A      0.091729    60A      0.109077  
      61A      0.114279    62A      0.123372    63A      0.136107  
      64A      0.166338    65A      0.168559    66A      0.185960  
      67A      0.196535    68A      0.228012    69A      0.246732  
      70A      0.256410    71A      0.272050    72A      0.277503  
      73A      0.303278    74A      0.315699    75A      0.344014  
      76A      0.358206    77A      0.372166    78A      0.410473  
      79A      0.432929    80A      0.455760    81A      0.475151  
      82A      0.490105    83A      0.494793    84A      0.511763  
      85A      0.522780    86A      0.528515    87A      0.534404  
      88A      0.545324    89A      0.555714    90A      0.561937  
      91A      0.572952    92A      0.584384    93A      0.591816  
      94A      0.596543    95A      0.602513    96A      0.605962  
      97A      0.609521    98A      0.615938    99A      0.635765  
     100A      0.641615   101A      0.659562   102A      0.666375  
     103A      0.678679   104A      0.687294   105A      0.711621  
     106A      0.729129   107A      0.744115   108A      0.758469  
     109A      0.783889   110A      0.789814   111A      0.802376  
     112A      0.814307   113A      0.821792   114A      0.830621  
     115A      0.838273   116A      0.856518   117A      0.863417  
     118A      0.869569   119A      0.871528   120A      0.886102  
     121A      0.904632   122A      0.920168   123A      0.937101  
     124A      0.954253   125A      0.980631   126A      0.997112  
     127A      1.009008   128A      1.018245   129A      1.063820  
     130A      1.065817   131A      1.070206   132A      1.079732  
     133A      1.090404   134A      1.104800   135A      1.142772  
     136A      1.161498   137A      1.184851   138A      1.191119  
     139A      1.212559   140A      1.245237   141A      1.254226  
     142A      1.269946   143A      1.279622   144A      1.303946  
     145A      1.355377   146A      1.390507   147A      1.405672  
     148A      1.432957   149A      1.448105   150A      1.461118  
     151A      1.467402   152A      1.475882   153A      1.495888  
     154A      1.509729   155A      1.516337   156A      1.539277  
     157A      1.559332   158A      1.589930   159A      1.609689  
     160A      1.629356   161A      1.691047   162A      1.717541  
     163A      1.737819   164A      1.750306   165A      1.760628  
     166A      1.775100   167A      1.794024   168A      1.802072  
     169A      1.817497   170A      1.834989   171A      1.850601  
     172A      1.882491   173A      1.892723   174A      1.894816  
     175A      1.915646   176A      1.919837   177A      1.922338  
     178A      1.943626   179A      1.965800   180A      1.978780  
     181A      2.002609   182A      2.014230   183A      2.028305  
     184A      2.046829   185A      2.129117   186A      2.133258  
     187A      2.140184   188A      2.160096   189A      2.168888  
     190A      2.187209   191A      2.201507   192A      2.244116  
     193A      2.270802   194A      2.277099   195A      2.308164  
     196A      2.311012   197A      2.338905   198A      2.352907  
     199A      2.394686   200A      2.428972   201A      2.464840  
     202A      2.483303   203A      2.565613   204A      2.575177  
     205A      2.601014   206A      2.618700   207A      2.633489  
     208A      2.648745   209A      2.677257   210A      2.695757  
     211A      2.712129   212A      2.753949   213A      2.761746  
     214A      2.782329   215A      2.808351   216A      2.822850  
     217A      2.852497   218A      2.904936   219A      2.926465  
     220A      2.984568   221A      3.013032   222A      3.096371  
     223A      3.206671   224A      3.290313   225A      3.413633  
     226A      3.509575   227A      3.844520   228A      4.052291  
     229A      4.081162   230A      4.086735   231A      4.103665  
     232A      4.140181   233A      4.155680   234A      4.199926  
     235A      4.292061   236A      4.333449   237A      4.349843  
     238A      4.447451   239A      4.524095   240A      4.662324  
     241A      4.906163  

    Final Occupation by Irrep:
              A 
    DOCC [    51 ]
    NA   [    51 ]
    NB   [    51 ]

  @DF-RKS Final Energy:  -650.58702772623349

   => Energetics <=

    Nuclear Repulsion Energy =            887.5179983121020086
    One-Electron Energy =               -2643.6267457597482462
    Two-Electron Energy =                1178.8350188673387038
    DFT Exchange-Correlation Energy =     -73.3132991459259955
    Empirical Dispersion Energy =           0.0000000000000000
    VV10 Nonlocal Energy =                  0.0000000000000000
    Total Energy =                       -650.5870277262334866

Computation Completed


Properties will be evaluated at   0.000000,   0.000000,   0.000000 [a0]

Properties computed using the SCF density matrix


 Multipole Moments:

 ------------------------------------------------------------------------------------
     Multipole            Electronic (a.u.)      Nuclear  (a.u.)        Total (a.u.)
 ------------------------------------------------------------------------------------

 L = 1.  Multiply by 2.5417464519 to convert [e a0] to [Debye]
 Dipole X            :        -51.8854137           51.1053325           -0.7800812
 Dipole Y            :         -7.9922774            7.9058828           -0.0863946
 Dipole Z            :          3.5787623           -3.9436915           -0.3649292
 Magnitude           :                                                    0.8655426

 ------------------------------------------------------------------------------------

*** tstop() called on ubuntu-32gb-hel1-14 at Tue Sep 29 23:05:50 2026
Module time:
	user time   =     102.87 seconds =       1.71 minutes
	system time =       4.04 seconds =       0.07 minutes
	total time  =          7 seconds =       0.12 minutes
Total time:
	user time   =    2246.43 seconds =      37.44 minutes
	system time =      97.18 seconds =       1.62 minutes
	total time  =        158 seconds =       2.63 minutes

*** tstart() called on ubuntu-32gb-hel1-14
*** at Tue Sep 29 23:05:50 2026


         ------------------------------------------------------------
                                   SCF GRAD                          
                          Rob Parrish, Justin Turney,                
                       Andy Simmonett, and Alex Sokolov              
         ------------------------------------------------------------

  ==> Geometry <==

    Molecular point group: c1
    Full point group: C1

    Geometry (in Angstrom), charge = 0, multiplicity = 1:

       Center              X                  Y                   Z               Mass       
    ------------   -----------------  -----------------  -----------------  -----------------
         C            2.532841102018    -2.319202933646    -0.671505922356    12.000000000000
         C            1.411692978947    -1.950981600356    -0.404276572543    12.000000000000
         C            0.098199894716    -1.395699405778    -0.302195643963    12.000000000000
         C           -0.905855857369    -2.311078509219    -0.521909175192    12.000000000000
         C           -2.249143855776    -1.940894641234    -0.331016290796    12.000000000000
         C           -2.539581712522    -0.672571285934     0.122220884677    12.000000000000
         C           -1.504446284969     0.301243605216     0.351419689182    12.000000000000
         C           -1.830355946411     1.576759323376     0.882092588551    12.000000000000
         C           -0.856119233893     2.502796174914     1.148339597942    12.000000000000
         C            0.482216475961     2.216976234279     0.817804371537    12.000000000000
         C            0.848520717576     1.013100865919     0.241956964421    12.000000000000
         C            2.267207985135     1.005481226588    -0.236516300255    12.000000000000
         O            3.235977388048     1.224676970048     0.448415430940    15.994914619570
         O            2.327667372359     0.803059603424    -1.577098026681    15.994914619570
         C           -0.135523470533    -0.028037658924     0.066359109489    12.000000000000
         H            3.526720744951    -2.668369806410    -0.872710815922     1.007825032230
         H           -0.646416929480    -3.317993552726    -0.827831249189     1.007825032230
         H           -3.039270903653    -2.664975584967    -0.505282222246     1.007825032230
         H           -3.566384170969    -0.380626118828     0.327011511283     1.007825032230
         H           -2.874698011917     1.798592144743     1.085664197831     1.007825032230
         H           -1.110865712437     3.466582415832     1.577735800858     1.007825032230
         H            1.250641536629     2.966792261034     0.979196960469     1.007825032230
         H            3.276975903589     0.774370282649    -1.797874868036     1.007825032230

  Nuclear repulsion =  887.517998312102009

  ==> Basis Set <==

  Basis Set: 6-31G*
    Blend: 6-31G*
    Number of shells: 106
    Number of basis functions: 241
    Number of Cartesian functions: 241
    Spherical Harmonics?: false
    Max angular momentum: 2

  ==> DFJKGrad: Density-Fitted SCF Gradients <==

    Gradient:                    1
    J tasked:                  Yes
    K tasked:                  Yes
    wK tasked:                  No
    OpenMP threads:             16
    Integrals threads:          16
    Memory [MiB]:            17166
    Schwarz Cutoff:          1E-12
    Fitting Condition:       1E-10

   => Auxiliary Basis Set <=

  Basis Set: (6-31G* AUX)
    Blend: CC-PVDZ-JKFIT
    Number of shells: 432
    Number of basis functions: 1415
    Number of Cartesian functions: 1415
    Spherical Harmonics?: false
    Max angular momentum: 3

  ==> DFT Potential <==

   => LibXC <=

    Version 7.1.2
    S. Lehtola, C. Steigemann, M. J. T. Oliveira, and M. A. L. Marques,  SoftwareX 7, 1–5 (2018) (10.1016/j.softx.2017.11.002)

   => Composite Functional: B3LYP <= 

    B3LYP Hyb-GGA Exchange-Correlation Functional

    P. J. Stephens, F. J. Devlin, C. F. Chabalowski, and M. J. Frisch,  J. Phys. Chem. 98, 11623 (1994) (10.1021/j100096a001)

    Deriv               =              1
    GGA                 =           TRUE
    Meta                =          FALSE

    Exchange Hybrid     =           TRUE
    MP2 Hybrid          =          FALSE

   => Exchange Functionals <=

    0.0800   Slater exchange
    0.7200         Becke 88

   => Exact (HF) Exchange <=

    0.2000               HF 

   => Correlation Functionals <=

    0.1900   Vosko, Wilk & Nusair (VWN5_RPA)
    0.8100   Lee, Yang & Parr

   => LibXC Density Thresholds  <==

    XC_HYB_GGA_XC_B3LYP:  1.00E-15 

   => Molecular Quadrature <=

    Radial Scheme          =       TREUTLER
    Pruning Scheme         =           NONE
    Nuclear Scheme         =       TREUTLER

    Blocking Scheme        =         OCTREE
    BS radius alpha        =              1
    Pruning alpha          =              1
    Radial Points          =             75
    Spherical Points       =            302
    Total Points           =         473915
    Total Blocks           =           3469
    Max Points             =            256
    Max Functions          =            226
    Weights Tolerance      =       1.00E-15


  -Total Gradient:
     Atom            X                  Y                   Z
    ------   -----------------  -----------------  -----------------
       1       -0.007436392050     0.006020273200    -0.002229811302
       2       -0.007146548504    -0.015029644678     0.011447650050
       3       -0.025231884360     0.006637691481    -0.000571150096
       4        0.016628572438    -0.002480992245    -0.001384939690
       5        0.002833898743    -0.003213621510    -0.000831296689
       6       -0.006974831610    -0.006137037294    -0.001584850431
       7        0.006931755471     0.007710856312     0.001975800259
       8        0.004163611805     0.001886655598     0.000801688619
       9       -0.000124101305    -0.002231501166    -0.000571947289
      10       -0.000101825041     0.000606461848    -0.000039500405
      11        0.005286593524     0.001404846607    -0.001614855666
      12        0.007518986750     0.012903312196     0.004967941096
      13       -0.006504608651    -0.003564414690    -0.002409617612
      14       -0.001251683625     0.000353460791    -0.001971397991
      15        0.006509764339    -0.003210282619    -0.002501549297
      16        0.004527111599    -0.000331904724    -0.002666048940
      17       -0.000244263180     0.000400421700    -0.001138195452
      18        0.000933069058    -0.000577446698    -0.000030445483
      19       -0.000004507666    -0.000016501150    -0.000114869941
      20        0.000279416711    -0.000116139411    -0.000355274215
      21        0.000105636970    -0.000309223048    -0.000350949648
      22        0.000227526050    -0.000154433416     0.000266199767
      23       -0.000919981863    -0.000572959895     0.000881404855


*** tstop() called on ubuntu-32gb-hel1-14 at Tue Sep 29 23:05:53 2026
Module time:
	user time   =      31.77 seconds =       0.53 minutes
	system time =       2.17 seconds =       0.04 minutes
	total time  =          3 seconds =       0.05 minutes
Total time:
	user time   =    2278.23 seconds =      37.97 minutes
	system time =      99.35 seconds =       1.66 minutes
	total time  =        161 seconds =       2.68 minutes

    			-----------------------------------------

    			 OPTKING 3.0: for geometry optimizations 

    			     By R.A. King, Bethel University     

    			        with contributions from          

    			    A.V. Copan, J. Cayton, A. Heide      

    			-----------------------------------------

    
	                            ===> Fragment 1 <== 

	 Z (Atomic Numbers)          Masses                          Geom                  
	       6.000000            12.000000          4.78637600 -4.38265837 -1.26896228   
	       6.000000            12.000000          2.66771310 -3.68682090 -0.76397200   
	       6.000000            12.000000          0.18557091 -2.63748963 -0.57106700   
	       6.000000            12.000000         -1.71181948 -4.36730544 -0.98626540   
	       6.000000            12.000000         -4.25026590 -3.66775931 -0.62553013   
	       6.000000            12.000000         -4.79911391 -1.27097553  0.23096400   
	       6.000000            12.000000         -2.84299145  0.56926791  0.66408697   
	       6.000000            12.000000         -3.45887145  2.97964329  1.66691341   
	       6.000000            12.000000         -1.61783088  4.72959932  2.17004734   
	       6.000000            12.000000          0.91125707  4.18947791  1.54542629   
	       6.000000            12.000000          1.60347177  1.91448317  0.45723240   
	       6.000000            12.000000          4.28440216  1.90008414 -0.44695103   
	       8.000000            15.994915          6.11511101  2.31430407  0.84738235   
	       8.000000            15.994915          4.39865384  1.51756271 -2.98028334   
	       6.000000            12.000000         -0.25610224 -0.05298350  0.12540054   
	       1.000000             1.007825          6.66453633 -5.04248814 -1.64918443   
	       1.000000             1.007825         -1.22155096 -6.27009910 -1.56437434   
	       1.000000             1.007825         -5.74338963 -5.03607399 -0.95484502   
	       1.000000             1.007825         -6.73948934 -0.71927912  0.61796220   
	       1.000000             1.007825         -5.43239194  3.39884656  2.05160800   
	       1.000000             1.007825         -2.09923196  6.55089136  2.98148856   
	       1.000000             1.007825          2.36336999  5.60642484  1.85041408   
	       1.000000             1.007825          6.19258698  1.46334775 -3.39749111   

	 - Coordinate -           - BOHR/RAD -       - ANG/DEG -
	 R(1,2)           =         2.286468           1.209947
	 R(1,16)          =         2.026680           1.072473
	 R(2,3)           =         2.701729           1.429693
	 R(3,4)           =         2.600912           1.376343
	 R(3,15)          =         2.712898           1.435604
	 R(4,5)           =         2.657669           1.406378
	 R(4,17)          =         2.048218           1.083870
	 R(5,6)           =         2.603726           1.377832
	 R(5,18)          =         2.051865           1.085800
	 R(6,7)           =         2.720387           1.439567
	 R(6,19)          =         2.054068           1.086966
	 R(7,8)           =         2.682327           1.419426
	 R(7,15)          =         2.714659           1.436536
	 R(8,9)           =         2.589386           1.370244
	 R(8,20)          =         2.053900           1.086877
	 R(9,10)          =         2.660483           1.407867
	 R(9,21)          =         2.051168           1.085431
	 R(10,11)         =         2.615134           1.383870
	 R(10,22)         =         2.051679           1.085702
	 R(11,12)         =         2.829336           1.497220
	 R(11,15)         =         2.727463           1.443311
	 R(12,13)         =         2.279994           1.206521
	 R(12,14)         =         2.564595           1.357125
	 R(14,23)         =         1.842606           0.975065
	 L(1,2,3)         =         2.969721         170.152486
	 l(1,2,3)         =         3.141593         180.000000
	 B(2,3,4)         =         1.982867         113.609904
	 B(2,3,15)        =         2.138757         122.541773
	 B(3,4,5)         =         2.094459         120.003633
	 B(3,4,17)        =         2.080935         119.228821
	 B(3,15,7)        =         2.009158         115.116268
	 B(3,15,11)       =         2.223642         127.405294
	 B(4,3,15)        =         2.160145         123.767164
	 B(4,5,6)         =         2.080919         119.227871
	 B(4,5,18)        =         2.091778         119.850039
	 B(5,4,17)        =         2.107686         120.761514
	 B(5,6,7)         =         2.121749         121.567260
	 B(5,6,19)        =         2.104055         120.553460
	 B(6,5,18)        =         2.109780         120.881516
	 B(6,7,8)         =         2.097056         120.152473
	 B(6,7,15)        =         2.092738         119.905067
	 B(7,6,19)        =         2.057341         117.876945
	 B(7,8,9)         =         2.113783         121.110821
	 B(7,8,20)        =         2.064685         118.297750
	 B(7,15,11)       =         2.049035         117.401042
	 B(8,7,15)        =         2.093203         119.931694
	 B(8,9,10)        =         2.086400         119.541887
	 B(8,9,21)        =         2.106073         120.669105
	 B(9,8,20)        =         2.104635         120.586683
	 B(9,10,11)       =         2.124602         121.730731
	 B(9,10,22)       =         2.091746         119.848214
	 B(10,9,21)       =         2.090067         119.752015
	 B(10,11,12)      =         1.969494         112.843684
	 B(10,11,15)      =         2.091727         119.847149
	 B(11,10,22)      =         2.066117         118.379806
	 B(11,12,13)      =         2.187665         125.343979
	 B(11,12,14)      =         1.937618         111.017353
	 B(12,11,15)      =         2.218658         127.119747
	 B(12,14,23)      =         1.845668         105.749014
	 B(13,12,14)      =         2.155675         123.511084
	 D(2,3,4,5)       =         3.036873         173.999994
	 D(2,3,4,17)      =        -0.089248          -5.113506
	 D(2,3,15,7)      =         3.325960         190.563491
	 D(2,3,15,11)     =         0.126623           7.254946
	 D(3,4,5,6)       =        -0.040305          -2.309286
	 D(3,4,5,18)      =        -3.141826        -180.013344
	 D(3,15,7,6)      =        -0.113100          -6.480150
	 D(3,15,7,8)      =         3.007695         172.328211
	 D(3,15,11,10)    =        -2.949839        -169.013335
	 D(3,15,11,12)    =         0.285619          16.364789
	 D(4,3,15,7)      =         0.123506           7.076355
	 D(4,3,15,11)     =         3.207353         183.767810
	 D(4,5,6,7)       =         0.046350           2.655632
	 D(4,5,6,19)      =        -3.085334        -176.776604
	 D(5,4,3,15)      =        -0.048731          -2.792109
	 D(5,6,7,8)       =        -3.086427        -176.839238
	 D(5,6,7,15)      =         0.034321           1.966465
	 D(6,5,4,17)      =         3.085575         176.790416
	 D(6,7,8,9)       =         3.104523         177.876083
	 D(6,7,8,20)      =        -0.023315          -1.335833
	 D(6,7,15,11)     =        -3.203031        -183.520183
	 D(7,6,5,18)      =        -3.135740        -179.664670
	 D(7,8,9,10)      =         0.066110           3.787817
	 D(7,8,9,21)      =        -3.114188        -178.429801
	 D(7,15,11,10)    =         0.132860           7.612302
	 D(7,15,11,12)    =        -2.914867        -167.009575
	 D(8,7,6,19)      =         0.045512           2.607643
	 D(8,7,15,11)     =        -0.082237          -4.711822
	 D(8,9,10,11)     =        -0.013602          -0.779310
	 D(8,9,10,22)     =         3.086553         176.846437
	 D(9,8,7,15)      =        -0.016219          -0.929300
	 D(9,10,11,12)    =         2.972474         170.310221
	 D(9,10,11,15)    =        -0.087932          -5.038139
	 D(10,9,8,20)     =         3.193634         182.981755
	 D(10,11,12,13)   =         0.999750          57.281447
	 D(10,11,12,14)   =        -2.072021        -118.718055
	 D(11,10,9,21)    =        -3.116849        -178.582274
	 D(11,12,14,23)   =        -3.100750        -177.659876
	 D(12,11,10,22)   =        -0.128268          -7.349193
	 D(13,12,11,15)   =        -2.230172        -127.779457
	 D(13,12,14,23)   =         0.109148           6.253712
	 D(14,12,11,15)   =         0.981242          56.221041
	 D(15,3,4,17)     =        -3.174852        -181.905609
	 D(15,7,6,19)     =         3.166260         181.413345
	 D(15,7,8,20)     =         3.139128         179.858784
	 D(15,11,10,22)   =        -3.188674        -182.697554
	 D(17,4,5,18)     =        -0.015946          -0.913641
	 D(18,5,6,19)     =         0.015762           0.903094
	 D(20,8,9,21)     =         0.013337           0.764137
	 D(21,9,10,22)    =        -0.016695          -0.956528
	 L(3,1,16)        =         3.087907         176.924063
	 l(3,1,16)        =         3.141593         180.000000
	 L(2,1,16)        =         3.102131         177.739040
	 l(2,1,16)        =         3.141593         180.000000
	 D(1,16,3,4)      =        -1.354246         -77.592593
	 D(1,16,3,15)     =         1.830173         104.861195
